m1,m2,m3,m4
-1.08595717864853,-0.62425491137574474,-0.8838871363252313,-0.32422394252022169
-0.97772385318054766,-0.89476036431056039,-1.0466253282686824,-0.816989764088495
-1.1756674546765036,-0.57533591904112014,-1.4608264376113456,0.12888305960762966
-0.75274683635209316,-0.77169391364281503,-0.9062522396308974,-0.2682733794510474
0.80632130631307319,1.9755412041161773,-0.50397706298742428,-0.24004064786741192
1.070303906040506,-0.16639850861705879,0.7746885305806025,-0.085341776877365091
1.1935082261285777,1.3447743625955848,-1.0290686534945994,-0.58687356779898081
0.71632922014866052,1.3117491709131992,-0.7303029478046561,-0.77014098094070771
-0.70835105290203226,-0.69977416205819232,-0.56890128687104013,-0.66010639400095039
0.50099251181015958,-0.58607434365600597,0.8129541872668804,-0.41564722621991829
-0.89273540096457205,-0.53587595045212577,0.86747351784709414,1.8279821518795487
1.3425909037274779,-0.3568022753743324,0.57936781593941211,-0.55958405523297716
-0.81702355415035399,-0.84174637919712147,1.0413279990377529,1.7446609579435255
1.2038416108815593,-0.50423079088848388,1.3017437564578371,-0.2870014282405679
-1.0748014810397306,-0.74091009194544799,-0.95608319513888407,-0.73551379128576144
-0.87678439297510857,-0.73112641290268776,-0.73934770752809365,-0.46110615317331377
1.2483610767070104,1.8044532727172493,-0.92368254074206757,-1.0705239012120318
0.68215791952997684,-0.53694124055829295,1.0688743935626297,-0.48974842606335778
1.2240241357703663,1.8473473122087398,-0.71107126089293582,-0.29081404929845861
0.66352383193090259,1.4374594385523014,-0.80593658737869867,-0.38674322254482163
-1.0621046324430261,-0.54692818135515686,0.56047167359032701,1.6195930781455699
-0.33642065605096161,-0.61781295117617263,1.2797582780485413,1.8316503606618963
-0.82743208827305281,-0.2964636435695257,-0.93791456472777013,-0.099931842329674711
-0.9672687043356798,-0.57758029703784775,-0.41299645890308817,-0.58815760090647151
-0.71860984255231386,-0.78316280292479123,1.5902178322207909,1.0137116658772753
0.93447412232862315,-0.37795809601718749,0.78508844272809997,-0.45430096836100875
-0.80159386893203621,-0.42968212089125679,-0.50658802273545578,-0.3657627690132792
-1.0262600689834971,-0.35213034229813989,1.0533861959063151,1.764477209339834
-1.49368399855926,-0.52452318892912475,-1.0344038189909497,-0.13402878709438568
-0.83633081058876391,-0.79404963924388139,-0.92375380023171239,-0.72675171740218292
0.87224674908944888,-0.9672112853668573,1.1143312639398193,-0.51736208419179419
0.85780476769536573,1.9518739007591202,-0.97509961900896913,-0.11942771027192335
0.9920365995973337,-0.32009342167967153,0.78132889793296467,-0.76919205372625776
1.3032652893623489,-0.55977443459264231,1.0626310359199491,-0.76131362912593692
-0.8774619613088912,-1.2103409453207294,0.74306750418941458,1.5237888892190379
1.1868494469424125,1.6319202076764721,-0.97288447291399782,-1.0253532060924295
-0.79990717666325917,-0.35115776650734681,-0.67032772240986427,-0.58109383658938785
1.0147730021446506,1.5262607975179856,-1.2266800685193633,-0.89694695809988167
1.1471735358225608,-0.48679988214450348,0.97607680281329112,-1.0482536948511219
0.95899859027267453,1.380296563347752,-0.77247731752928728,-0.3682614938907382
-1.2365854644659304,-0.43281481507971858,1.0177876586048724,1.3875041639401877
-0.86533279760985571,-0.92606770702163244,0.90803986618896326,1.9862002620389922
0.46161581250163353,1.5101493208058447,-1.1453980529993213,-0.62970090570796433
0.76188350249478842,1.9879956556332068,-0.96923010146096134,-0.52451162128690942
0.97731194202459748,-0.62950929245236598,1.3348228946072251,-0.10968928612047636
0.95378109008629497,-0.19024618810788993,0.90063772950569965,-0.44692873750032652
0.89342972594388059,-0.47244038033593466,0.90682066456884891,-0.67784440075313623
1.2209778842451173,1.9869718245511618,-0.88056292718003426,-0.68399078688012205
0.74249376419591617,1.6398697174496368,-0.90491450677239915,-0.54328872401816575
-1.5537603076945048,-0.38804617306426398,-0.54741024031365337,-0.5524641935169935
1.1725905584196006,-0.42755709776166551,1.4260326318631737,-0.64520609373178506
-0.93566393497395473,-0.67207853141233609,-1.2231258168519992,-0.63430320401519613
0.96593265541059969,-0.14344564559433379,1.1380993937906263,-0.53403780325438766
0.9002034231582301,1.8957210469208379,-0.83435716318075237,-0.43752513276189547
0.59896622777456432,-0.79055066890156078,1.0028946048224079,-0.82739832758279885
0.76967243212854852,1.9755841204636713,-0.89267782813732455,-0.78644045623725878
-0.82818798146467065,-0.69831136791443515,1.2238709135434165,1.5604404191731907
0.99552811229287896,-1.2700059285670398,1.1908097538916191,-0.68648475684774235
-1.2760130177732631,-0.62942292197517724,0.74698292441211389,1.5597080840290645
-0.80708891832716179,-0.81783666221387341,-0.68015023749943204,-0.56315194414384473
-0.76333506846058441,-0.67913614600342465,-0.59929365902997855,-0.12302084153050262
0.95985474805821569,1.496645330889707,-0.83468982330659636,-0.70138921272370558
0.98734435978736623,1.004335230899654,-1.5712552351280002,-0.77324850550695534
1.3187457823905553,1.5232007769588043,-0.61868115186476191,-0.20056720405322079
1.0829445196294476,1.9150659092394624,-1.2967705851300795,-0.70662648906682946
1.2747460342713466,1.2072242820201455,-0.58275580439964236,-0.96367931215695624
0.98067449526086181,-0.18232031419442166,0.96963586704244975,-1.0400920567567544
-0.60220374599409254,-0.16122557498673731,0.79905921811869929,1.3347766657948918
0.97355918480838854,1.4044890608186951,-1.3367024500505353,-0.88525575438372539
-0.732794921184033,0.043321943327223611,-0.73211321570122911,-0.6013776596079542
0.91100091416008522,1.363749124531366,-1.03558768336435,-0.96752820751317292
-1.1965275478990933,-0.5317078927410871,0.95335828360017161,1.745717206502478
1.2240032583793938,1.5522141399791736,-0.92324298558971474,-0.78409348015827951
1.524920734072106,1.9943612972352478,-1.0196203738065539,-0.64026056601172587
0.91539477355925225,1.322558566595351,-1.227985826411383,-0.43379142213293387
1.3326283236088468,-0.69361157639237569,0.43306834783175352,-0.45694222199016893
-1.0012255483643118,-0.96802603204059823,-0.75380913835938124,-0.91602547403895085
-0.73145941480665189,-0.34603348556799618,-0.73269730835942126,-0.77014755351691133
-1.1761135934362437,-0.41710113785341374,-1.0190075120769917,-0.59691638850194828
-0.88206853799666352,-0.60463057825371147,0.84248989328289248,1.6259191893272606
0.81362063341517943,-0.78504857272853312,1.2280054119532511,-1.1022764251678707
-1.2604839801921539,-0.83030011660330416,-1.1301181024120701,-0.91383866334401076
1.1434314944353465,1.6821646277335394,-0.81828406198040049,-0.43992268738320278
-0.5719448545869632,-0.9439958518443351,-1.2692966837997399,-0.75134596826858402
-1.129459091061437,-0.020136090814608786,-0.74198804451187883,-1.0067929621542788
0.78567338188568669,-0.86471315816420713,1.0605922372241057,-0.67429638186629492
0.74181940599194007,-0.58993079973694995,0.99049537253563202,-0.97002652407427448
-1.0526567816274848,-0.73049714133470012,-1.0063711651850724,-0.32338966000171554
-0.79140254974384083,-0.63942932252057216,1.265305048748371,2.1725908310191304
-0.7805735232581662,-0.59151460649467447,1.2657826836792063,1.6713901418559545
-0.84317337547997151,-0.42547189707209104,-0.64918236807225782,-0.62476803579498263
1.1677399829984532,-0.79125391539896939,1.5486244853722246,-0.61729240210967873
-1.055152807666099,-0.82980113439225045,-1.1039715632894762,-0.52448286791245569
0.95100291904158585,-0.35948551642852022,0.7687913980255433,-0.64547406780565642
1.1497142958283357,-0.032352643420220997,1.4745957047261489,-0.92051065799485177
0.92569379375718197,1.8499029594562852,-0.90894921988697241,-0.40312602072126014
-1.1697043960689268,-0.45130125749845507,-0.65500594169709769,-1.1534966300658067
0.67088265035949646,-0.51962493917669494,1.0455025320401603,-0.7271270128205567
1.6182792533419017,1.6782949329154508,-1.2685657512991131,-0.64391904764472208
0.59601013701740879,1.142029994805011,-0.69884433026412562,-0.64284068414499651
0.99796928899127246,1.8106795424185178,-0.81292078191339789,-0.34320327709894433
1.4408363952858687,-0.70487634745229855,0.71270330452154607,-0.99668555173075368
-0.75144824646748798,-0.49037709647742062,-1.0578674206626903,-0.91130815564815648
0.94806511909599023,2.0593797761456734,-1.0282908981284691,-0.69486554228254094
-0.82216332993483343,-0.60715873553578659,-0.94567447872592469,-0.26139698953462104
1.40611415325232,1.8129944756971987,-1.0806214450917346,-0.97934672690384583
1.0352378337007657,-0.75995106084552511,0.86491742031851437,-0.34355213732605444
-1.078449239297913,-0.19396049706633328,1.040973618755348,1.5994602893718579
1.328684713783129,-0.18822133853197873,1.0120421385346496,-0.41108791308791776
-0.51165286629874129,-0.36361671946057694,-1.4716227107598485,-0.26401706339918135
0.76226797904889099,-0.35685767358031772,0.79618821886427971,-0.69377902562716409
-0.77905579005172776,-0.49082751230822719,-1.0318749614347182,-0.5900712249082366
1.0212241159551254,-0.46925261326652268,1.1095886474826155,-0.77271341350641365
-0.78303473439977711,-0.43629272560547822,1.1150424339939968,1.1563309320948711
1.1135986265141331,1.612173801314464,-1.04773261026607,-0.43299329536929504
0.98638510833666926,1.5102691466473623,-1.141280525271813,-0.5591811984604832
-0.84426675954877439,-0.65127468590036608,0.89037923584955936,1.464886594031183
-1.2275691798064747,-0.42855524808379319,-0.97617814786310164,-0.068244122131193657
-1.272644344505353,-0.67318065295998264,-1.0116651260964165,-0.54498050546225385
1.1587109732920662,1.142673102645922,-0.98826583925626288,-0.51943784930190806
-0.92614857400272577,-0.37246496288084252,0.95513129708421141,1.3131379009233599
0.96055589583467849,-0.50711765221824268,0.45426508916376196,-0.31655831659955014
0.6015112371608029,-0.7508696058500629,1.3330315319349226,-0.85925069147375432
0.85875903074290993,1.5949970643729448,-1.2528904938624548,-0.8066190027859832
1.0358369963461067,-0.4619014758222928,0.70882476802070782,-0.6628367264534869
-1.059208425618162,-0.13027720521444935,-1.014930812451776,-0.14374239614850293
-0.9272531834220259,-0.28378250025657548,-0.79296385028604877,-0.66836698295449504
1.0806334109243689,-0.73220163206171351,0.91659040257399471,-0.42469624113074117
-0.9781157690372686,0.088977288602764909,-0.80187686422785087,-0.83194665568763748
-0.84674448322859919,-0.22336536552900149,-1.0483595466570836,-0.4536407734971773
-1.0026565561034393,-0.43941410644986056,-0.9970770551682957,-0.24390916875177152
0.91714422502047133,1.7591280858773788,-1.1535859148981626,-0.44610011872484151
-1.0052235514146841,-0.7024188421367854,0.8753145522859721,1.6318031597514331
-0.79762352726997932,-0.42520389563599287,-1.3786142433544921,-0.32979727639692885
1.1820321275422829,1.8354010582323312,-1.0261601739380184,-0.68897182495177411
1.5340977330720229,-0.60270182238996817,0.54323261121762267,-0.66500306864457859
0.76255804545443684,-0.44663560518722689,1.0290781550917816,-0.77320531617354549
-1.110616991669787,-0.80099866166609468,-0.29796525867590273,-0.48363837350642724
-0.79640031769968156,-0.25677627319591784,0.54758266625320862,1.5968274654997523
1.3718724607224817,1.6336396235193837,-1.2726127898785293,-0.55326046145334429
-0.66098300102625807,-1.0587695416304017,-1.0208369342556305,-0.049943119565465488
-1.0548803392383417,-0.69180742997602396,-1.1601696129140471,-0.73782445355192849
0.83348112916712869,1.7304642148947693,-0.89727949525855299,-0.83952824746767019
-0.55177625565695765,-0.40768145104997983,-0.54429541926974445,-1.0271891018069774
-0.58747426167941685,-0.87909122341763868,-0.64889499012881191,-1.0881077948823139
-0.89627719029744801,-0.55489028917432559,0.83227124887398907,1.2224655373477957
1.386523770293306,-0.59709363041976349,1.2697351729691029,-0.051663264178456215
0.98929704248813977,1.5303040698405421,-0.75389643601263046,-0.34237797754029953
-1.136292360432881,-0.82409599556157143,1.1207112210951216,1.8952876503873697
0.97938822627015454,1.2942851918835028,-1.1583757017433749,-1.0089712113772102
1.0097336064263898,1.7184595351977625,-0.76009094357519535,-0.39324281549239887
0.6285902294082174,-0.86650608418648944,1.1515773359328394,-0.8700610646066681
-0.9860190364509297,-0.78186079901983474,-0.64081782573188817,-0.79746238992925444
-1.043466087613357,-0.3627108817769944,0.80250534395068263,1.6417913681416068
-0.83193719368141683,-0.70779678365354193,-0.97554121440802821,-0.40963973351190391
-1.0696478947687451,-0.48719000661522466,-1.1383759900956636,-0.63630442175423141
-0.83404499031633439,-0.2955946406470657,-1.3529353884350079,-0.65622055260014245
-0.82147476863854763,-0.5146054859308129,0.91835692897127508,1.4700776384254599
-1.0110860971629028,-0.54930686174251087,1.1032943198725389,1.5742980967953926
0.98103938771369825,-0.73090948085782148,1.0840106204259075,-1.272362105366849
-0.39250360989571581,-0.77449246582374698,-1.3098345121280344,-0.87791920510407606
1.3510346074639479,1.426361101124646,-0.65120499538753651,-0.61482069855502874
1.3525993032528447,1.7524781765874824,-0.73740802225066848,0.00016541112088349659
-0.93264030952324883,-1.0679295261057768,0.8222731654149088,1.4070188407778645
0.7959251046315019,1.7698236045186559,-0.81849163717262108,-0.8329019052198785
1.1239266533526175,-0.88474906397177888,0.58070007821447778,-0.66371982911968552
-0.93079524844500672,-0.52435557350387241,0.77806033293285559,0.96867052558640743
-0.1128009352219928,-0.23165382415307265,1.1878110517007052,1.7602442068348223
0.54203367497063637,1.7953964361958754,-1.0521483354710124,-0.092267349157607398
-0.9933035802124428,-0.64287059746380215,-1.1356371536498853,-0.094097870902032948
1.3360827004142553,-0.48596849077967846,1.0334182014792241,-0.77669871286897152
-1.4340054221976071,-1.0130022048713321,-1.1814430177106527,-0.517490707137229
0.93079157226789666,-0.71786065386228881,0.59480587768234272,-0.32757503437936825
1.0688168076339843,1.585835486468826,-0.91467515996006088,-0.24189732820169779
-0.99721036881002822,-1.2868067225536557,-1.0001640512436396,-0.33791884680229584
0.77453889653751584,2.1295199599523142,-0.99845287070129718,-0.92734653239143394
-0.97456777306852549,-0.48228238550999658,1.1687460597505372,1.189763559317691
1.3023302409047262,1.9378258080413393,-1.0366870939770001,-0.47195956416744039
0.67769865662280782,1.6521078875718704,-1.0185955704836798,-0.49764683182219727
1.3200697415384164,-0.4407711765964808,0.65588105814170905,-0.99247944541934463
1.2036487259596549,2.1677193334508704,-1.3899579802891631,-0.34451881971630083
0.70365294871496076,1.6648963217535555,-1.0610566115226634,-0.36385635311237069
0.64226233391573395,1.7409602362573495,-1.261767909915664,-0.91099522726049198
-0.93812037133615911,-0.42445599329804529,1.0090178586873697,1.6640086250910167
1.0577116984377128,1.7594724789431591,-1.032818201225675,-0.53620968735216801
1.2669192297247605,-0.39873539766200383,1.272154856330397,-0.67666160046640034
0.98242450098909795,-0.63319214447169636,0.87477093441552578,-0.27657055223305987
-0.84842331183407305,-0.65345677369683697,0.90014823247336129,1.3650799564550851
1.290873356908353,1.3484556079075989,-1.0889014583748113,-0.55642424229965504
1.2633115057113244,1.5682958726881009,-1.0149725209444145,-0.78887809171906198
-0.75410249264498697,-0.68152726509390815,0.92002170077909928,1.4995672467859495
1.0664569234314127,-0.72417315461573117,1.1467691072266968,-0.34770634794559557
1.0797159142556167,1.7931998415585515,-1.2645220952720786,-0.45473375735679461
1.2707346191138866,-0.49146711460590237,1.0519812782595428,-0.64636645637611068
1.2473907399159743,-0.85974721092767736,0.93752423154690734,-0.86189270904964754
0.97685300893454907,1.5442125782003848,-0.51507095440918649,-0.54684965755624471
-0.86139123741737778,-0.50169487560021342,-1.3225120636049599,-0.81037071884915379
-0.55267125832260455,-0.47697459469367637,-1.2502983234978586,-0.72599793906354904
1.3332119667777127,1.68817015443953,-0.99076505024679939,-0.93007047666870246
0.76396680745589374,-0.73217539360173578,1.1829659392727014,-0.94303404684030079
1.3278265236851923,-0.12209964923093176,1.1049168329437582,-1.0613112304708892
0.97119449695833648,1.7801913017530859,-1.1026008650253605,-0.66259785479869737
-1.3120142078540031,-0.73291470470304076,-0.94646263044499279,-1.0159228368753497
1.2916240192049981,-0.23758374266518009,0.5293043725816321,0.10446495114918539
-0.92651303920806993,-0.68165795280802788,1.0619313572766029,1.6636590009171734
-0.72133438826313157,-0.11856632722061398,-0.65541849724683499,-0.84161316347421167
1.4419519500353501,1.665684112924384,-0.94672933731543973,-0.26043565477150621
1.2421987360123752,1.3755177643171563,-1.0521706811680822,-0.622196340833019
0.90895160424268717,1.7758720475721403,-1.2324289943101348,-0.61636066369672315
0.95978731223781799,-0.24009835912257796,0.84353097803512456,-0.73935457300081298
0.76166881640355,1.4419764903546173,-0.63628212417414542,-0.69777217520097912
-1.1371775825951242,-0.84750375593344429,0.91094181811449249,1.2962530975428193
1.1049581579866399,-0.49490469146658994,0.84517406443863841,-0.62292722381977739
-1.0157247578278967,-1.0614974385251283,1.3100561240861268,1.3452961596234374
1.1441825262433363,1.5699800206414878,-1.3720651585801029,-0.50119283547024274
-0.7526341931281243,-0.7239209414027673,-1.0256874969949208,-0.13519773096796298
1.0756505504418385,-0.39377246466151411,1.008377490551539,-0.45388709363261437
0.89847817469008529,1.1648453449271645,-1.1154346510364386,-0.52333679304776304
-1.2943832280833432,-0.97723071219223101,-1.1154237156616154,-0.27226958481179475
1.0178022561480458,1.5866332631264477,-0.87936025025503139,-0.50078092988041023
-1.1874177075860655,-0.8083461475027871,-0.80887455421982657,-0.97826547884662807
-0.79597494085861864,-0.46987810708053074,-0.91507147462473248,-0.33663446794305091
-0.76648145756023178,-0.64236184222312098,-0.96294282493770955,-0.777944354360251
-0.87268395445166302,-0.72281435825463869,0.79329164195349411,1.4990091968689292
0.74981710953542435,2.0455256568202782,-0.8113537797703062,-0.72230612696144836
0.81560213800083525,1.1041699154002553,-1.1701682987454693,-0.69654993945702171
0.87689058291326794,0.070191294858807249,0.96248932157751044,-0.83375631378335269
1.0253803795596861,1.7192122709362323,-0.8359277216374783,-0.36935646664616062
-0.3983183789817949,-0.76443838192320035,-1.1964347447163626,-0.39378056813501094
-1.1601835898572774,-0.86537089899241348,-0.89539963598035899,-0.64058804231605737
-1.4475660728457953,-0.85514913327375008,0.93520611742973336,1.4405909804799397
0.96316372214950663,1.8489307554655323,-0.74419432588695245,-0.46362136876301102
0.79604926044330249,1.9292754694032599,-0.59731718270336032,-0.5099379576392441
-1.4511908867589209,-0.75698377783922033,0.67676984819797714,1.7699384274477137
-1.1494057984289836,-0.27116403180753956,1.1591581455199933,1.8174963770792221
-1.0329981949573099,-0.50969935866503191,-0.94423096146492302,-0.61527721599977392
-1.2023847876953475,-0.73744786341423985,1.0059965443654657,1.7252771530841227
1.1575279827221872,-0.21431251257948669,1.2472920769252582,-0.82163213667047497
1.2021588562180485,1.8595381043829975,-0.82944736523048934,-0.19738386435946256
0.91564437847255953,-0.90172837509196802,0.97774972981589869,-0.36996859872328497
-1.2905836122097416,-0.34511986664071576,-1.0208896707957602,-0.055576199345297721
-0.80801901302332035,-0.21267911533158301,0.91910516809264964,1.2455226088437792
-1.1448880141626065,-0.62696158579139294,0.97147634622878842,2.0988222377774801
0.79821755301367603,1.4995192389716376,-1.1299937009393732,-0.76267727404448671
1.0258176962360728,-0.35652099536537096,1.2723561413652775,-0.7926171499751552
0.76422287881773243,-0.1559881606065921,1.1164690370450792,-0.63620882304063309
0.92264661845357165,-0.69038524170808246,1.147206522219623,-1.1324507932311088
-1.1253833000994022,-0.45327317868293349,1.0312607817683499,1.6904047233563619
-0.85495308537203918,-0.086371789942259303,-0.90390515372089209,-0.63678716364631394
-1.1428959785036283,-0.63502071018354356,-0.92223341533664205,-0.30495860209042802
-1.1423041137073442,-0.66685310758348626,-0.66774915175929617,-0.63493927528520622
0.76753739557919298,1.4778951361781885,-1.0429352416382076,-0.17192739423281625
-0.94358101756518398,-0.85954941330630696,-1.2055171758793393,-0.80538496538214921
-0.66370278927851345,-0.9326867569081948,1.1339832445690545,1.8973704326116567
0.78451052968409063,1.8162627042788755,-0.76212004639315001,-0.019770858941491009
1.0418572599287261,-0.64818662763458401,0.68105336425794427,-0.4012297732147988
-1.0986815442931812,-0.94810649964559968,1.1915728206398726,1.6958438133519731
-1.1992040802295663,-0.43303843952530796,-1.0485136381357889,-0.57824938053819419
-0.69248758445956093,-0.73172531637453719,-0.99632803701730588,-0.68919651749176769
0.85882184767149949,-1.0281589787517538,1.1323573952817874,-0.5426039066901247
-0.56934963784677106,-0.74830417229431756,-0.96001247101145615,-0.86872718726771769
-1.1058584245734557,-0.85598828596441368,-0.59383220385532087,0.17948636434710727
-0.79341354595369107,-0.59151572355461657,-0.71119365831918735,-0.58105226981956726
1.2493635609850309,-0.37008468574510173,0.65479808534354422,-0.75555671094637322
1.4888209537457229,1.9229300112319712,-0.88698807963710813,-0.77885849565535503
-1.1393311639950892,-0.43992329988344614,1.0374036822389263,1.8872623109273801
1.0089164320877086,-0.77691786355007697,0.85492156100346595,-0.64870455486719159
-0.72859267651152315,-0.44065202796217923,1.4748761322194952,2.029448287632365
0.87452811213128367,-0.85874231509053522,0.41731890592436682,-0.22152711005194242
-0.8078603887314022,-0.38037451742826189,0.78120100965113448,1.8758962587466175
-1.0462660482801707,-0.61395946949554991,-0.7506531474827165,-0.51031749427913597
-1.2096244156208344,-0.67877462357865082,-1.2240210579929773,-0.80633581563492718
0.4710641252063556,-0.40631070397331048,0.69106108567449576,-0.48046221227766089
-0.8265082290808351,-0.47522979021945028,-1.172050318455236,-0.71630424531047343
0.91166843640418538,1.143439010728672,-1.0482633698038324,-0.8836655597443307
-0.54678378787946658,-1.1011191596345005,0.81592508765739624,1.9726692375026595
0.73162237092513227,-0.018098945280226271,1.0832720192620042,-1.0842895364243927
-1.0597098063239263,-0.52032221363595821,0.60575441202435798,2.375855244695638
-0.75846406599041571,-0.20864277442406104,-0.48250026485274139,-0.66878777930372102
-1.0068281832968764,-0.18946798406666851,1.0833865626796435,1.6432699475289991
1.1046161752371715,-0.58840554982573068,1.0010891559045705,0.074304702929013838
1.3056442033991698,1.3095551257618649,-1.2439205441502543,-0.37762235712660297
-0.44009145173817626,-0.95134795862438404,1.1630672640012691,1.5979045777074152
1.0031001387673328,-1.2140787042388492,0.99886130496602166,-0.87918377403424253
0.7963164171454804,2.0782483094985489,-1.0510742013285574,-0.7921431341987738
-1.1982972301064316,-0.58977723138196536,0.96226987269970332,1.7057188522536877
-1.0732057924868017,-0.33682352054436387,0.84232048764580147,1.748959291065711
-1.0453032633772406,-0.62489345470723412,-1.2558891728852015,-0.92060090908131842
-1.2276782087476039,-0.23295767377965715,-0.85819491337338905,-0.42820155802950227
-0.80717701214117088,-0.49037274110552148,-0.54873791529165339,-0.66653818009021892
-0.61512759002870399,-0.48744915788250953,1.1047948757126795,1.5999342524622577
0.88809730772931672,1.5847328337782649,-1.1234187257383637,-0.43835036646306325
-1.1880028288003099,-0.59363695731147692,-1.4457483165108993,-0.79827517656727109
-1.2423008580947592,-0.32259741527877889,1.20160797316615,1.410090644248593
1.1701959401506323,-1.2920413484334996,0.70460037712292023,-0.47414155409506487
0.9984821707376389,-0.79882060391648768,1.0497597290624174,-0.10465561475321405
-1.3889836518880299,-0.86526105863768898,1.0893476393756178,1.8888702870855618
-0.97491996356888977,-0.67523460916761002,-0.8605111856212867,-1.1098377065019995
-0.94607346165094564,-0.83886269808556346,-0.81845972302258108,-0.93283512086675069
0.79499522933270417,-0.38775790852597652,1.1517207932228926,-0.3417104724965222
-1.2300810255495314,-0.22969998838483391,-1.2126134464218923,-0.81445909833469599
0.88584532083938117,-0.32228505013074465,0.68516172897540473,-0.086875781917391981
0.82788099998336984,1.9478533613533053,-1.4057842478383158,-0.7141547626334912
0.83437627039952977,-0.34266646440421727,0.95325059795996381,-0.53875554313303475
-1.4815484146006113,-0.338548513387878,-0.71277650748850585,-0.35979147157461844
-0.98086618342901877,-0.83333878521732163,-0.70849887614295626,-0.61782562705074784
1.2117018562048358,1.1798501322625941,-1.1222317626226272,-0.44404340288994693
-0.67732276959197613,0.0038532444915270925,0.92278797991868688,1.6665529365140479
-0.46391172343717146,-0.7328790915706217,-1.3352858556475959,-0.75071025921469736
1.0528274974842027,2.1073394318416048,-1.3575328331578007,-0.70194021589068811
0.74658776513890424,1.2245837321242625,-1.1884255325532447,-0.79599337304752105
1.1079366041801464,1.6160097154431887,-0.79551501299505789,-0.54378966068470369
1.2468418308135047,1.622855935154295,-1.0437451602121732,-0.58561950807570506
1.4297216787946363,-0.52521613125399147,1.2721526321863652,-0.7610999084416098
-0.75755248150317789,-0.82516261020538173,1.0737665837059742,1.5992215165032839
1.3208621586170064,1.572284543519044,-0.46382635156150326,-0.39415538937955041
-0.84405314734988135,-0.35334882397978684,0.70977948184637052,1.7118780542456957
0.69416482116285327,1.6422730329092954,-1.316219311430239,-0.40424457045344486
-1.1463987843896444,-0.72203414914891495,-0.79529364115938983,-0.56063897841020516
-0.50747004406628438,-0.69416164127323421,-1.051868950545181,-0.39136446804818331
-0.78246609108205789,0.097219192550377628,0.71835281570772824,1.2168546910521953
-1.1013790925813807,-0.75231394277754016,0.62566513474262919,1.5320414106316513
-1.1102117531970073,-0.39928360354266157,-1.1428104930999581,-0.6338662264838737
0.77710847842817321,2.000746909810875,-0.96599933677332039,-0.56428781315765009
-0.91163325904076753,-0.8559445994596937,-0.75457498528767442,-0.99261579673970424
0.9330306262607696,1.5597446842213583,-0.83075721230398425,-0.19331803447404164
-1.1650888991463504,-0.45917384449902326,-0.97122961997766977,-0.31260807975774163
1.2734265092596213,1.9824989638393344,-0.93655368542243034,-0.52537207227389748
0.99547009901176975,-0.26619457902777394,0.9007817428317606,-0.30832465676834658
-0.769971792438366,-0.58797067656446056,-0.95636161170773559,-0.6062255667898715
-1.0345054259584998,-0.47273448744628194,1.1979186742533532,1.8312969430973784
1.0318252116773021,-0.51806265532576012,0.77733600335982322,-0.3383102773025321
1.231423600446871,1.7284851763952362,-1.2440403235736353,-0.30687373752128999
-0.78905989400771315,-0.62068314457734475,0.80445573292126094,1.5860917484027541
1.209979563827448,1.1610811350919013,-1.0132491336740848,-0.60989914295659375
0.56650539517023979,1.5848218533307399,-0.97298009952328302,-0.16035478666122308
1.032349733031025,1.7346689546633425,-0.83328059638076257,-0.92147233521684691
0.94656305548001052,-0.46814035352849503,0.73199942210568836,-0.37852397232958346
0.83999801599695023,-0.57807158763557043,0.92547307780111265,-0.33916913783145086
-1.0764984849844692,-0.4608268475597595,0.79989197471328333,1.1536929449965696
-0.5565737600112306,-0.63579627178876519,-1.1961340914132266,-0.63206990452724898
-0.84606065629641658,-1.0325624190846521,1.4450490633353135,2.0471876576343244
-0.97976743278529632,-0.6201964284479734,-1.0899150540969,-0.54140441482584567
-0.72784845756895022,-0.60490127524010084,1.1482451974824874,1.5454367160794038
0.86433865204704097,1.0220706239586743,-1.3194778677822048,-0.76513848650305238
-0.91387036443865899,-0.32622955642834467,-0.75152661054671643,-0.66958753933278914
1.3275152103773293,1.3622249568238352,-1.3608537582153257,-0.39223908168559801
0.9138256436342197,-0.40637562291603874,1.4620758126256461,-0.49288723293117553
0.80536889082225216,1.7224346087700937,-1.0318801453120841,-0.41094622731192199
0.86368868159181145,1.3979772486865758,-0.93915814360359795,-0.66210072963364019
-1.1904351603208909,-0.50545810282108483,-0.65641224943388976,-0.68883519703001117
-0.88741172400275492,-0.22905496842943054,1.2375805373556119,1.3941537670488522
1.0673740505888203,-0.5209854916290485,0.74790705625733889,-0.45034641126870972
1.1900774980492264,1.5805954429312539,-1.1310335461946708,-0.27151475275352899
1.4100211814549179,1.6683200689806059,-0.75409945866003592,-0.62264835033346433
-0.61946442920850064,-0.65468394620442294,-1.1006581099658082,-0.31002673008965131
-1.2369294102444173,-0.99388461860583421,0.86812630412043601,1.6436834271125316
-0.48140411335913069,-0.52712074335262626,0.9035296727830856,1.523228731862754
1.023532822836464,1.4105804202196734,-1.5379884811622606,-0.40346044498941408
-1.036041259447211,-0.9916715585381598,1.1804585875674858,1.284224887945411
-0.51475823963913314,-1.0898513876171105,-0.88832480757636278,-0.78011655786679479
-0.84645103348480388,-0.67135587828068788,1.0404181387833988,1.9503419722236859
-0.54378187771557518,-0.40052831040571329,1.2672647049857486,1.8045444768525463
0.98103569260025181,-0.97668004977559364,0.61877529256803021,-0.52123174770337954
-1.1161100202997465,-0.76699197099195171,-0.67143981759394589,-0.63061814889023449
0.53411347643169138,-0.45037240804810053,1.1295038184889503,-0.5059596589264902
1.2531235236724603,1.3133657574878581,-0.48797860962114076,-1.173468147049866
0.78469510060074055,2.0598516435109406,-0.81262776252128788,-0.75576454397225745
-0.7435792945331533,-0.78753296715409438,-1.1982950095173177,-0.7638031734711036
1.0190262624771804,1.5324420263001022,-1.3774088962982427,-0.55640813438400183
-0.83631980607903122,-0.247454529145923,0.82088974782711099,1.8299401736994263
-0.65168586465041367,-0.42522864689580986,-0.95561222395208156,-0.94623690669023885
0.87832927533364102,1.8863684700246548,-1.2111482683727579,-0.69342127464066028
-1.0534454804981692,-0.87749598878814383,0.703444007571705,1.4426874610594407
-1.0000281526256063,-0.28584559212233268,-0.73502095966850778,-0.55618370527391614
1.2376611367001416,-0.57216089898670142,1.0562607167221183,-0.56373305693769771
-1.0565262928813717,-0.44102519569535403,-0.93779695587203493,-0.85290872181160438
0.95035184005232232,1.664514961140924,-1.0811843620452906,-0.90046045449728496
-0.76102311680775081,-0.6176642046029589,1.1328594957969726,1.6400531522369299
-0.76510986609060017,-0.0046314979966080461,-0.34229624880964682,-0.31150844429294838
1.1763917216219579,1.2988237018595659,-1.6709100009364704,-0.73117462652784226
1.0025571418463777,-0.18805278032805312,0.90686088450675784,-0.1437522747700514
1.1684433478429839,1.5675930643835967,-0.79706518346482536,-0.62985660595506354
-0.87966315193616773,-0.76742564918166423,0.97918281995374068,1.3629400626267525
-1.0932643809611691,-0.38503322504588261,1.0780804964010429,1.4695693240750622
1.4106306904179091,1.547381164371296,-1.2608523502922284,-0.58500825190302463
0.5580476500026732,-0.32614239587607058,0.92235575459516805,-0.56921728441320996
-0.7495843850561833,-0.8262670687818523,-1.3200645552751007,-0.35774263229397185
-0.8667201164060937,-0.85668745593995321,0.95226066852046387,1.7392309299367481
0.99644911931940516,1.9979807175120106,-1.0031528461471408,-0.67342728708545196
-1.0882858968786269,-0.37205121582899769,-0.90541008255255373,-0.21479255079796117
-1.0067161347552278,-0.61495061869013545,-0.72767776280208762,-0.36893754723502881
-0.52637401351370339,-0.43544184793497642,-1.1456900066557494,-0.64266689943471589
0.96860385292103435,1.672233317517686,-0.59238945259184062,-0.7499121983085355
-1.0355338972765553,-0.54956372577561996,1.4093598921645738,1.9246824239809939
0.78695540149593057,1.5273451788922869,-1.1819931458360255,-0.45872780259229667
-1.0613601248197151,-0.4979592678108975,0.78715949151240494,1.8240041495254413
0.97155791136579428,1.6256319004827866,-1.0317300329660608,-0.56600592339201572
-1.2617881935775355,-0.22879853263029618,0.90349890545731193,2.0815121531535303
-0.68049948171634334,-1.0202349107241948,1.3132798355149273,1.613567698546805
1.0138963364794817,-0.3934576828132188,1.3727034036853245,-0.50447973604656726
1.3317366927342198,-0.71944361909045806,1.193298756408572,-0.81965823002714733
1.2214068869162495,-0.71613181023264438,0.69594437924171282,-0.68712320557267181
-0.61733821474249839,-0.58352404684341386,-0.97892002947482959,-0.54512801797852628
0.68058915911628892,-0.19845431136613861,0.87352003874295792,-0.70914614345047577
1.1258933774844875,1.2767515269034204,-0.37988321721187873,-0.22852238588583068
0.90703901352280758,-0.81277139125232689,1.0195567798368566,-0.44593318319216785
-0.95704189185074684,-0.62925123666734228,-0.66938454633136668,-0.31646796014112022
0.85178949251589897,-0.52394743664906229,0.76283291616427285,-1.0521357033467691
-0.89614307500018642,-0.5184037885019025,1.3493875164543228,1.2744769276312959
1.0129210112852927,2.1839582844624981,-0.71632413306010845,-1.0701187460135908
-1.4389613545408964,-0.50974901388825389,-0.92569885762786019,-0.42417171266950859
-0.74797687214022579,-0.58861159344084923,1.0970387294376831,2.0532296860032724
1.0270422568322244,1.7056366829552161,-1.1956211018595522,-1.1164602290161258
0.76521889664722142,-0.81046718706051946,0.85566572252744877,-0.50963337339391412
-1.2022058287322444,-0.37310663663588439,-0.98501361070990845,-0.28404450655270047
-1.1066154724880257,-0.76934581048912187,-0.74611482792210293,-0.27920680069396886
0.62299601240597291,-0.81831546099417507,1.1503149488494404,-0.24855325362815325
-0.91412243757227618,-0.45537764658173246,-0.87750372132100463,-0.51882554928821734
1.3404133733734882,-0.42028391881871557,0.71799621128129165,-0.80989812559427532
1.0359942234232529,1.236032411418341,-1.0801740677869991,-0.40931492443539047
1.1137048610257183,2.0170706312316615,-1.1998458634480116,-0.63644283441362071
0.6463434019616594,-1.1111056555991736,0.89786273913532078,-0.91128081162371033
0.63332588680118052,-0.29821184735840478,0.67831562830009851,-0.57013316619794796
-1.1545493270630571,-0.55229121435423123,-1.2148080973771329,-0.62690501213708449
-0.77851802402574533,-0.25546870556893164,0.9248391967520414,1.5256750473600245
0.78552797917156902,-0.41714586008681703,0.45881105421948493,-0.19389491962948108
-0.81628880393598757,-0.17470531822882687,-1.0204244829626445,-1.0962437749036462
-0.99700111569027905,-0.57040754539380611,0.86650712726526435,1.7240017308417483
1.0803372475816364,-0.3415577566844305,0.97109768570736943,0.19603007868282249
0.7495828393429198,1.3623577425524671,-1.448630019458472,-0.39830732133038776
-1.1667681434520871,-0.59904021940686203,1.0892962987175496,2.0287968781559638
-0.97036476916567471,-0.19345211362569234,-0.630386984081448,-0.61235302877084419
0.9426334870853893,1.8469472553655171,-1.3507688404663363,-0.51065320935383895
0.57531620842761411,1.2594033370290914,-1.2921945014572587,-0.58474229142151235
1.1160133831513845,1.497095740081227,-0.5783966674425931,-0.72406558848820191
0.53789542504412724,1.6918743451254517,-0.90921722055474519,0.093095685123545768
0.89462158478603127,-0.80242177943413651,0.89372360709208654,-0.95017470964039163
-0.9333334521828468,-0.77610453768363241,1.2680097932364114,1.3816459042750322
-1.1093481936373435,-0.11735197517512752,-1.2736922874516445,-0.70024264722080942
-1.2725092881088855,-0.8571636521199737,1.2639863166828322,1.6834411117974104
-1.0388669704358546,-0.51184819027576689,-1.2943687412573739,-0.0863750543483435
0.96548332961551209,-0.3446877553226011,1.3961532955942439,-0.3470463243112043
-1.1609762609749168,-0.5147951471066613,0.88952053090793726,1.4953652236381139
-1.2616768090015844,-0.61765158663909558,-0.8571888530976165,-0.81579950873536378
0.71343650058711161,1.8357972908465694,-0.50874358899297034,-0.72750948670392246
0.86829279294608108,1.5280643463985586,-1.0159478196864551,-0.49248478447503885
-1.0513748890367656,-0.1478284775821484,1.0144924038763814,1.8222014459792961
-0.61615293782117431,-0.72620636969254615,0.45601882673285932,1.5519506000994876
0.69226331578331302,-0.88077983297150764,0.93742692524551485,-1.26182295966717
1.0797619184180249,0.76724355048385007,-0.79475980025541682,-1.0045879484526987
-1.0432014135655259,-0.49626234587041618,-0.81240520910910297,-0.66853118540187362
1.0127419830388125,-0.8402631626083007,0.83534390385396118,-0.52371629346604265
0.83688599145235476,1.6716093308216979,-1.2161039624618444,-0.26134764911286029
-0.75951135351897425,-0.98744113800966915,-0.96108789533121086,-0.54041561749482614
-1.3420764037534865,-0.31033935385439626,1.4570194065146185,1.923430815802299
-0.91037003254656768,-0.63061114178926891,1.0884325894518561,1.85956992677095
0.99721585535954238,1.9553129449021089,-1.1375728192503363,-0.37255142359885984
-0.70068644074128594,-0.43255487373734836,1.3049850756935562,1.8214048339376281
-0.99833311748350084,-0.31943838968032934,1.221808019953895,1.5474615437239398
1.1066008206692568,1.8068136718294139,-0.99026077771595789,-0.68229910586868625
-0.85324432634764902,-0.51370520532997355,-1.090443693747382,-0.42223180165580304
0.84076179594633027,-0.16468265143167454,0.79560549312794049,-0.90133649065620258
0.97168095864356085,1.5418415562299297,-0.81833755727799939,-0.2516034821894198
0.96009012678475414,1.3107030318287438,-0.67572273128157101,-0.37348168680433086
-0.6858682967983547,-0.029427055132706697,0.92472335591705024,1.700733493931545
-0.89053656019850291,-0.64517533279852413,-1.3965504822085069,-0.66285980291342406
1.0587119656476653,1.9124911408469942,-0.86679421874995177,-0.36002953318244096
-0.4013177025662738,-0.65200877188324946,1.0674216568191732,1.5553726599758384
1.0879332922934921,1.7267009611167521,-1.3759862318355498,-0.47106543037384591
-0.86188149236749945,-0.42935639749892218,-0.48831051678155724,-0.73940109472255855
1.1147575988466103,1.1539602082654008,-1.1942956510255838,-0.74243387105242287
1.3510371940433603,1.7461320810446961,-1.373120607595874,-0.45477225763784279
-0.7226264308685989,-0.82236919683214793,-1.3513506394759955,-0.46625625397414627
-0.86747136761144439,-0.061206238651900113,-1.1669690992373531,-0.39759903733685836
0.84912162060756613,1.8397761886478852,-1.1917085313213935,-0.62705684655028437
-0.86314361610128021,-0.24350120587594182,1.167616379927704,1.5816526383377554
-0.91325236826197065,-0.64431777600587214,1.103018711357928,2.0072350348175561
0.56425941283965475,1.6800079750433881,-1.1193607981204581,-0.59799541057644379
0.63290039448782243,-0.48129092758859199,0.79197031505325155,-0.42683367188943433
0.57400213370822228,1.7591639911384009,-1.3704694279099334,-0.75591558150998572
1.3199952850024705,1.4014985137527338,-0.9096275838166803,-1.0386798617061677
1.1349028030896082,-0.63090446546381718,0.74436084394392321,-0.3559325790533947
-1.4925752797696545,-0.89758434495852535,-0.77172941434633424,-0.66477005830524116
1.0997277249031978,2.0501497870341634,-1.1143558716765005,-0.44586064776701134
-0.93131038045772596,-0.63067975881453953,-0.75933200076066765,-0.3600518061811589
-1.0057243143436692,-0.38180169843959993,0.71033700061701577,1.5338845770116589
-1.1192336267155505,-0.60919831436864635,-1.1939603613127856,-0.82194519677309341
0.69613542516384208,1.8633130433051344,-1.0105914611093432,-0.49319202792043182
1.1916944796933904,-0.47247627231838391,1.1334229456183695,-0.70786297636880746
0.85703008716131868,1.937379010621638,-0.83223619858064979,-0.714030871547778
-0.97689884404663707,-0.32691162360203641,0.86528217993973444,1.7247517684756892
1.1275776101933768,-0.44050822101807063,0.76379152224199132,-0.59903976527505187
-0.82177484649208743,-0.67684841388125394,1.1508350278622166,1.9102291840228782
0.89969534505934401,1.5386823181743143,-0.97473774672056124,-0.77543352487852135
0.86547489943182265,-0.41995182171140666,1.1314918325627337,-0.61432711981510746
-0.88583357569146703,-0.78331595798419551,-0.49232783060271479,-0.030220491158445738
0.7172317516079546,1.9676057165159562,-0.91965581485306702,-0.94116403695267226
1.0623237542858923,1.8259052852063911,-0.62922915493571197,-0.93751993200690287
-0.90581950322407878,-0.43806136511799371,0.72020348888754615,1.4802019873920669
-0.8878963034895675,-0.5510757767854132,0.9777441694558191,1.5637467806339658
-1.0107605923099596,-0.31072536196752981,-1.0104231965044768,-0.44491887267456248
0.5901933818078523,1.7405416956407009,-1.3078062086118409,-0.97556777218819224
0.52464225402360132,1.620352977283871,-0.84422559757731064,-0.30646939895556369
-1.2464647890597211,-0.65734961306742623,-1.2293185752179556,-0.40085446462492957
1.0762026003907375,-0.60187758153662996,1.1063680869245269,-0.5527687580050803
-0.98153347184172113,-0.33123812788376528,0.80607212959639274,1.5406420810106234
0.82049428344825526,1.7140969397549914,-1.080677500471787,-0.73588173700970327
-1.1279398798096201,-0.70078284228860044,0.90291265815958899,1.6238262913945078
-0.81792346438854702,-0.62902856827899911,-1.2935898043147267,-0.058323246425494253
0.61667127147536638,1.0437967061917128,-0.708281211214008,-0.50702070849551517
1.1650872610552507,-0.49608809779801871,0.8734027151452789,-0.51041055089412246
1.0956045325639829,1.9179920817841827,-0.74391123405440118,-1.142467978911158
-1.1484188336274384,-0.87396500380664999,0.94855042558470071,1.7953988226799886
-0.96887389192829276,-0.54442995895578017,-0.9926049965652971,-0.72323781268842235
-0.73852504907772953,-0.69986587716095849,-1.2181329378548804,-0.5751958533405489
1.3052098428135401,1.446893811457322,-0.82363559578673518,-0.60305287954301634
-0.59999926440640283,-0.54663339205812878,-0.93929002115418314,-0.73086946932246255
1.0774182927146176,-0.76856943889095553,0.88314576342204276,-0.2732910606228966
0.94129382370538084,1.6369790252516072,-0.76873290154720175,-0.25290342975622515
-0.84025804644302216,-0.21636142292942603,-0.86438273112773312,-0.61945609683019542
-1.0061545525683602,-1.0249727586360804,1.0057995222733129,1.3043644205247666
-1.1793059405093813,-0.75015880384469513,-0.9479756058706551,-0.77053453205170308
1.1873972475108479,-0.68499066213952831,1.255718987971187,-0.052932047987149983
-0.78465800928402962,-0.23651938537875647,0.96587743431933026,1.3131937480638471
-0.65299615187852278,-0.33382561714903652,1.4632281045794697,1.6548138675836155
-0.55871403900278827,-0.5855923098833905,-0.84428011227425748,-0.75610789851429117
1.3333261457832077,1.3295547810655202,-1.0033487619593195,-0.85821312009527617
-0.7626525001764195,-0.49654496701523682,-0.69263271301023255,-0.40266117230567566
-0.95462456090301429,-0.54277688120307166,0.65213022457736503,1.7589991317178448
-0.96737101278922821,-0.43597348215670084,-0.66318967966221332,-0.58579356609451505
0.89517289571224079,1.6582738194380486,-1.4173543377645594,-0.21982485232970211
0.80957559272535673,1.2826436014828677,-0.72855847750235803,-0.47998296083185876
0.90046651523561694,-0.64696088257358086,1.2928299432142736,-0.49068562406115579
1.1338565317172475,2.0591161168029015,-1.3429414752459872,-0.16178816147640962
-0.85672145696882696,-1.016761979663259,0.91117683600052246,2.0424728945136374
0.71086710345212645,-0.52968677776379369,0.75135466485201019,-1.1677472397387203
-0.6676776228128537,-0.14569261913710077,-0.94688437651697621,-0.79265181735104262
-0.6459898703671787,-0.69127926146181684,-1.1219933506001321,-0.30931960518771695
1.3359330483196743,-0.43512287005765637,0.87369111248807274,-0.23873940949405759
-1.2306068632874194,-0.69858889008727632,-1.1665656719454132,-0.64029320497732201
-1.0422031671207395,-0.46034933016173912,1.225543469855352,2.1212382262494542
0.89593593663893156,1.3012760949245266,-0.76253608875202061,-0.34100395348337614
0.88626859608467146,1.4916113708029719,-0.83238072160638465,-0.48695099801326408
-1.0774290069281203,-0.28431871558593769,1.0382553440577809,1.6555870870494567
-1.0763390061975666,0.041198805754978932,1.0754400667445896,1.8466578571463577
-1.1717816733762227,-0.68380070283239158,0.91845497665401155,1.2814818449998155
0.86031060887907196,1.75777069704501,-0.41248564715711139,-0.65386381644307334
0.91396310185442742,1.9821452226582585,-0.92835193710349451,-0.94480887950218384
-0.90113071314893056,-0.63005759792232019,-0.80583463585982296,-0.77606034317301442
1.1319515159799332,-0.53120115584348127,1.1586460363566646,-0.55509345779246777
-0.72346676894969753,-0.36779730550511203,1.1802806560449395,1.9612945448209158
0.80498238195575411,-1.2071718811211953,1.298370842033568,-0.73474826397323256
-0.93625824200928243,-0.40243694591192569,-1.0137117266724966,-0.41278911709052624
-0.4031544048937471,-0.80255830972031605,-1.3890844940569962,-0.67479878221525902
0.88378049144550808,1.6867243834261836,-0.4315624548724486,-0.32017568340966168
-0.77401729501736949,-0.65624997461290513,-1.0307460056171036,-0.45183277500988223
0.82880514785632564,1.6372067793333569,-1.0125824001642101,-0.59732211336756524
1.2388269449924947,-0.32374619773146679,1.3479316288401546,-0.87229900704674301
-0.8193299977747065,-0.48403378279564918,1.1024704598540822,1.7227391639788825
-1.1596118403348172,-0.70710778506481564,-1.2350674315042263,-0.31048960278092613
1.229486621978245,-0.53957390352844481,1.0536136146335695,-1.126114619026934
-0.68444214466924047,-0.330237321847065,0.63536370013875643,1.2930632774733253
1.1963841329239453,-0.42878713180170341,0.93811770731273381,-0.68413417177902414
0.34764077726874598,1.2680337720186816,-1.4589823441909551,-0.03136240712346644
1.0245901795491639,-1.3601056663872888,1.0993143994729164,-0.69713350256062789
1.3444909310616395,1.7590337548957586,-1.325011538133396,-0.66201119639367267
0.95132679573516665,1.5601487777507315,-1.2343785492267012,-0.57689478772985658
-1.099153006127259,-0.46183421321145418,0.55320205882229323,1.8418453088438362
-0.98201966216705183,-0.48623921432321365,1.144888778793121,1.4392238846295955
-1.5001503085237835,-0.69487524505747611,0.71376774278611232,1.6355019264031039
0.72652662472681306,1.7574025087766587,-1.3185192385363194,-0.86126458677711015
-0.96643465660786232,-0.41586040128364804,-1.5414861793339822,-0.16225003313403416
-0.75195602433840647,-0.31238268720373302,1.2960371589081712,1.9163083033228665
1.0404645716707615,1.6843947906030616,-1.051744525904317,-0.45158441329265847
1.1402516645590088,-0.80388635290665733,0.72731148252260036,-0.55612808863459828
0.7512146014408696,1.6045395779753633,-1.1222266308736371,-0.63052678481240665
-0.60074313693209014,-0.90081725253638578,-1.3597255611551804,-0.64563584011213404
1.2679115524408031,-0.5333513551472211,1.3309215606300606,-0.38370735091353886
-0.80265913549695755,-0.95331239069376761,0.87738448899826116,1.4827159516897013
-0.98635388589936213,-0.0046932168032762546,-1.0869786511070445,-0.47460819383402342
1.1914509717172697,1.1556198174161365,-0.77585069531689621,-0.34833308721111628
-1.0903051724520429,-0.60274590061258759,1.2199076742240329,1.9579915552629625
-1.1503136416138569,-0.028986365856522422,-0.7812934074444523,-0.44796646693674946
-1.4642456763762908,-0.86090635066719867,0.79077724712551123,1.6385389571259816
1.0360829061459675,1.4307253962247435,-1.3178165248630964,-0.73515884582777746
-1.4837879766715831,-1.1199863120157982,-1.1334194040321477,-0.60247796681901278
0.98549680306414411,1.2514540397130924,-0.99376737825584838,-0.75522733136095666
1.0937551282840374,1.3783368584503077,-1.0355668667663023,-0.20456185517751119
-0.76259180793806158,-0.99416357486454454,-0.73800861064376344,-0.50277473206753653
-0.70860081947655285,-0.46953727267227779,1.1430382909586392,1.7024658090062836
-0.8031160824635285,-0.17645753214671059,-1.056166205328178,-0.14415245114323191
0.79132228656693848,1.4291933676020776,-0.85380371167321423,-0.087575609810875879
1.1982320591585121,1.3561554805109353,-0.9561026777573165,-0.6933840256516749
1.0058637141139286,1.9702301998852241,-0.94782684777639337,-0.58250784436702863
-1.3796395413824976,-0.96321547066371382,1.0504390197188054,1.8339173330778282
-0.97245145457822213,-0.47687438130427767,-0.5602886366302865,-0.70009105648027448
-1.3607451330411211,-0.36372300115777412,0.94772397073154013,1.8234007896642519
-1.1910615051445224,-0.021167517240331633,-1.1050705105387864,-0.38819419447785986
-1.0901351741390475,-0.44504412839385238,0.6538746948796631,1.1071520455537094
0.85470438275812655,-0.791903078269106,0.98456673127345529,-0.60671338629342997
1.2066537769699759,-0.21014497937207618,1.4298207198400508,-0.9302247412228033
0.9759484451628595,1.2246117764701496,-0.86298919484299885,-0.2567055926467699
0.77329752317518285,1.8036578330884514,-1.0169180909362572,-0.28230336657604538
0.84379640786422272,-0.54576457005622392,1.2637692772943929,-0.52967682650008951
-1.0798758995051261,-1.1886708986651737,0.62707209118809715,1.7738803925904123
1.0349108161607554,-0.5882928495983758,0.66846174351241505,-0.83327987445181806
1.116611067751347,-0.46367637618191332,1.3569027137925378,-0.64802979891519774
-1.0439954357090191,-0.56578834505757436,-0.97993062781531293,-0.64008287595305979
-1.0250677771202394,-0.15788670439742841,1.2276606696283174,1.6936782087646238
1.1115953207591434,-0.69070208173517156,0.98836593997049149,-0.63487302924910227
0.78904166254779307,-0.94097858828977321,1.2223106765050884,-0.29152986738735565
0.95380159796592279,-0.64577571019196134,1.5903364532358217,-0.64333960721917549
0.95799887732973898,-0.52377517372330784,1.2809604278977449,-0.23581552191664817
-1.1240433249441968,-1.2025775480248155,0.73381117276494923,1.672679473197469
-1.0995378868343946,-0.67229914162188542,0.88843440723906064,1.5251814850844725
0.91968923440670991,-0.39940773164178683,0.80284841816759234,-0.50828048300135675
0.78612640279422075,-0.59515916145004566,0.80814892408611327,-0.61395685920084953
-0.9683153048040819,-0.41173693965957053,-0.73290197594668349,-0.6515882298691511
-1.2427826085103393,-0.15918179016592321,1.0649706500960976,1.3286235753767486
-0.85883514269079986,-1.057940480655114,1.3505514851643134,1.2912165284465695
0.88206891489711503,2.0372948537595792,-0.71733616493092478,-0.85749619560076573
-0.76041665631335309,-0.37646190626267934,-1.0770632780041478,-0.58943023243825843
1.0902558558502546,2.0281666316304929,-0.84369043608781868,-0.1850598493184071
-1.0652084238129735,-0.39027556577656008,1.3429871713120622,1.5945337286051717
-1.0269389767959043,-0.54570833032068344,1.0250691354744093,1.7075375723382367
-0.80448035298964438,-0.061383799728226981,-1.0400788730812476,-0.643859301741597
-0.77517168309972728,-0.62589893480158232,-1.200883241293524,-0.41647072128369356
1.1019773099693932,1.1242130181943191,-0.7275767264258084,-0.47635196810975811
-0.86983109592641761,-0.55629804031392149,1.2785859687984313,1.8464532247938552
0.57705115656855588,1.1390534699119934,-0.98899444914814816,-0.63386610135466748
1.0189106054263066,-0.19664677891370677,1.0922707206694493,-0.2122340668458817
-1.2758700630718036,-0.95423169285023346,-0.80167103823223862,-0.77945458485108465
1.0088299664330618,-0.24943861350314411,0.75843726617603435,-0.32047962883746478
0.83752561558993432,1.46467116480659,-0.58144779919542378,-0.51279354772014119
-0.97067747102788748,-0.66523579732660643,0.65466259790293868,1.988956581851949
-1.2204919752114178,-0.17262581404701072,-0.8516742791080737,-0.73212435720351154
-0.98435943975622153,-0.44245118163513436,1.1230817879423796,1.3627484963976848
1.344388022152156,1.2913528580809741,-0.85037008506732636,-0.64911505110701639
-0.52184191068272134,-0.61746562022614637,1.0165284223921851,1.9786663774152911
0.4126037353701591,1.5687549926234192,-0.93021450279303464,-0.28836483607220054
-1.3307407425726157,-0.80810078603342073,0.81674524076913324,1.5482933500013112
0.6608384082336991,-0.39883125567950339,0.9106573130237543,-0.28768963887511084
-1.242858681658418,0.13493517288242163,-0.99529162933878657,-0.35558626092489642
-0.46280785448396433,-0.8643688978841555,-1.5035907499563359,-0.6859612821061416
-0.71006161329422757,-0.62573993385047499,1.0619852927693747,1.3916861664150184
0.96567141088993602,2.3730755434093469,-0.89235539675721032,-0.63027619711246063
-0.71796977962001263,-0.51413355217268142,0.8464755593879304,1.8476239073048251
1.5168637239578062,1.5655024858720128,-0.6623296077987384,-0.46806450930560162
1.1392622979337232,1.6564469002692366,-1.2801541672454522,-0.15145736249093519
-0.53337939434114501,-1.0161949846019998,-0.97766995627219011,-0.8031337724177039
-1.2129168771739116,-0.60877439592998828,-0.64397328374071183,-0.41357553439475625
0.74023678890282796,1.3676579114679639,-0.69721414852962982,-0.47752005583613449
1.2394270314161973,1.3244785420027887,-0.33224960487253824,-0.30373726200815765
1.1984654055726551,1.7167647643860851,-0.73496496220887308,-0.63195958008179565
-0.74387287129647328,-0.76878488373566123,0.99124324096633465,1.8985611357956313
1.1040822313441603,1.793067480744251,-1.1807850417679033,-0.72631829617461796
-1.0556679873111399,-0.4506924349326768,-0.57913742324602724,-0.68145353537862396
1.2119204221651929,-0.47097264656307242,0.74418346845738481,-0.27317926096995881
1.4207068952750181,-0.53488614903268583,0.98004300765805064,-0.4492143739252375
1.2795193818214634,-0.43099525224027269,1.0472123427646292,-0.58786272734612377
-1.2671565698648251,-0.86722472054984645,-0.95169233779369133,-0.38056127338026141
1.1015050744709376,1.3152385674044855,-0.91819413519714932,-0.23819202848830959
-0.94327956432835292,-0.7811896866687551,1.0920907503482071,1.6904829093530442
-0.92590111831751287,-0.26646668354288688,-0.92091399112211414,-0.81339452539065205
-0.98854611010291615,-0.58107523650339354,-1.0730828826571019,-0.5801164926968353
-1.2403883135637976,-0.61375410972693389,0.62426003175052103,1.1955679739096599
1.0681696085138397,-0.62958930249315326,0.98211461247836351,-1.2054630792070089
-0.63190474455418588,-0.5425891006051049,-0.85592246950541029,-0.6235877907783538
1.3716167588719876,1.7976901237579752,-0.91699031723992175,-0.37709163806253332
1.1027268637320045,1.6662775057884953,-0.66193927052115231,-0.33074625629736037
0.81997770658844227,1.9197690735190291,-0.62472945670948443,-0.85918591405938716
-1.0816874288722456,-0.23342231760128665,-1.1411208039285272,-0.68680935518032937
0.84901039769282816,-0.28267089780790455,1.2044904638314007,-1.148192205439144
1.1314184958652835,1.7048233969244901,-1.1004146704510744,-0.64662388666791593
-1.0009592230626594,-0.19212375175360236,1.3014029063849593,1.806030221533435
1.6663157281456786,-0.52708284962531782,1.1981397912391842,-0.30719209256505842
-1.0085212034474307,-0.51195289182279335,-1.0572295431048118,-0.74059066515792904
1.0255819479981896,-0.5366248553223244,0.54821775204696388,-0.043792400016493808
-0.99422476333421927,-0.37611925268994417,1.3608579832624741,1.5859159879681639
0.84177370276363916,-0.7387201365945556,0.96429310238732391,-0.29127918748694187
-0.74910933203372476,-0.78385032759192974,-1.0907533131311462,-0.059770003480005121
-1.0687978916565384,-0.13355393208275843,-1.093815982631142,-0.38370189791444409
0.99170496316551526,-0.93284185063923708,1.3774476882505522,-0.70820426298606376
-1.0116803118203945,-0.22562245734429026,-0.29023501441161031,-1.0006187973434988
-1.603703507225565,-1.0015534193486706,-0.82671629012065562,-0.76563883209873429
-0.79482384373667414,-0.086038975792015762,0.88418870162763463,1.254217271013911
-0.90947451025559234,-0.58552043794794673,-0.67723364329235991,-0.60801142728627644
0.79274989364697224,2.3032850640976315,-0.81030381002603025,-0.66079435437708067
1.3080425167815846,1.7486163426845287,-0.7830082340770762,-0.027009702068278171
0.69756026090879097,-0.73273900262691483,1.1139596465411679,-0.42436671665887521
0.57782315814535423,1.8918787590771389,-0.94811084787349154,-0.47490996596508589
-1.1058424316605704,-0.49949034037631729,1.4630690782811939,1.5202684119290737
-1.2214799099802429,-0.3810023150746617,-0.98057383115558017,-0.36137859725558524
-0.76256843634551286,-0.50277843370299724,1.2915851639377931,0.94227737773603126
1.0111383038030555,-0.1995762179873514,1.0135517762962536,-0.51336054437541068
-1.0321803682001609,-0.31464867566284016,-0.5078001348964688,-0.991035243634941
0.99332434663341951,1.551428473380003,-1.2498004859254011,-0.95490685913500406
-1.1672487391447153,-0.50667046971992824,1.0595543033425854,1.9183261764178325
1.0333989604941427,-0.13135670007393702,1.251254389517962,-0.76764598359644631
1.0354033747831666,1.709828250379509,-0.90210338564558656,-0.67264133078356092
-0.96282737571935917,-0.2373062736066304,1.0360197086151204,1.5236278808592933
-0.94681275701948941,-0.27428587740197213,0.98675102605804754,1.6352241659081519
-1.2037845890466967,-0.50576509014710946,1.2425902364419712,2.1403130805128026
-0.72873974202669167,-0.34879111318736372,-0.54229535774912208,-0.39530555070069023
0.6457311216635836,1.5113522532786687,-1.1195323236448296,-0.7024502161924967
-0.42806630548265812,-0.58310364141718884,1.1220705437892411,1.5367439506046092
1.3687269954011958,-0.052674649358703564,1.4868872513727169,-0.34877936381818964
1.1119868180287942,-0.50232089391784962,0.78543003418232182,-1.0036176307297227
-1.2604646039410192,-0.23517713411945154,1.142297094960032,1.7177179791892574
-0.84708605027780481,-0.68285623778034987,1.0703219406366786,1.9151997902701752
0.60450196960651881,1.0219431496591875,-0.70253995408651282,-0.85645280242132171
0.92839824728863463,-0.81138096533067428,0.82834526396713859,-0.62697400442997897
-0.76230953591244177,-0.63367742319555531,1.0748304659345325,1.6679312017924894
1.1865754542803586,-0.8957290627580774,0.71730672663142458,-1.1351246067968928
-0.93848517357626482,-0.3444533088401282,0.92194410260394366,1.8877836914012125
-1.0015172602500644,-0.57235426778906651,-0.97171962960570302,-0.47105693475931426
1.0524236215845062,-0.82838051299590676,0.63349875536806766,-1.0313401776106139
-1.3162023418120392,-0.28055702867951837,1.3209017917666701,1.3018894438535102
0.90368809989389953,-0.65712938793648989,0.94023954071909888,-0.61322792559540995
1.4125236970365225,-0.88006026710805019,0.95427685508531701,-0.65373344498162445
0.58708662279991797,-0.59953761482845869,0.87369315128676861,-0.79064332236079993
1.3698837506656052,-0.52832443602374679,0.99722859790132301,-0.93553198454948105
-0.82337772896900741,0.066975383854211673,0.95373416394155075,1.942172483918061
-1.029944582073242,-0.49917745072465497,-1.1298986767024299,-0.51725399231481095
1.5113471043379372,-0.66798583624158259,0.64997947729858618,-0.19030521295970526
-0.95549526531094342,-0.83483318236449322,1.1862387672155381,1.3937750602131702
-0.50581029148397771,-0.52618192833333788,-0.69842962007485743,-0.62461769634651032
-0.9403833049996797,-0.65933792665010427,1.0889965953092606,1.7748458105171006
1.1198121445300016,1.8789957814566678,-0.73605196626809566,-0.46811117591379653
-1.0796728645684734,-0.49813244031889309,0.62146910168124736,1.7445623297859856
-1.1619662742450554,-0.18108492888951985,-1.1177496490351513,-0.52504853424668985
-1.4112015838298926,-0.51064245602406866,-0.91454845325474754,-0.69068696439651356
-1.090766114760028,-0.94243447757564147,0.92824677075413975,1.5202285813269905
1.1601980716985878,-0.80485236908245605,0.8258962960427586,-0.50751698409911916
0.73492210723280704,-0.57595821313402351,0.74154785777966725,-0.71605896572317285
0.7216060269058554,1.818632026592004,-1.0025199092008747,-0.4831863146128742
-1.0481850246179749,0.084117118477663538,0.9904894414848805,1.1229776499603283
-0.90915484830078641,-0.39205638174039115,-1.2425152094764764,-0.76810938314753707
0.87617077481390049,1.8144128397361556,-0.79078289171750415,-0.55561314984523391
-0.66430285260775701,-0.90910974784660736,0.86720903005264249,1.4346593819284081
1.0591840163904485,-0.47426307027928988,1.3085316586976439,-0.5229896484079285
0.98277479774382082,-0.92129530826315686,0.7568119729247752,-0.075568738036012273
-1.202482061556825,-0.7253331840196342,0.98211053488097189,2.0597439915112088
0.77363950592465125,1.8888393468630411,-0.58913668828162435,-0.76672249053960984
1.0982877391931185,1.9127768957350106,-0.99426220396659637,-0.58033155852012985
-1.0234164771099417,-0.68100598815901714,1.1319144199287814,1.5673458654084649
-0.68899290782312717,-0.7194529672057538,-1.1985669342933758,-0.77383289841477165
0.61135862211774095,-0.64236961018824601,1.1629128713363932,-0.5295641674070769
-0.86822537283103562,-0.064022623956187352,1.083444390424471,1.6623705125513644
0.86918331528667425,-1.2911092988470851,1.1075913661420329,-0.69359994597573349
1.3313531399584788,-0.60547871057927372,1.0011955441274265,-0.73118785070922188
1.0904625974475832,-0.27450303518257707,0.72495685537423715,-0.52393662294818566
-1.1844683373164906,-0.61368416816402016,-1.3664276948407599,-0.68139451390774586
0.68706115031773629,1.3419469826329669,-0.75124159575630434,-1.0406422037765359
1.044530859262901,1.8316484273126046,-0.62989808942145153,-0.6183103940602479
0.91977865615211385,1.8921989320260166,-0.76377463579157845,-0.63677573737405624
0.97166470014439654,-0.89794068873988253,0.99543742057435658,-0.63658924875646439
-0.98467855033081797,-0.65384272205639271,-1.21893532098253,-0.65702701692036813
-0.79387481158410256,-0.39391890076304958,-1.0249279460160092,-0.79479653194669087
-1.1960235575194573,-0.77709016631155003,1.056513527760403,1.4170414004280363
-0.13924510697930814,-0.58122718736222134,1.5251910891982079,1.2109606049195574
-0.87778292232701827,-0.63439611931249029,0.91235192543067223,1.8423814413925144
-1.0708440838219659,-0.61609048790078891,-0.76617073395886848,-0.89824303324704002
-0.9798062285896767,-0.61607525405807162,1.0399184477575811,1.5951341380513919
-0.82011723014724203,-0.22630205470342943,-1.2255447820001164,-1.2126931237748702
1.1385846141276454,1.9515673250688541,-0.8313942442237674,-0.66952887349228674
-1.3587620118433326,-0.44335643506151101,0.80844288178898671,1.7310150779673226
-1.4264776908955925,-0.62678691944395026,-0.75622740846248848,-0.84144812463687535
0.97025261254083783,1.2134860320681047,-0.7658557743126112,-0.72513109660841912
-0.75161300233828132,-0.81988238570632554,-0.91750241771518781,-0.35739893529305772
1.0298008437756676,-0.27273512599156907,0.99127085742139642,-0.7688336968509657
1.2295644041162925,1.4172951289451423,-0.88603000642723073,-0.33453005812332037
-0.85241798350872888,-0.65339836789409822,-0.6976958842260238,-0.32407900338486267
1.0868393539576722,-0.27821126255464912,1.4875633911583932,-0.35077064366394717
1.3817576282144097,1.3089088310634667,-1.1613221365495408,-0.48480478845288816
-1.1930647878050531,-0.10405922079609772,0.80549459352946118,1.8458894847908229
0.8072101658526154,1.627886495926377,-0.50569340713498656,-0.57523503030717316
-0.85582985496227382,-1.2157221135306919,-0.93552290036843944,-0.16404504452686683
1.0502024888918486,1.3813458892896944,-1.0606381944266756,-0.43679254735935685
-1.4546148712562326,-0.64534850530651966,1.1457675010310295,1.5803580383980815
-0.82112387142788956,-0.19959879156121885,-0.45343195343775139,-0.23334433863606632
0.69128558876538382,1.9433131517199158,-1.0380771839968934,-0.54261198904898833
0.70624377750793532,-0.37935521433956321,1.1043298442646914,-0.40746488253478513
1.3926670811536921,1.7659995879912167,-0.79537175263442439,-0.90338162874664241
-0.67639395663829427,-0.59659579846508393,0.96035469934296236,1.7747113558920782
0.81722392329247961,-0.70627889671097532,1.3057828020196389,-0.3053742154562149
1.3786158580065704,1.3629585714173817,-0.91513069825162163,-0.57695916835292493
-1.0692919745132459,-0.29943987633394031,-1.1962634624577448,-0.15768134189731028
1.2302903091528465,-0.54091436550005645,1.1690650390737687,-0.79787276103987292
1.3112083052268257,-0.30811266997096426,1.1994323896123489,-0.43039337389269361
1.3005806046878348,0.046321626051314631,1.0956649498073567,-0.42694852732930449
-0.65447186471673746,-0.45396472675764954,1.1286760662184379,1.8586359096892906
0.92435523891120752,1.6168287378173916,-0.70157286845967315,-0.084100389779099061
-1.073252928277703,-0.30014156923832391,-0.89102340670810687,-0.54604070546982575
1.282662445319009,-0.68876577368311231,0.95417528584119682,-0.39559263661438399
0.97448000707924254,1.7750458016542998,-1.4098545240892313,-0.48991161430559066
-1.1048002364602303,-0.062601551088366417,-0.81173976143249649,-1.0804416157588357
0.75286631715143026,-0.73348881707935465,0.84408942353244965,-0.6999318921298856
1.2937400259201046,1.4069046987939704,-0.90418854384359348,-0.81624836695553515
1.1673850673519222,-0.85540851691606012,0.85967696628885282,-0.73746398923737277
1.3351293611450727,1.9890594286624244,-1.2794261307657002,-0.80444325614717738
0.84712016240929944,1.817340074566705,-1.5001860024706113,-0.60442227381930735
-0.88577863974702498,-0.23006591929579831,-0.93385802140784291,-0.54618840732634444
0.73856327202293337,1.8584509610655406,-0.66670366505533452,-0.81657578398813735
1.0111987189079048,-0.51047368536297733,0.98714951853041688,-0.46475775269996455
-1.1428719371717675,-0.50586947964767359,1.2180757209231494,1.9346314340008632
1.0815653185355623,1.6796837654083598,-0.52185894932166121,-0.79299880722580618
0.98240436262081476,1.475161874740025,-1.1377742780464692,-0.48861937864934085
1.3272221878810264,1.691717339279917,-0.99044332839179949,-0.44423585160920637
1.0649010959147873,1.5763611716166328,-1.0869382226556328,-0.83554305347707547
-1.0400657460684879,-0.38218870244569825,0.98983850866489842,1.5010066278030374
-1.3507139623791404,-0.85468079800886465,-1.1426204793783221,-0.63997032552488431
0.88588356526355194,-0.87457982828736247,0.76103228622517116,-0.59991840280431064
-1.0824013363373282,-0.15170359005796524,0.91085136959053137,1.7799850119054912
1.2580178861879483,-0.61469050140667481,1.2500613215902214,-0.63287943780590239
1.0974799873937258,2.0068633391574191,-1.1203468468919859,-0.55245164931406388
0.85450262956395073,-0.2944654839250696,0.87141062347410381,-0.70638123582251966
-0.89316494635549171,-0.78512082144348194,0.89330620939544658,1.7454546195702245
1.0223400402159517,1.4070372720654367,-1.2561778714141663,-0.86335608853135071
1.0677147400485825,-0.73105812120245228,0.81803246412755437,-0.091882583434042472
-1.0153143808379805,-1.1041885814232693,-1.1578513366197041,-1.0961466219535909
1.2666356297677457,-0.48394190835000866,0.69086128340230313,-0.68713328176665123
-0.64171367723682193,-0.71108698827330719,1.0230105048276155,1.2636619708179837
-1.2182530597852992,-0.95022730018902035,0.92233369850018576,1.8787853472331855
-0.71457563316378114,-0.79832688002028773,-1.0596456122320543,-0.65284644355278798
0.81749459035243166,1.9821951500922244,-0.60921846157684345,-0.85186593452094861
-0.89457079845510956,-0.26377848958102107,0.88045436379819342,1.3316603953557
-0.71345361196576829,-0.2523855802929682,0.87205358644463848,1.654429049174069
1.1060304799087981,1.47796099789959,-1.351447714095718,-1.0001926731243844
0.98919062322088225,-0.15654692295267605,1.2031281756119052,-0.71350834515384598
1.0135033611644522,-0.80331338248760975,1.053959283685183,-0.44332807214637965
1.5143898455054119,1.8319499040308911,-0.93195471594464674,0.074155601601109039
-0.61216609516813314,-0.61749997853342986,-0.81481011117985225,-0.69575925458828269
0.99357339727970984,2.0372818938724646,-0.83251076452774564,-0.64253828636790267
0.91657720986211444,1.8435345559110887,-1.1374209866679135,0.041542241392041629
1.4192997960746121,-0.98342219203259795,1.3434698105669691,-0.37790946938328746
-0.92524442160108789,-0.17974389925891837,0.87368054780392157,2.0921903371586303
-0.85250996296547155,-0.66117905389188014,-1.1214936479902309,-0.86996285793698103
1.2955570979573936,-0.75679486358309533,0.81797000274932719,-0.57874477859091722
-1.0887169549566136,-0.66034477443745732,0.57716582067523314,1.732056363707503
0.88991493403362276,-0.89502734329654809,1.1330709748253325,-0.59709322570628731
-1.0349804616601139,-0.70123488474458284,0.86436713001597265,1.3893907435690269
-0.90632003809528083,-0.90472465850140604,1.1162740537516223,1.5649334796833394
-1.5079436261047612,-0.18011973598523873,-1.3437037542765626,-1.237387517520782
-1.0433648068632357,-0.59043519462626715,0.87779743840683744,1.5552693954519186
1.1555601500562831,1.0426985151016339,-0.89931239765589532,-0.22541127867283481
-0.87366189509333836,-0.90014615346387905,0.79054945770758467,1.7674959053411177
-0.86463422486557584,-0.6553225260519876,-0.7208194293346063,-0.53135227693632114
-1.3150586118225287,-1.317836516534741,0.46442247693912203,1.4755407532286771
-0.89581362099474726,-1.1344706324092813,0.92379681458245744,1.3329760696880104
-0.97282643642285171,-1.0263171875813348,1.0433784744897634,1.8298270042109672
0.99588191940537596,-0.30648333596635668,0.72021423891703329,-0.0043478808061965879
-0.73859710378993515,-0.49848750935725533,-1.1246283357373408,-0.69293219067354361
1.3277993646013611,1.6022567257287199,-1.1949780462163495,-0.749785712438229
0.93256264014277745,-0.94970789553290302,1.0293910180189254,-0.56740701466617727
-1.0850477996821306,-0.69795377594722885,1.1510998863473401,1.5401394567462376
-1.003743710441916,-0.89060565820453574,-1.1624332586706083,-0.43363354858909403
1.171175699480957,-0.54031396486911665,1.2871294620606952,-0.70226872615740832
-0.97371853207346692,-0.42433441468490973,-1.200258233652413,-0.13443346811899229
-1.0432276026820775,-0.62239094830828745,1.1463526362567367,1.4526177148698634
-0.95833769307942307,-0.48853800749657933,-1.0039722868377425,-0.29857714428507504
1.3059154247261389,-0.28489649284836177,1.0898097052982303,-0.45726139366665208
-1.1601795714214045,-0.56124327463660628,-1.1396185336440288,-0.68597428237209934
0.91890679413442533,-0.8469599187032586,1.1575454557515812,-0.39871648066342968
-1.1915991210565209,-0.065092770700379332,-0.81817943453823661,-0.49068186359921973
1.51160908788129,1.7225812042145034,-0.82500901631047319,-0.17312816043927501
-1.056125604017023,-0.6994184290911869,1.079825522739349,1.7287674939926163
-0.73551357780779547,-0.60950935497903735,-1.2139163082930373,-0.34353151076426125
0.99996871487714345,1.7243157045161877,-0.90208492640853066,-0.61335181338824929
-0.98691739936036693,-0.60937338239291816,-0.91196672014938429,-0.7644583895096746
-1.0302153819263336,-0.75721706908585407,-0.96223332443956644,-0.29065983743033941
0.80433074869947363,-0.39526477707274615,1.1421139737680781,-0.62596845954256097
-0.63426490589026607,-0.59484281604979572,1.181303947644917,1.5866904718975634
1.1366679587829747,1.4928714542533992,-0.49999936673183371,-0.84622561041864752
-0.93891264551778375,-1.0687009580748379,-0.76407959837377604,-0.47591205992070962
0.73661225212321069,1.5089907918806751,-1.0573117785135719,-0.49323762763749951
-1.0592296147843314,-0.47029367329685778,0.97514414508261071,1.6476365616833275
1.2127255873851732,-0.39698352898701456,1.0070848921783742,-0.52937840980747963
-1.1773507174181133,-0.91078908895661781,-0.74751362917278763,-0.75061109102584622
-1.0790961728317787,-0.16609049884092372,1.2402619283313179,1.6390575979287714
1.173223161841632,-0.85576000073974934,1.0625808073338969,-0.31646637956167245
1.0798125414722413,1.4945543274637911,-0.92338826158087706,-0.8362505208378902
0.85165443611943137,-0.52275801844376979,0.92532572825900405,-0.4855652249824457
1.375347899674535,1.7694114376169818,-1.3311780006298095,-1.1352099054010898
-1.2229750452585104,-0.57567324707622636,0.96421099440348224,2.22554319293386
-0.61703814843618809,-0.72852815471482446,-0.95252513126729121,-0.75140030068710062
1.1804297415962324,-1.0375041727614249,1.0046969028695336,-1.1296230312271136
-1.4337856553253798,-0.8527318221982938,-0.97800952340782044,-0.49992216155195929
1.0655846919023795,1.7283927575281082,-1.0022957513931252,-0.45738466569208147
-0.7599303331948829,-0.47570066833103908,0.79525537578826333,1.6286089140594853
0.80710670267611495,-0.50427970251162557,0.82714552360730265,-0.23874538935296827
0.98867423111674158,1.6388936892298993,-1.3650171704975742,-0.26278097124206529
-1.3235794741466522,-0.57355054811184147,-0.54420659251747328,-0.55788140977484113
0.78016581529376128,-0.54273716997110255,1.0925326136291973,-0.35155334660647497
1.0229488101562534,0.23876830124359338,0.82454327509006253,-0.059757306158441499
-0.88310499422393207,-0.56862782200754847,0.88012648789883463,1.3635821993703934
-0.96327429824730293,-0.8439123003311314,1.1111879923868369,1.8971757052236935
0.811117009299541,-0.28742728260750705,1.1004980147885215,-0.73038375725816773
-0.80810154107270082,-0.17980123613654173,-1.2408633423376703,-0.39428627452931986
1.2997673102182723,1.8818348465634054,-0.84766375355984669,-0.5471650885280348
-1.0858299743681361,-0.6023208634541658,0.93106791211317907,1.6955013544716264
-0.93301328792355664,-0.9895034331610546,-1.1194730478895645,-0.49148485064466035
-1.0696125256047251,-0.36430530641354453,-1.0047983014957302,-0.51261426061765814
0.97234681808661017,1.9626034125469269,-0.89171555569717864,-0.40636582661578935
-0.90877791497436788,-0.8898884293699022,-0.65050761039272309,-0.38310246315888341
-0.96989507550111731,-0.85025446541635008,0.63041145810655275,1.6735981059725036
0.9086827847394584,-0.75295069018204974,0.77818451430796609,-0.37833677903698776
0.88160462389256933,-0.81313463989157286,0.5766486145151648,-0.35669158647570159
0.99906821573024496,1.6500759472380504,-1.0722450522339453,-0.69111888407360322
-0.99281275367445976,-1.0905495218639667,1.1854949763822271,2.2447213117211287
0.864582344778834,-0.53152467831236372,1.221586532277392,-0.88419218247333164
-0.85842196549772498,-0.66637592214978747,-0.65613073303669434,-0.61407327546292434
1.085011196580044,-0.21658577769652285,1.1327221549030073,-0.67503978106655527
1.030729980051776,-0.85301574464325503,1.1560174688017146,-1.0442535116987643
0.73517873286166258,2.1553007871948631,-1.2311390602761749,-0.083502351202050518
1.0847185435950855,1.6114129922036935,-1.0802819387725429,-0.68901887353333557
1.0901461109808952,1.6860800008422776,-0.65354588381286982,-0.75020012719793472
0.92533315068480904,1.4404977884805701,-1.1061855364959934,-1.0481103362952107
-0.81744338832124719,-1.0598932806946695,-0.84336283820646385,-0.22062156974333333
1.2850868092512211,-0.9861062696368762,0.86687652051988395,-0.7858843425300619
-0.86994345046964849,-0.53946367809510731,0.90430534301418608,1.8431578220172511
1.1690231111427309,-0.57690129845935356,0.77667246705699422,-0.57385610110304175
1.2893219635278634,2.0011665127133522,-1.0143232620244982,-0.17138688874766597
1.3768059914405018,-0.60145569471962002,1.0236354893005595,-1.0724999943235953
-1.0579081498380467,-0.22634629890820968,1.0465360176336169,1.5270526804066868
-1.0409617187014144,-0.11580326866494539,1.0526522283758113,1.3795766096620325
-1.0226156709691052,-0.49796188368975153,-0.95914750704471852,-0.26914701839780264
1.2471282021056043,1.9208477185498536,-0.97804344739634752,-0.35202954885109244
1.126389631220345,1.5515910031118487,-0.67852848897772355,-0.7886897393348713
-0.72348870868578574,-0.98875672589466479,0.99954078096774546,2.105526212819147
-0.87607633418177788,-0.62443598463459393,-0.91409632937179819,-0.41632283173336537
0.92409344012352701,1.6095952086930112,-0.6177998811284835,-0.84513706535297939
-1.2846707378616593,-0.88854118536720073,0.83863007666098888,1.4794618547226652
0.59486252715877941,-0.60062098371157924,0.7839598749772827,-0.40911945944368489
1.458715386452162,-0.16508554988949012,1.2562420325093389,-0.33180234679836801
-0.94522888516150694,-0.68379754253205016,-0.36254833130046976,-0.96871485387656509
-0.81637636657743884,-0.083181001997520931,-0.92367926244643739,-0.77738622541425828
-0.78469638072772507,-0.83686777841288595,1.2658184553290517,1.2961862917181608
1.3273893917644779,1.3015055486636029,-1.132439089381952,-0.89019264160280354
1.1384203663349508,-0.9638767701494475,0.87984365091612027,-0.32235746259335973
0.99728439971397398,1.7523160717699682,-0.69954491246598483,-0.60134670330089512
-0.77344874407748643,-0.6418578075150928,-1.211316469265165,-0.38697841276664746
1.0718937286008388,-0.53575464404973383,0.76158721016111253,-0.99851004093028695
-1.0922972542999394,-0.31167050422678755,1.4302575787969694,1.2796702902087629
1.213980632667258,-0.20457512264172761,0.61879716331767654,-0.11964446040019203
1.02938255693353,1.5295375243862948,-0.75007470785727193,-0.55025461424582112
0.9830855567846668,-0.12838312302409507,1.2833723267549277,-0.28601733313340544
0.77710256624665885,1.6186856134465832,-0.6359838108558763,-0.70065357153423469
-0.67925402063476026,-0.65919546748114133,-0.92571122074097456,-0.50357497285618669
-1.0367877416467699,-0.93268803165118963,1.0576678585129222,1.619411838368894
-0.96922617191968574,-0.84862239602573275,1.0888169956786904,1.7748329551375921
-0.95265125196351041,-0.59488355305151852,-0.85557256647127788,-0.19887614210206875
0.97790519248842411,1.7163292271961716,-0.94838750547166428,-0.71627566316545987
-0.81697216897898939,-0.83201671738876881,0.86765923387375188,1.9267409706537488
-0.73647375303685403,-0.27466516655723688,1.0544611988550325,1.8885992703962535
-0.82139757540920544,-0.22934622064661223,-0.73794193265914254,-0.64595451127179204
-1.2881659225761921,-1.0881654337778144,1.0613325064960328,1.3760099794521938
-1.5062690930686689,-0.7608029211304187,-0.93562568159729564,-0.19025579350897215
-1.0310077412687759,-0.37766725543576457,-0.95192231873016453,-0.87604953767532778
0.94901310045067555,-0.31168864275731867,0.67392868954265128,-0.68620905110607244
-0.98080342423657685,-0.51744619758058552,1.2008002381919241,1.2471967585948402
0.66738042183495649,1.6276175251544598,-0.87878705821941183,-0.51246549516288609
-1.1040848163080805,-0.55353834621665221,-0.84277507339380253,-0.74667291927382218
-1.3690518866354824,-0.44987983938773968,1.0625556003682028,1.652320556190765
1.6046550005535167,1.7087124253446675,-0.92693746837987734,-0.85664228755411664
1.1182273103728217,2.5395608027681367,-0.79867729402906251,-0.10080374263903744
0.98972327382418712,1.4564592704336483,-0.74344140679584425,-0.66402350453183301
-1.3855626696703935,-0.7514722140437412,-1.5079323254428005,-0.75661847836189733
-1.0081706468800435,-0.38939276641689519,-0.81017859766748845,-0.50854169351234124
1.1818846925157698,1.9562226864861134,-0.68333113415561975,-0.50445945852940222
-0.76523814426333936,-0.54300775906908749,-1.0514983988822113,-0.63033992739294364
-0.84058410556298224,-0.55099850213063584,1.1899832990384585,1.0531611375698422
1.318957697146709,1.6204587809524451,-0.58906078936653827,-0.56960430081605107
0.57012411214617886,-0.23749007561220298,1.3246854314554835,-0.7166195182243188
0.73485984457123443,-0.67507049264630714,0.64923698388262718,-0.96164884711238974
-0.95060588001222968,-0.65206036577810944,0.33189481600388204,2.1597215424115905
-0.91144020379722768,-0.25912814746430418,1.0215905742086284,1.8189549357936095
0.86737603530001828,1.9753024022618053,-0.83206989747793647,0.012079028708329612
1.269624791790247,1.5724706559962947,-0.84431623144660772,-0.38869114182772913
-1.4210051816924902,-0.66557565575975386,1.1913062940467249,1.7341673856179232
-1.181953165971332,-0.16149141201545883,0.66263708098372631,1.2854842936493815
-0.57327661966197985,-0.2127234392078004,-1.0703851349554951,-0.74905593256421021
1.198604157082569,-0.25867540124396016,1.1729962136500269,-0.68860364214091518
0.6383229734704795,1.467364484297581,-1.1442722190922099,-0.65202273774508634
-0.75469888395524309,-0.93452366156380007,-0.70084119457770233,-0.71385266121504376
-0.86116519462590624,-0.31488190051660958,-0.86319612132654355,-0.13888527550555474
-1.2555577242287315,-0.53369648849343854,1.4924802322314237,1.8974930855768024
1.0747469104485108,1.9966042075347186,-0.89422368353598858,-0.57316845437314556
-0.73854959848768931,-0.91593496085544401,-0.94434168285901277,-0.66759733954965428
-1.1774868592541559,-0.075334162149734499,1.1274335110859894,2.0563465886742431
-0.82533832152200226,-0.65741281243496874,0.64348998104971655,1.9850228357223787
-1.2334287059541738,-0.60897682113400153,-0.71824933823315962,-0.92214558303261773
1.1143029151370254,-0.50050757864693574,1.1569905318156399,-0.60867883025096448
-1.1746838385715193,-0.74497184804143013,1.4479465669727791,1.4497924817929846
-1.033501775410298,-0.51919358473723343,-0.54066167762140949,-0.6300449188247681
-1.1883287378062863,-0.74161045699254524,1.0277707290917379,1.6884911685049477
-0.78395858204476532,-0.51061276513514653,-0.85273669015802767,-0.70573272407510612
-0.9797307443503035,-0.80643846805382091,0.85079299364438299,2.0335025792878172
-0.83025021273190169,-0.78239016260559957,1.3335023090883265,1.6417525912591551
1.1346700109424821,1.8728489707354128,-0.93432450665831024,-0.82206850831300904
-0.94720550996013775,0.017268321083772808,-1.2043132420812765,-0.99163757611948922
0.96993889740923467,1.5823443903202132,-0.68814008107493951,-0.25136081055820797
1.0841349004262195,-0.75687668614907844,1.2353343372288004,-0.71874639861519829
1.1280596377424654,-0.31464992384868928,1.202193479082529,-0.90959783697073271
-0.95007354804028932,-0.64153517139094884,-0.72784355420512692,-0.51999757199884389
1.0884927324692837,1.8408926510542241,-0.77871148899375309,-0.32506415221165696
1.1773042298875573,-1.0054617548137912,1.2327478430651189,-0.64433796047010616
1.1492130536893257,-0.43326592803560049,1.0462706031124853,-0.30341353299426682
1.295619914885983,-0.0041682351465563089,1.3893583502316698,-0.66421419485645683
0.55149104070330235,1.7205870812561979,-0.8571720561765428,-0.58718408086367668
1.0713366902487871,1.9958499845960882,-0.67064897221346154,-0.30974343756663225
1.0271324176003178,1.6853525475065394,-1.0946863874970982,-0.77490886470233478
0.81297417331772392,1.9195107256054025,-1.3075346776946219,-0.69736152748895719
-1.1211848082764864,-0.67024787432526289,1.1011222578801216,1.1795406875655075
1.1130343826908611,1.5460165519952893,-1.1214542852745009,-0.61781468153807217
0.90852574241798445,-0.4575917689352359,0.40483080054898574,-0.9606799255679257
-1.0066556272725422,-0.43954398417103563,-0.8623469153333907,-0.48074564968712941
1.1090678631617754,1.9934628158810312,-0.77379808839352182,-0.41500857992255785
-0.6803815383140247,-0.31675351536167934,1.238892411643719,1.6969710826141113
-0.46566343815537653,-0.76770457888322885,-1.1701899146452788,-0.52153405328000557
1.1701296128642686,-0.64998278698935852,0.92334605472534004,-0.094689797905216838
-0.48073243411240324,-0.62410234057354652,1.4023872006247893,1.4649955486411148
1.2867756608519185,1.830804334992836,-0.8175104653002464,-0.32113578005220905
1.0686895109757544,-0.94899247258417885,0.91394200306809414,-1.0137410576916517
1.0502196711693745,-0.30477879212505193,1.336204829432335,-0.27040039155688084
1.4400458257640019,-0.55980402506235716,1.0575536857859551,-0.56787152554289799
-1.1816321298962131,-0.5360706973213808,0.81067110341820769,1.4901531048512
1.0061356744635868,1.8585692997068977,-1.1601977854051171,-0.12034160130861474
-0.90142740477741368,-0.5869076371763936,-0.91004509735415529,-0.6254455643467578
0.44715332322792251,1.469822401248853,-0.74954825759857135,-0.38551438788166986
-1.0279270847731721,-0.76247829194714301,-0.80453778612801408,-0.39043448144411563
-0.86557557233690186,-0.71789423537305996,-0.80145292152403391,-0.70647744042490623
-1.6038119588052182,-0.49456183871526183,-1.1756739124464257,-0.51421500233199269
1.0766755749118824,-0.95045770998534285,1.1163743255783904,-0.7147636281797568
0.92478553487204596,-0.90785056733913472,1.1783004264752677,-1.1298247658506286
1.094078820221946,1.8923465897562557,-1.3313909160845232,-0.78308235714256047
1.1579954145731624,-0.77270005766580629,1.4429136997194214,-1.1846926319980915
-0.61512775168991729,-0.68507378600565205,-0.80087792237138855,-0.61044657006257563
0.59934008087750834,2.2517119369255796,-0.85477844279516335,-0.47978070593427552
1.0008549878372732,1.549154119419992,-1.0179592683611571,-0.53642137962620395
-1.0932943229273147,-0.67236463818253323,0.88206816563862145,1.2502565496617657
0.99815127332850984,1.7995302152710677,-1.1891806062838837,-0.26786366691519875
-0.97617263878211558,-0.34613806760786681,-1.0348133105506014,-0.70683433526420913
0.7177849100908873,-0.35739052943074556,1.0520502267245295,-0.98030458439217549
0.57111089219205191,0.15006451323130801,0.83226883938462126,-0.68873635812854495
-0.45322684101759675,-0.019316537297491349,0.87873788064162917,1.8565400613415688
-1.2540429124713617,-0.2383739239791241,-1.2690106727781469,-0.34927247826289809
1.0550898306917882,-0.91204144427763878,0.79524981542818374,-0.43216357018819657
0.7333692358069388,1.5814884003991592,-0.74190700226371908,-1.0503917973560803
-0.5956356587485786,-1.1244013843785248,0.56575244023056548,2.1352006436030608
0.58029851464312732,-0.94350560693422536,0.99122989610214363,-0.22916518120424145
-1.1527265737888441,-0.50555857514265434,0.86924838478449384,1.5115946134076523
-1.2295505227309171,-0.44582024769913425,0.99705048103344074,1.854844837197871
-0.93446056859588544,-0.85269004780806623,-0.71928479312081106,-1.0055777863318547
0.87705132034818822,-0.6783334629131299,0.91558267998224008,-0.57231747533778554
1.5456240852011891,-0.15521603815174206,0.9318604487698543,-0.16075962574377448
-0.94716993772726088,-0.56485270195737869,-1.0430080707711666,-0.41625036216568584
1.3007404183443934,1.9795857511817287,-1.0858820670107683,-0.17197433744241455
1.1819724514601229,-0.43614692687544016,1.1297545907285391,-1.2359690001524042
-0.78674558672005745,-0.65366226625118162,-0.96259234704343344,-0.58071607316206375
-0.82621964072066778,-0.77833957378939533,0.91054573513149084,1.8636096770954831
1.0548062307347736,-0.44113847520045013,0.95198079706312533,-0.65701315392146176
0.82532010160931157,-0.74009731050049077,0.99129291351637883,-0.49684120389192932
0.91140423579276464,-0.59210024301241193,1.3054721632365269,-0.57768215338175533
1.1001805610560595,-0.48607510444119723,0.66564449440543139,-0.44957637930475475
-1.5217225193908801,-0.58850592753746855,1.0225341673141319,1.6303486051716465
-1.3774961908278873,-0.82633959634683118,-1.1334313356381518,-0.58100748179590345
0.89339573090017332,-0.86018415564631423,1.0136001514289459,-0.64899567125847712
-1.3799595843958776,-0.48634865632075225,1.0408865064474349,1.6009687943967943
-0.9197626327556625,-0.39936772330175002,1.2081150772219382,1.6872897173807282
1.1004220367197848,1.7406124438769162,-1.0194470353731149,-0.83759427679838905
-0.74050251213305329,-0.43349244721007402,-1.1325327351129588,-0.67305753028089299
1.2500419838137979,-0.86596439808510761,1.2433384755633456,-0.44186711621982977
-0.81437042805411841,-0.64383107647471682,0.66034194968821458,1.5162191781278542
-0.81921235460035535,-0.36921604134410901,1.5144814649942782,1.6969396817690827
-0.89039204662105842,-0.19304865746781652,0.65076682428585375,2.3218993202035474
0.99908946263256204,-0.81702183586869526,1.2128057969850661,-0.41107974676077103
-1.134011967358326,-1.0137486465662646,-0.57303122115197602,-0.9593732605384675
-0.42827775834963089,-0.53955862321072245,-1.3826272015602539,-0.49984505561789971
0.80691067690778107,-0.47320516637927779,0.60593771856164791,-0.35211260830107194
-0.55157205445012347,-0.32959750709222402,1.3058096770933569,1.1159758937507043
-0.7278718984448761,-0.1810793253317716,0.83377717972887344,1.6586692169725772
1.4643120052781466,-0.58500376369837437,1.062892372843689,-0.50168548891261222
-0.77606390288305982,-0.92909147707689732,2.0005336689180613,2.2459065355630177
-1.0437544103872454,-0.99670376585327702,0.95570308744572752,2.0546130091359465
-1.0181578687864705,-1.0132834981588663,-0.91980654405153661,-0.94249006408036551
-1.2624750227893935,-0.57892676258421505,0.6460327337141053,1.659201134642728
1.2323980018626983,1.7650333328011065,-0.83453291689560083,-0.61665641316151487
1.0018983031188768,1.4855338211177711,-1.3335244725833892,-0.76767137823957365
-0.95958074512024749,-0.21640561401991479,-0.77112653230470651,-0.39374331914602556
-0.92830977657417391,-0.4186194364317391,-1.3449658633419577,-0.50232206728519513
-1.0934564460297775,-0.6332314490473715,-1.2334359523523786,-0.96270533275825942
0.89272026416216332,1.8413267010439767,-1.1523748453046647,-1.1151756920989362
-0.76558744795632361,-0.44931154302633997,-0.77779730787625379,-0.57554013729622666
1.295908872757495,-0.66343828355739987,1.3224590632796225,0.070910724680851578
1.0047075131165362,1.7833135722618501,-0.69874913226592994,-0.89036068354109055
1.0482032477616499,2.0045460688499142,-1.3055450881854826,-0.38760216210271281
-0.892139777545079,-0.35236384600193948,-1.0319009792862572,-0.75766773285679345
-0.90226385432897127,-0.4069066596019843,0.84468197257159616,1.355895525400076
0.93493730479913495,1.522174821305101,-1.2812274789179789,-0.58596535861611676
1.1241620320791559,-0.52450225525900585,0.98828383198664982,-0.14261159692559811
-0.78206983635384486,-0.85161509422049775,-0.76707117635333788,-0.60618393169291851
-0.89851547062594317,-0.47614579928984613,1.0755123514256242,1.6756079707982676
1.1195048958469298,1.5461771696126427,-0.58886325757471136,-1.1979235571832774
-1.0783989742078117,-0.7919603089181465,-0.95669249150474678,-0.68383556080685715
-0.90134746330744575,-0.81311081813185626,0.89639406269296951,1.9773218311650682
1.1356024728206924,1.6734827781098227,-0.91086674481266361,-0.76570368854207382
0.96622881875333222,-0.63073583422774082,0.88563569266567554,-0.72071793438935428
-0.97499452980351609,-0.80207507589667804,1.0355518969870925,1.4276439273635704
0.88304719618206118,1.6774028252762088,-1.0075357999798642,-0.94776195511339512
-0.81284600900178783,-0.1077324458501023,-0.92307351334414367,-0.61178871251488831
-0.88688316689231483,-0.10302402325568172,-1.1403328429848343,-0.79326858579454707
-0.32493924573908772,-0.76675652861651411,1.0448254655278044,1.7601936282924942
0.95988689554519968,1.4804601315410293,-0.64374813549382315,-0.86647749585374778
1.0170922400993114,-0.55248457029297893,0.520267304689638,-0.82579804357792952
0.75635210242113349,-0.6606248792927204,0.7957876875932145,-0.67761920769631745
1.1975649064257565,-0.091816748416256519,0.99607871543686732,-0.3778721545368251
-1.0175706459764533,-0.43787808097676278,0.76281234283197841,1.6501220755509023
1.0221114974492891,1.8096482753356693,-0.73605699376033429,-0.297239341840496
1.2109199701995681,1.8101260915015791,-0.99186669948358563,-0.65626652111908124
1.3458400169809364,-0.64816487069294759,1.0999330822044369,-0.76741903873073969
-1.0036762284326004,-0.34734227482368579,-0.93520571947417108,-1.0640932083568813
0.90825193451160291,1.2913008060753504,-1.3904345031479826,-0.39265073043127019
-0.89780204814450038,-0.57149836448995261,0.6295646152664337,2.0142890555209187
1.2722767747107602,-0.21492959441758588,1.0575696254848499,-0.61049063859330333
-0.91905260804650613,-1.0507586848506087,0.95891845833440859,1.7843697500374873
-0.90149893697748351,-0.84760031771530564,1.2041383076930277,1.463122456623563
-0.76328009210083902,-0.86888247070038127,-0.7349428597775568,-0.54746309690428729
-0.77415427980116691,-0.3745076057443904,0.57765615176158347,1.9504228978914109
1.2437841244365722,-0.57600942983442305,0.95794761946451512,-0.59886768298055149
0.53717219896482182,1.5896252973925695,-0.8227823469484411,-0.81548089026168735
0.71626751175410497,-0.37367198515410849,1.1582569964964307,-0.77776073054290817
0.71667397423321377,1.1722571256136607,-0.7765303914162065,-1.0449828437419397
1.0787930596723672,-0.32239956454311702,1.1159728675806453,-0.85660870024085178
-1.2615717523074101,-0.70048723469951968,1.4487631985231324,1.3826047891400028
0.93800775931745795,-0.46970180746862583,0.65732452761836624,-0.35590203435556689
-0.84775262564908438,-0.30145622762321905,0.67513324888122284,1.4425112791369976
-0.49493437169922183,-0.74461181281681699,-1.193734842375225,-0.38395838644432839
-1.0021811220224066,-0.11186133841048086,-0.72059750146293033,-0.32885946592459475
-0.95102496541745862,-0.61486322576283625,-0.52023842871280368,-0.35618793483467476
1.0459362956622562,-0.35319531039891522,0.99739689146639809,-0.57113290698359709
0.85275022201197448,-1.0042390107102552,0.76906663584948221,0.0024277998564170449
0.24733193436186063,1.4245702996740217,-1.2107188927337798,-0.44348727601125465
-0.5948131726843181,-0.59402551989006502,-0.74881783479761843,-0.1193862990903922
-1.0260256833186974,-0.31705485929423705,1.0649441457130515,1.9512759893053453
-1.1128189328669822,-0.54135194095090422,-0.87851872450923851,-0.23130805179053399
-0.87921771178381358,-0.9475285895974469,0.48356865014645189,1.353918958114678
-1.0896976727069885,-0.41892340952172374,-1.441701579117654,-0.82198444782937929
1.2050711598808637,-0.50639357164001175,1.054390026246014,-0.56085113168657996
-1.0517175068838576,-0.29409928744264796,-0.47732435733633682,-0.65882392500853815
1.1900981906845265,1.6256675932866429,-0.96026774149546867,-0.51948453896021995
-1.0004430099405763,0.017847957346397735,1.1359134308980103,1.2538773410606807
0.76370556293523018,1.3608210398721534,-0.90137408650073303,-0.4682121354260218
-0.77476445850347009,-0.40715097206409451,-1.2954434661880874,-0.67449888702229077
-0.37853451064494131,-0.1383796310327069,1.2787108915548857,1.4497547586301649
0.76042263939373667,1.5351574413363376,-0.65343242929907952,-0.84464640080641484
0.8886931447725559,-0.39764927679465745,1.3909191433060057,-0.72078657105187294
-1.2180048405395343,-0.47529987452702233,-1.2829874023876646,-0.22296959954194434
-0.57605010253150379,-0.67459770242022599,-1.146489957125864,-0.45494641114999451
1.0207422731617091,-0.12555098933239206,1.5347395248721867,-0.76085175746831246
-1.4871454029379405,-0.64348669004822301,0.56103947902711937,1.6303523985623212
-1.4568481978232635,-0.7850580801867032,0.88983784212314487,2.0485598113389014
1.209487559472054,1.1471467069578296,-0.78734284752935779,-0.90047720863943115
1.0607019689942478,1.9022766252291141,-0.88460070428469295,-0.29889668476342929
0.52854281577766804,1.3256714889888195,-0.88382126922645532,-0.48370831414699034
0.71122091056462355,1.8122049848690436,-1.1457197777503423,-0.80566338445187102
-0.85354380374525385,-0.45550225270948086,1.186317538983332,1.2282597308593357
1.0015587221931486,1.0041478436794085,-1.2910277757353954,-0.17867133159152082
0.55731546327326031,-0.53573448717612748,0.86354401137885983,-0.99293375663861072
1.1660976898271809,-0.54803560603284063,0.93879922211315348,-0.74865526884569988
-1.0451113830643044,-0.36242138233143062,-1.1605242017099549,-0.58859720121181502
-0.65690953105735683,-0.81289615672294957,-0.74630508490949232,-0.84398877438418607
1.0958495185854822,1.9954025498048893,-0.95961461349166355,-0.37899333856808942
-0.67117493221761815,-0.29127910446652183,1.1655633096409896,1.7998585856497713
-1.4027284115636871,0.058814372972481647,1.0239049814190826,1.5159140209224746
-0.77257990743393212,-0.17881259327258414,0.89673509811118335,1.7490800473355195
1.235561757995544,-0.79446278875994736,1.1780426111129114,-0.31549271627886516
-0.82429237347206807,-0.55056929218069173,1.4628223836389969,1.5054963164103645
0.73180675708610976,1.5116373707951876,-0.77721110691486484,-0.5598362358606479
-0.95725432262371968,-0.96177363010793482,-0.74397978866054892,-0.47568489113958118
0.54548980695493199,-1.0662294969792454,0.98554980293552374,-0.85725173264617982
0.85824005205935683,1.6535808531024407,-0.66342340013089141,-0.70095103658630198
-1.1200878907554503,-0.88582752310258328,1.02480038473723,1.7804301030779788
-0.86590382543047084,-0.48122451480641665,1.07629376736214,1.609419415100193
1.4942215468033737,1.8738400834139228,-0.89366524383070522,-0.98041224819555839
-0.86788746047997312,-0.23952015694582227,-1.0688566151377876,-0.528853008734677
0.89401022826631704,1.5893505902771754,-0.80095848967212491,-0.3453291827991643
-0.73141341064424359,-0.27415147168745069,-1.300580358511267,-0.5479725193067353
-0.76789464215059489,-0.26691008164793528,0.92864062959310945,1.9602068954169347
1.048981992920488,1.7581308119410601,-1.2365129397795793,-0.61381474864412722
0.83836606914332812,1.5124102899644094,-1.2807552190018872,-0.74893089555839742
1.1267164640046829,-0.31538730955692917,1.0677504594452121,-0.61138459457170991
1.151721296696772,1.1592260653486191,-1.2836201481965532,-0.2561166687445367
-0.87829814238736259,-0.21221420593849624,0.9738372751185751,1.4462446077925926
1.4382232110565432,-0.23708985942610578,0.92365428401908434,-0.38729243438842997
-0.41002897870518451,-0.60077364414414436,0.63860446333846765,1.9265000903459111
0.76118919067820157,1.7254455517239726,-1.3572507375564304,0.12960559515917963
-0.85282739053136536,-1.0373702185183808,-0.84231308855977449,-1.1759515007921957
-1.2326510231404515,-0.75286455207988612,1.0859465524602789,1.4448185036428658
0.86452636381012038,1.535636957159574,-1.0411928622629811,-0.5366790898122864
0.8901351627950308,2.1565721308750785,-1.1008545644378696,-0.76239161065229599
0.9584106977233452,1.2567590951434029,-1.2940802512419121,-0.22862612458358494
1.3998803121124961,-0.83028197807277304,0.77094474013902603,-0.1485063943189876
0.79816545191408117,1.7283577020957495,-1.3066442555323792,-0.58038119036122626
-0.82655746646750894,-0.50307744724601755,-0.62879021084376363,-0.70553116068103128
1.1741432450897966,1.5997794751753591,-1.3934578099322483,-0.28909242947798336
-0.88988689574485569,-0.55786593602171264,-1.2960306402124901,-1.0521031960961269
-0.81598234046452311,-0.36235996893193828,-0.82500939858522859,-0.67328369144262357
-1.0973567768392538,-0.65477218896038536,-1.3402504463128098,-0.54641755183178264
0.88458842800057313,-0.28100528674223468,1.2448966738029781,0.0019666921455255984
0.83295679256907817,-0.36168142058005526,1.0383797107782273,-0.97416885400496678
0.48146383724570097,-0.10388080989110761,1.3308485345676824,-0.58983720201019041
1.1366810764357096,1.5867634993690902,-0.97037648263617948,-0.86701826476880595
0.89456874466374714,1.3787753700405423,-0.8822274035937292,-0.7669981831097844
-0.98713628864315073,-0.50873293085347449,1.1177325362004942,1.6698289508494262
1.1458109627391844,1.904018349074436,-0.8961375363072106,-0.41942791957296438
1.0027505810352992,2.0283166263895556,-0.89781824202188787,-0.6465045529196104
-0.97205936839986584,-0.04886242420396688,-0.8736887119340756,-0.32060510050262564
0.8681385219596921,-1.091729137162843,0.87150496425012058,-0.63309173596872648
1.3668036888523216,1.5527316856350901,-1.0172867196413657,-0.85120593722954818
-0.91371687577706995,-0.21862589763122672,-0.56020662131911281,-0.33843350981347536
-0.91834941063680342,-0.83107006137220463,1.0753492475299566,1.3080724599091977
1.2189494517186918,-0.66616408907690072,1.1463242784203309,-0.73026678120753852
-0.85795187778396009,-0.89661253932495832,0.9004453410469464,1.4161916809169237
-1.1507784868854196,-0.78823107484380484,-0.72070856965551977,-0.70052113214800826
0.89666313496519179,-0.76241804706206262,1.1489648934221202,-0.26815507307938302
0.81049050281469637,-0.79282797070474731,0.94433085366564873,-0.12627443798071353
0.59977924511061831,1.8070637339135738,-0.88506746176112261,-0.57576347811150508
-0.98496931245694241,-1.1362425782864396,-1.1067495886897321,-0.29079755858622042
-0.80807083698940674,-0.57256414932669786,1.2039614882424972,1.8871008810797827
0.87069406241925296,-0.18156168276960061,0.87853474215338878,-0.8582979708686298
-0.84358158159073793,-0.93378200015509827,-0.80392908887646974,-0.57971865591052474
1.1668132485460849,-0.44505805761678585,1.352536904403393,-0.31061346752364843
0.96489303524244252,-0.88166862096753384,1.4485018615993923,-0.60457399956767022
-1.0564890184244808,-0.64807850685504531,0.78955118772796529,1.5487567758953926
0.82792700414577813,-0.52664686096392721,0.83983000236616068,-1.0289947557680916
0.92620667550354852,-0.30975156454803332,1.1087227140728901,-0.72564745874250502
1.3547956786854112,-0.50703515908432994,0.84656804671058739,-0.28485371054396891
1.0123309016678954,1.4675873518645173,-1.1081284769008817,-0.32360548812530632
-1.0535976152470972,-0.36868030404336988,-0.48294815185715101,-0.54373224448982704
0.8864374627691739,1.2288947004757416,-0.49789583617739724,-0.61408267991063847
1.0081471094681589,1.8546175964228058,-0.78691977363180332,-0.75486591869873232
-0.9156133234700804,-0.83191317107758145,1.3144751275866995,1.6530887178023734
1.3039825108823038,1.3484275635617118,-1.1034013020269822,-0.72723586205852542
-1.0445713653285655,-0.54125768964072118,-0.94491387866345133,-0.76087538713105629
-0.71903374134799813,-1.1156787429789723,1.2065798618039683,1.4180137729042945
0.84446577766504616,-0.75646659070477107,1.2845692869347238,-0.1085245571254264
1.0422408127044671,-0.78964977084708332,0.78142509216234124,-0.74011899390772851
-1.0265105110709447,-0.8706401022759932,-1.2678817111684906,-0.57418713371113073
1.2250029713223294,1.7077774013579317,-0.38227352333741921,-0.3927809438347743
1.315996802742073,1.6864235440793947,-0.40186512772345689,-0.99726212077030363
-0.5892145215459379,-0.42740997117434115,1.3385939308131916,1.5961417047633535
1.1502905487703088,-0.10966123822992101,1.208367332224215,-0.49296281097176897
-1.0636323655502289,-0.61237929940696845,0.66348948418392484,1.3272973638481198
-0.97503106812452511,-0.038547575689532425,-0.64469962894427302,-0.81325783161141207
-0.87609657647512673,-1.0571266103671821,-1.0268390707355672,-0.22306190538169318
-1.4314134848705986,-1.027358865065308,1.022532684551444,2.3476604470187485
1.3213626617333272,-0.83713956424225022,0.37558923758118301,-0.40154166105432687
-1.1946623008202462,-0.64125577030004766,1.2796379889254865,1.2035245054776904
0.88436542790408024,1.6336103044305017,-0.89929232243919144,-0.47441808964094484
1.3007348756742239,2.09600165518808,-1.2044145564755599,-0.56516383799731396
-0.8508864744574729,-0.6916121021692061,0.97443946211519283,1.4337584516431885
1.1009609690159488,1.9357879189068765,-1.2638439398558736,-0.56174098062807776
0.81686660582220849,1.7031624068021767,-1.0861596448195741,-0.22758317923498442
-1.3185053443619947,-0.33707376852854393,-0.78334680208550467,-0.81361393616099109
0.80716102084377761,-0.26778723761413331,1.0763682761872064,-0.61943136734758586
-0.82944418146970744,-1.0603144239115991,-0.78813642675354789,-0.65592337732097383
1.1578847459254413,-0.4009827031690924,0.90215774660611892,-0.56976830816065405
-0.93607074170484372,-0.6917346368395878,-0.49733516653604032,-1.2823534222299369
0.89952463081811829,1.5334499230947114,-1.2107972011382337,-0.4122451343305909
-0.85780763556640938,-0.85681981675425367,-0.72887650693074257,-0.52404122767176242
0.8464539334549056,1.5625939472720547,-0.8262775545422103,-0.59766165805455507
-0.82726433012258427,-0.92796779112692085,-1.0768671015500906,-0.62473089217796041
-1.2021930805908541,-0.79075796070252835,1.1565892591632307,1.5526167616507345
-0.51341455782325174,-0.56829599897828253,1.550416404080535,1.569554883244646
0.36230760631604531,-0.63756205640811514,0.87426438561227671,-0.32336458147447783
1.3207910276831623,-0.37072951980048507,0.70710531933876786,-0.71821595615253198
0.83880985226824611,1.0547209349719859,-1.194515586434898,-0.62611619103494442
-0.6550234989653736,-0.34771042325631835,-0.92832162590100864,-0.76718026586216559
0.65167138604008756,-0.44712595632591956,0.79595153287022591,-0.60492477295448688
-1.0230378665484352,-0.91856443696810874,0.73419965658917541,1.2055990686888491
1.0401639741918931,1.5265350797190482,-1.1215089158122826,0.22760594654238417
0.7564690527617135,-0.65930736601465967,1.2195831345407218,-0.88709905247868692
-1.0704727711095163,-0.58115192690096507,-0.87688056134121173,-0.47792625816845963
-0.83106041254395269,-0.86108991365845966,0.36123257320106139,2.1002835361629102
-0.81863785683726942,-0.89351982691938769,-0.98066558578495577,-0.33485386616618357
-1.231571033857892,-0.093016972060216516,0.90229860906146808,1.6757295700437815
-1.1801635301513829,-0.82073861464169118,-1.0562960513201196,-0.65097514944435808
-0.89798830784346761,-0.79630843071649671,-1.1469630395118842,-0.64218745700223057
-0.61663743647738023,-0.55936485701267658,-0.63012594834387903,-0.65658604842594015
1.164834515295514,1.9276614323145909,-1.180501000040505,-1.0125297542888745
0.63792149939452336,-0.82773103144002136,1.0104020176565116,-0.6343371798875751
-1.1135492835869014,-0.49636141066326217,1.242059407399708,1.4216179155330264
0.56381285837965189,1.9751944740215732,-0.84128324036853652,-1.0776497329083043
1.1735073160656635,1.6986217722544557,-0.95395916329067243,-0.65400077365222131
-1.1486489006283975,-0.62494561958072725,-1.2126617520500835,-0.82766418104591111
0.98862767268731644,1.7486256907998243,-1.358208092553131,-0.82340644247254202
1.1327648104494954,1.6866194295862726,-1.1260587615359778,-0.67288652475614141
0.96022241184613688,1.3865704234541623,-0.75814513031759923,-1.0153967146631739
-1.1436457632108299,-0.4872564193974,0.87346721532220195,1.3052114003648365
-0.91938276065933111,-0.80400487744803439,0.94324176447139629,1.4257541865758356
-1.255654328350897,-0.053789252764841568,0.9903934326008399,1.4281762665215738
1.5431594445324108,1.4193519267673624,-0.66838803713243922,-0.28620017983251983
0.41093068037944525,-0.13930586460420738,0.8296919831784112,-0.86202176336155667
1.5034565590843998,-0.45441943820677738,0.84146474822955519,-0.81760890340117098
-0.81331347549445154,-0.41211132902144881,1.2096454736611728,1.6701164055649911
0.85544691580518961,1.6610030441900618,-1.0018066829718761,-0.53240249624325509
1.0550523252903068,1.2846955127902742,-0.79505973534537577,-0.29078338605717219
-0.9573759019599335,-0.57993355144790104,-0.89527647979663827,-0.56574315267624042
-0.42250391264497117,-0.6304847563327568,-0.4976043343002256,-0.60472442133798865
1.5044577500727139,2.2919880792199425,-0.7882846798541695,-0.38819850155685498
1.1694271717980995,1.7614498177853657,-1.0800876505240957,-0.70053162982984052
-1.0122176852405731,-0.60053496843621457,0.94210986050453127,2.0723755609698067
-0.91089584430318937,-0.54899004827256748,1.209838788846606,1.4158433212066386
0.80956506165203435,2.2127855350056169,-0.90343285615652902,-0.77765925734236241
-1.1687223503871573,-1.0006230694195826,-1.3464148931786946,-0.80603281855479281
-1.0169019401413273,-0.59193264750501884,-0.91951255449243352,-0.57580311525724981
1.3470470257882174,1.6981069885416946,-0.72842760052698508,-0.39750141021296875
-1.0573446565846936,-0.49358782219931308,0.75173795900682883,1.6312179238679112
1.0553089509191624,-0.20106405551952858,1.1759867606461571,-0.88852204815549984
-0.6456089503597684,-0.76248999036983545,0.75208696427448996,1.80981518245099
-0.84757730406328013,-1.115164649752,1.058217036743448,2.07977182980959
1.113846753382062,1.5166806789972185,-0.83026239817731984,-0.42549478938223267
-1.0981498636571558,-0.78196931151727289,0.56862279077630906,1.3252065733546305
1.0194404846945269,-1.0809553811702561,0.95401755696027291,-0.32053592380879559
0.76173144857646724,-0.51791874879235511,0.9872240273554832,-0.95106718382556599
-1.1218077120257208,-0.53450248458766259,0.71921411548405412,1.6361255176812244
-1.2160526197279415,-0.82319921386468153,-0.98627041426506101,-0.6838713872743396
0.88821296478019041,0.0037717140541469714,0.99619362954517854,-0.364428733616384
1.0690213321632451,-0.17872734483480232,0.75220558528952086,-0.40246871041492077
-0.9695505465875397,-0.7371020229840175,1.1134291881895766,1.4237715077165729
-1.1729391214744034,-0.21281267121744118,-1.1290297430150782,-1.1564248642366974
0.76490388822591204,1.3438287157505584,-1.2248004814671316,-0.37786335597789927
-1.2578510732948081,-0.53086586523939872,-0.70696887356256077,-0.70231041394034288
-0.84988075118157214,0.038644273907554226,0.9471749778463503,1.5192764402676633
-0.8824134941577334,-0.32152657804879803,-0.61324474147862928,-0.6861937853429062
-1.2748628675241391,-0.67386729460202577,0.67529579674088236,2.0744343183864875
0.60014459945263543,1.078754514482902,-0.9307387897241417,-0.87899713394445356
0.97486041900855391,-0.37615031127187121,0.93650019856558597,-0.78868315358717234
0.88414279731893197,-0.79208443701727183,0.61450901362430976,-0.69486639842974185
0.71052087132219466,2.106965294772611,-0.78231805438219915,-0.87349745507001175
1.233031898574436,-0.21890331357548495,1.0952408796786213,-0.58582419640706307
0.97576276571217568,-0.47618117340795368,1.0620990948056699,-0.65955389586924018
-0.95076626706090428,-0.19312458434744836,-1.0229358369687089,-0.70035398587140829
-0.80304748037294937,-0.98072903188448135,-0.66683776240592019,-0.45590774591310934
-0.84842066751851297,0.010959458659295025,0.92710244864976354,1.8243457654300825
0.91491200698747432,2.0901344380970328,-1.1402626086865792,-0.62523815939447391
0.72741954889114635,1.9864073258616008,-0.88942212146989952,-0.56675862907699315
-0.67130028894128868,-0.44529687274973073,0.83407984866253826,1.3539223300174998
0.59343649050196035,1.4414980368172101,-1.5668242768532565,-0.48061079333149748
1.3118433104725973,-0.69885683840908308,1.0553564168278438,-0.63275293217835271
-1.0719207936913417,-0.67799921467701707,0.93924275350216735,1.5620595647594697
-0.46365269598457576,-0.20672731373139699,-0.80002154583054985,-0.73196164972086064
0.94355190753250306,-1.0843865112838185,1.116825085435508,-0.49502773264829641
-1.074341254659976,-0.65717769538456627,1.0484422944142306,1.9263951398705801
1.0007312015368173,-0.41925428500032924,0.90652059046988798,-0.4292535521954412
1.2973362950818565,1.2034481745835968,-1.1317585823967966,-0.63035177515305407
0.57045279248724012,1.5151828559782481,-0.79618555766840382,-0.45441423004993575
-1.0177499398092125,-0.14792578296409001,-0.53538461788789071,-0.65150632951076659
-0.87767126639117332,-0.52469229819382412,-1.1599252119203829,-0.55911645232841756
-0.91179656862106351,-0.27058298801619113,-0.66461491579144283,-0.23918457969551751
-0.91919380179546362,-0.5904250746939238,-0.51729574714969162,-1.0860889734396793
-1.0213168385926801,-0.32380310969475851,-0.58701307092640043,-0.46519255034879858
0.7260455209560861,1.8075402753364889,-1.049563949610528,-0.47401414622008048
1.6563431712207421,-0.2834394350480815,1.0188837909218922,-0.46039190907811683
-1.2835630583227104,-0.56188378402679018,0.62726577706420228,1.2762294741229656
-0.71745248683196938,-0.83965521642833141,-1.012856039384626,-0.1349539792741285
-1.2036968070078846,-0.93330686626090675,0.86894312101612525,2.1486507424716685
0.52645840228252871,-0.36643323755059282,1.1979092216412179,-0.75695406172164637
1.0261933045179039,-0.68321220976166686,0.81292731219316239,-0.55254646267724916
-0.45586441299566877,-0.78861078891340131,-1.1042893146998569,-0.67491723347337274
-0.79987780051135993,-0.38604977946999869,1.0119616986588318,1.59684327129423
0.61043983215928266,-0.46539721283212127,0.78438728132206581,-0.6498004232843011
0.83807378566971436,-0.87836137993878516,0.59263390836259344,-0.28527583062848244
0.81672489822153738,1.2088439492237086,-0.85044904218045625,-0.20884259118184506
-1.2123659819479649,-0.96520635365024088,0.59037908967765862,1.4602348433444796
-0.7072539275308648,-0.17046913479971357,-1.0295541250579219,-0.24130487433869799
-0.37006378639139414,-0.44774983679332475,1.2564794598847366,1.7017722507446091
-1.2840116220006499,-0.64272566184100011,-0.86141875801914969,-0.67764148069503538
1.1823109238518172,-0.43076213361508614,1.1268278025279879,-0.55338411709857716
-1.194073830909441,-0.59538015341856498,-1.1860208158278311,-0.4182850157457888
-0.69174927769850236,-0.97207403153509409,0.69506343285977246,1.6500346168214599
1.0424372079841457,-0.33672077094754832,1.1834474664555923,0.11288417100755527
0.92530728489068392,-0.31712908651654242,0.70684824535775559,-0.49604176656449844
-0.78107973070587,-0.92879233738743483,1.3009410258076828,1.2607566550490854
-0.43226603285913257,-0.19353449389173571,1.07504342772558,1.5040858073111887
-0.61787758583338415,-0.6083014231235303,-0.94108972726262585,-0.66314492627430355
0.94544934828725224,-0.77297525608839646,1.0635757410974687,-0.73903657358742025
-0.77054068979513468,0.29817530837631712,0.69854403292424927,1.4015057796640984
0.73680125717599632,-0.61588640951445417,1.1033489967466548,-0.55408450313417856
1.0911606043776165,1.2056237359615054,-0.7128083173817944,-0.28757254428102302
-0.72284462731761145,-0.54454305588049934,0.76971200830938469,0.93494770397697979
1.0978744407541337,1.820772320080388,-0.99328320990191954,-0.42036524269996872
-1.0848116241967551,-0.27142814262178883,-1.1507884977421294,-0.32253925557284224
0.98067227819279401,1.7595540624948307,-0.9299603928893877,-0.38827421131240242
0.85596441644336407,-0.60028727657731062,0.88915762474007709,-0.77273546258970982
-0.84319453000445244,-0.72437791020928188,-0.72376933936582177,-0.95023045140891582
-1.018271124013604,-0.40825238984737938,0.71572573091546599,2.0530983925371453
-0.99795247460959891,-0.75534112542603093,-0.97591275940615785,-0.29537043835848081
-1.093211321441524,-0.32886466265590336,1.000719021268607,1.0646365658483892
-0.6980532336159726,-0.67137888340817342,0.56823782851346671,1.2269162383287449
-0.86771320123928464,-1.1304816960068809,0.93190771183053067,1.3615660122268383
-1.1678499571969108,-0.34814051623135778,-1.1669229482486927,-0.94161568752986791
-0.88775786375485055,-0.64385086154828297,-1.1075330202567768,-0.042053762623964354
0.86372212236850177,1.6644847922233788,-0.78626957060908176,-0.19232877614068319
-0.92214986079773786,-0.13818318782576855,-0.76533238225195444,-0.47223071257170257
-0.51234491485834233,-0.61667924322332768,0.69320071223311552,1.7121657197051869
0.74914737022325628,1.7208152602522793,-0.97490589548459261,-0.63454347843424552
1.0422949461164577,1.6976268353469608,-1.3214304113923139,-0.77213469751311392
-1.2771485723242735,-0.15960104782550624,-0.7564272570710151,-0.56093986228854675
1.1343633165264273,-0.65293199121871004,0.8610244268814693,0.034223947805014032
-1.2812792703626765,-0.78447253495915414,-0.72209805730307108,-0.927334651702585
-1.3417700326598581,-0.76789281593213776,0.69646334618247296,1.9724820968960453
-0.81661091390345186,-1.1307873156399006,1.289398459663833,1.9764457686631598
-1.1206259570094004,-1.0697430073588514,-1.0944467128095017,-0.60153247077911398
0.53295838396833284,2.0057292428063178,-1.1390072183896136,-0.43207692809146886
0.68324723897398865,1.643387583201142,-1.0562147658062062,-0.70520666772040741
-0.69611373785131103,-0.5497420968448915,0.73790637796355485,1.241204465792515
-0.90527228579073415,-0.50847561866853119,-1.4643708428077353,-0.2955127168517695
1.0394914635446402,-0.24803785685180391,0.99396559326129352,-0.45695464271032921
-0.73850121559600002,-0.64412177099183821,-0.52908338616404849,-0.37994478153816036
1.0373259423093515,1.6123868958517729,-0.93027023526675934,-0.13046742548270626
-1.6857230166179293,-0.32037458218147719,-0.89048121947197267,-0.63464661782895915
-0.94157392251465688,-0.26926591293103486,1.3884082700394067,1.7740281240827958
-1.2702618046384628,-0.30852191558660846,-1.0114850341422976,-0.45525631009371748
0.77419839183342598,1.3479064061339765,-1.1577384381419218,-0.37968677828630532
-1.3248634105969965,-0.51689674019443543,-0.87317227611556003,-0.50319463275507548
-0.86034329747035132,-0.68968378781801043,0.97826777002997889,1.6813886766985202
1.5225150304627983,-0.69092926483828832,0.91843495935772512,-0.81637995019456067
1.1042640309257252,-0.49377173043346856,1.0459468048105183,-0.85588669154911778
1.4403336751014799,2.0707011935974307,-1.0193588920817702,-0.25707876745438463
-1.000114329599515,-1.0294730794365887,-1.1355473306664332,-0.79509850165018425
-1.0710931113737971,-0.79432017688739653,-1.3514657389296427,-0.50740852342026477
1.1739039864941392,-0.57701378000521164,0.76560327290125219,-0.84102721632993849
-1.2372969816545023,-0.67244511297337073,0.82611074059649414,1.7493213491312098
-1.253986954597107,-0.34263401157213957,1.0557026419154651,2.2150230668735356
0.30110959930521436,1.6044269756774834,-1.0088059889434999,-0.95879540069236857
-1.4635768146535664,-0.69755689268292032,0.81577013895651218,1.8588032403668262
-1.0488239905634718,-0.1922619020256712,0.6817491506492348,1.3820404169051914
-0.91717297889329175,-0.32081952060097774,-0.94393114366380948,-0.20363558293514572
0.90978780841561757,-0.8415916838232651,1.2561135881915009,-0.61127151069797081
-1.3886685510888843,-1.0449577012810032,0.81063366366033851,1.2122035725972711
0.7228656910797483,1.7203032384826737,-0.67600790824915213,-0.81815043626296236
0.80768720499855129,2.2993881747623188,-1.102276012571795,-0.6248424745012241
1.2002436789187565,1.5263158239239307,-0.36699476591076835,-0.55083404479274622
-0.87267794989231251,-0.94028199435736914,0.89648469656226659,1.6104033784924014
0.79889874717752807,1.370701572825378,-0.72885683715696115,-0.99780631427416533
-1.3214994024098126,-0.92470468807436945,-0.84163109881193132,-0.75198881627297642
0.95246230409725907,1.5650142593049781,-0.98804601679176285,-0.65666385244925585
0.57818454024041654,1.9165888022039985,-1.2042082207802738,-0.30138520173195488
0.83611907065654534,-0.4871014584520863,1.0538714299959258,-1.0994838047135973
-1.0177444260071167,-0.29603092143705939,1.2287264053102356,1.4042469259143566
1.2753621944385412,-0.25665724406877199,0.96175183248562301,-0.95163837889499348
-0.73788293073857369,-0.50604172929485525,-1.0055359759329536,-0.15357778884906964
1.0385569693540344,-0.47416705291891598,1.4294570722908468,-0.811069730109923
-0.996364343718391,-0.82981983062284181,-1.1437250217399624,0.092527519498059776
0.87770387738283029,1.8355340564181293,-1.0211906310771088,-0.29059700939729122
-0.80618682566258948,-0.54811382180646984,-1.0898987668755002,-0.067572481237861373
0.66705839269809886,1.4507010438686621,-0.52450558804687009,-1.006306749573159
0.90881913442563211,1.5663616626505539,-0.72261804364317916,-0.61919940414213248
1.2773438837798692,-0.51439871863347342,1.0720423160452985,0.066556122930326006
-1.1352474862752922,0.077059397657992065,-1.0312527281816053,-0.41488783682424485
-1.3010651017285486,-0.22761588981680708,1.2737099036993176,1.5052006426816713
0.99136612126247636,-0.81504598422664931,1.1690822761900155,-0.74329302135424036
-0.87753254374933309,-0.39517720488471325,-0.86284192059743292,-0.40358321649801837
1.3878835720415974,-0.80511971986848396,0.96216366982218349,-0.98804489269175344
-1.1571212414940775,-0.4153528676716704,1.0430315080207981,1.8845076770658342
0.86872844682141692,-0.90418419402872752,0.57350293347281445,-0.99075959057925267
-0.65787702722993124,-0.95204752695710948,-1.54682699786308,-0.7373838933738579
-1.0084306616207632,-0.52154992060610184,-0.80985956042383944,-0.6570288609297239
-0.87542202196824881,-0.32477082552788367,-0.61842829449014325,-0.49610949439383473
-0.83681533233942895,-0.81793064795259918,-1.0958437069431604,-0.28315493009651366
-0.64714043631656526,-0.31684460637152095,-0.59356530657150131,-0.30116713445414639
1.20432936585649,-0.23723239162721949,1.1549250433914144,-0.65111696034956013
0.98162857355273381,-0.39443882328350865,1.3290851590411137,-1.001243231597325
-1.2458497836154785,-0.27136897330111037,1.3266608420464199,2.1155561485067413
-0.96458457104137529,-0.540153805362527,-1.0200202911211937,-0.98002542771871137
-0.77414169332098992,-0.10334743617633811,-0.83057921127693701,-0.27905835794083395
1.2879704757848263,-0.31739792450273102,1.0289198701748496,-0.69804195376971989
-0.79152209821106279,-0.51420068199779145,-1.1574082222576962,-0.63058330369915927
0.63716418589367463,1.5007066620713574,-0.8825837068339949,0.021090280941846565
-0.91680590112726867,-0.5219464221114406,0.89457434218426124,1.6762545331643623
-1.2091694778722002,-0.24124148490322617,-0.74756805119706637,-0.4481724032672964
-1.0571399242053015,-0.39305917956302094,1.0924846091871769,2.0795722553113203
-1.2015188378591732,-0.75241678532436573,-0.92922488757179955,-0.72996859172322437
-0.54920967604597537,-0.78929390509434927,1.3168110348561282,1.601916088345815
-0.98894940286752175,-0.42675038462450682,1.1054901060679623,1.9236944564541845
-0.51341206362167546,-0.8327141877069818,1.3684026505091107,1.7609769634668009
-1.3511346972339362,-0.20322126590974024,0.44905429038785805,1.422050994301711
0.80901836961763296,1.6454943084573277,-0.77259673784607963,-0.74654760566660605
-0.76126813747093858,-0.51857826894932513,-1.3033316710149736,-0.75583170542729161
0.86741354070149967,1.0742776170849244,-0.82887753257908459,-0.41397609274130331
1.4528065305399529,2.0073562397821014,-1.1652977245019345,-0.65840391236328832
0.8396255485615487,1.5595430623710032,-0.97788961366350025,-0.27225965350426468
0.48971096094682021,-0.34904290148599593,1.0506784858928988,-0.39006924904822587
0.96975968440708216,-1.1183056696056473,1.3156466954554655,-0.8328582021981481
0.89876768682861419,-0.42529773531041715,0.99338861323036987,-0.46776819675938158
0.95899600369326199,-0.4730769484797106,1.2917139789463032,-0.627262025519846
-1.1381207025661817,-0.99559766073377143,1.157898909307306,1.5889268864441721
0.83175366363091585,1.703862665620691,-1.1674024134647207,-0.55370979384734997
0.80686633554642373,1.3173537909473036,-1.0679772673593702,-0.36818235954638734
0.89653491452860012,1.4256419336183743,-1.6777605962361744,-0.50172037361817368
0.72411500893599123,-0.40267959855242802,0.82957855183278784,-0.68574151570542674
1.250541932663102,1.6294204366635354,-0.88263430031867718,-0.58130553133307905
0.78670080817947052,1.5891357960825401,-0.96835935486454194,-0.69201941921396104
1.2885663128280656,1.4655180190695143,-1.1548657244431444,-1.265544170546999
-1.2842349916084874,-1.1101651608404179,-1.1081667738809298,-0.50269439911710445
1.1869521710962236,1.7618154565677271,-0.91283342679668344,-0.74420508155307141
0.85092058658896752,-1.209574293637899,1.0080540629402437,-1.0939185844780552
-0.91556635800081454,-0.28605698700231502,0.47844366626110946,2.1102401329641287
1.1688692096676865,-0.52502329981887186,0.77637331968471324,-0.35690990401192263
0.77794154175467412,1.6837914122521573,-0.96909231892381253,-0.68001202057928156
1.0463423886300205,-0.69689304371119698,1.194755200058748,-0.91336333041808948
-0.95653895659920829,-1.1405044159183246,-1.4306457761624369,-1.0827761316031683
0.73111724891700325,-0.44155502403116909,0.97413734921753603,-0.11005366236916525
1.1252241924393365,-0.48823588676750906,0.68910328289047817,-0.2974892051081951
0.45605300396368381,1.5530935001884669,-0.76719100211305269,-0.50074505072694631
1.3501001132733421,1.7318290397279417,-1.0567822237204936,-0.38981497332956844
-0.66803330057653298,-0.35388651323073689,-1.0442499714028974,-0.70913630434341346
-0.99303492525723458,-0.44308997393986493,0.7959001922121578,1.7170827969951865
-1.0466427535488061,-0.39520114615158564,0.62874853975208844,1.655102797506665
1.0718111428153105,-0.43910358702345437,0.69191812250809404,-0.64538819624140942
0.87831486439119988,1.4910834147459304,-1.0577143254151662,-0.36448398803957843
-0.99155386316494476,-0.05257123583324487,1.1157378496946153,1.4197100507676241
1.0445763091582922,1.8070367518535158,-0.86973619368397037,-0.60788649565242692
0.9691490669100572,1.7586145769076127,-0.54121961341906066,-0.70577377962626153
-0.54856871242977157,-0.65872796876634621,1.0531810186193789,1.1447169396847374
-1.0242035305004196,-1.0276209840936279,-1.0677678155456227,-0.46501307555250615
-1.14964219331172,-0.63418799760071864,-0.82536291006137097,-0.14416662367228011
0.7278616692150135,-0.69641538688816151,0.91270686174908489,-0.30676054168984002
-1.077736255611192,-1.1090434401192253,-0.63942917213834871,-0.24187198624455214
0.76463248214327073,-0.35809016415633532,1.008142472665509,-0.75771729719397596
-0.72644043459018259,-0.58942882652735873,1.5402433546242842,1.6078795092302278
1.0487477227279833,-0.20446090035795825,0.46175368944626294,-0.3669896542951121
0.96681948263774631,1.6187844060286856,-1.2491517772494507,-0.66949826293698189
0.99760772214053783,2.0613375689286251,-0.77824463884465545,-0.45374975445009991
0.78023343586983118,1.3475601009537039,-0.80776311932850442,-1.1118238099500657
-0.39961310054451094,-0.86297448839064383,0.98890251471817037,1.5607070102400451
-0.75812990071533237,-0.65690256999412688,-1.446127903758998,-0.46075877473943594
1.1734480094948481,1.9539755270433263,-1.1520156692116912,0.075497039378417896
1.0307297952961036,-0.9715478813639622,1.2382136770233392,-0.66469997277822868
1.0281635390075481,-0.098161516101756427,1.2250852961847953,-0.44120486660271624
1.1487770303026452,1.810214048768225,-1.0783621665346528,-0.34645163129398682
-0.84516855198537921,-0.41934220243125658,0.89311882526076503,1.0508251465180249
-0.7646892928970177,-0.78823701036587468,-1.3177573070282489,-0.74637607328203859
0.8878022529206181,1.7035631010168968,-0.97720273543242053,-0.21549964935690474
1.2867514578588444,1.4644153663789532,-0.85827834773479139,-0.74908911156111757
0.64862494975916651,1.6062082165556459,-0.81278441408244628,-0.46329366854325771
-0.52164537683628853,-0.65619790932870847,1.4577874775869435,1.7665985577026462
0.9720534260789625,-0.34229076046362555,1.3209976153053746,-0.75079071070858805
1.0392919274185322,-0.67554039478279049,1.1894398665133483,-0.20882760202008219
0.97763323213876585,-0.73617459434095933,0.702818281717417,-0.55745761938006744
-1.1421395194977642,-0.57396936259905529,1.0013580919870859,1.3122723756177697
-1.0545970972454421,-0.40858207025442717,1.1716463435680424,1.3693032647394838
1.3436924170458628,-0.34344113634505702,0.79057188449323901,-0.21903688078901512
-0.46400266941687207,-0.39669027170533055,-1.1903790723945347,-0.39189736040899359
-1.1918185184174035,-0.22149276806953991,0.63113634371559302,1.8947599475957462
-0.86356282672177931,-0.35195213057174274,0.98575609229447592,1.6243333412813474
0.86616828747004793,1.2086405214874443,-1.1862168416888033,-0.11937265342115992
1.0121502106203644,2.0380652234428114,-1.1592284292979114,-0.44847401734041409
-0.8651228632035648,-0.30736136831836375,-1.0722306879704064,-0.50813530019333286
-1.0664607785905802,-0.7075969544105235,0.98097010502865145,1.9375163076089039
-0.87935902100506624,-0.2133170179719317,1.0644728125236398,1.4512499867877402
-0.55836168684121079,-0.99872537545740958,0.7921297120421994,1.6985687323199012
-1.1974421115715472,-0.56173696035690923,0.9510060659411762,1.9134088883839067
0.89866274560673509,2.1054211560914937,-0.71898983918675674,-0.13309703550993465
1.0602478395516799,1.8305629836524742,-0.81387097794649588,-0.21535199689349371
1.0779672018170869,-0.43193890729936968,1.5811496263123512,-0.78846399307524584
-0.93043800170151636,-1.0786118192884822,0.79804056015212144,1.4626392208004031
-0.86556555511529309,-0.90929631179533554,1.0160444857199262,1.5419604950139767
-0.98440876663392418,-0.80263423659994793,0.97629662238177028,1.6224286376748405
1.0353204194862937,1.5051094119184669,-0.49828367129294748,-0.62745664095009845
0.9751830024124285,-0.12825819821059797,0.86667060185160383,-0.28588113987099067
-0.7330967195747714,-0.60778626097144273,-1.1216811595498311,-0.48814414450963511
-0.78096376187979932,-0.75098113258354104,-0.74119988663876635,-0.51428795924500192
-0.95058770395126313,-0.60603438233752382,-0.67271022086312626,-0.84853375692919353
1.296424895350291,1.993688445391123,-0.72573376824560087,-0.5881284293370389
-0.90653903418993775,-0.46675061145334484,-1.1784863194065067,-0.72647494476938579
1.1257150882606966,1.5597708164527531,-1.0321617891341979,-1.0249986821222983
-0.89316729044308429,-1.1582052846879007,1.5591015011794922,1.7372124246100029
-1.0885322916621276,-0.38104925482973317,0.55690701941598064,1.5033981498794526
1.1617986100879152,1.5633477452963536,-0.52678816219586877,-0.020793177728298327
0.56095579666286111,1.7241618855281402,-0.7626562272819899,-0.70084171317449906
0.76599006682349446,-0.60631572541970635,0.84674078856372603,-0.44386847225956677
1.1370622273877102,-0.62963730453405375,0.92414007414470301,-0.17809276048467046
1.2794890818912026,1.7779014384199707,-1.1840660944100243,-0.40222358888556492
0.64083435732435545,1.7228935162482462,-1.0380506159013883,-0.76624872502164099
1.2660796999497281,1.6618420375378509,-0.8602931500016664,-0.99401516275377322
-1.25631720860873,-0.093479331967313548,1.1433437400723436,1.8395745430372297
-1.0847802157324604,-0.83162667258948475,-1.412267952045436,-0.77621286908972265
0.68207828983520602,-0.43725179708766942,0.90773052482320304,-0.69908720413001502
0.94881670517099703,-0.47234097693948068,0.9154003001716301,-0.56696107691640341
-0.93472624797438664,-0.74865628021093134,0.82369420810591165,1.5964757338866455
1.0869518701621164,1.2182586698408917,-0.76362822456023327,-0.27025761254676706
0.89296654347336879,1.7715748889364391,-0.69403681977115972,-0.81874586688392204
-0.95071881444289308,-0.39300801722177897,-0.81069172623016506,-0.49950796412192766
1.0615980340050106,-0.37647029832072892,0.78318883837958186,-0.290708940765183
-1.1722150870890315,-0.5065378300555976,1.0046564975862886,1.7630685969359956
-1.1091518329993537,-0.47151583978247424,-0.81889990661146372,-0.64283452647089789
-0.62569686158632309,-0.57955193356292034,-0.85495766015097807,-0.69954677077594496
0.3046190333009749,1.578482131502928,-1.2457818051823906,-0.61392961066974505
1.2133633639660295,-0.37268857404785899,0.92721180239799517,-0.79473106961456308
1.237586864919868,1.7721404499118292,-1.1161679351060159,0.060000880414692467
-0.63208331091148529,-0.028613609759106338,1.0013493807562945,1.4824013110076351
0.89780159941804127,-0.63776678544452015,0.98428537705342889,-0.66691030117820183
1.1864309753446027,-0.90483662342778859,0.77791150062805903,-0.53547561027777557
1.0412383284264468,-0.69726980993761767,1.532810079924575,-1.1387597814687822
0.84283918872592134,1.7351000302527739,-0.62277024066727993,-0.4687951123980828
-0.81762567288645216,-0.37053189480056187,1.2894874254251063,1.9426091453334939
1.0772516430981829,1.6855947486755642,-1.2979809365104005,0.083867840819704914
0.90071501161489032,1.7664920637015675,-0.71917738549860732,-1.0177570466384867
0.88419305086180355,-0.48951991812409523,0.88494416921711272,-0.29652183780018804
0.92934160975151192,-0.33699112269104331,1.0102035128016706,-0.52779709604885716
-0.8295765011727787,-0.061862200151342778,-1.5513736579638129,-0.13007056832636602
-0.95832060029292587,-0.24903916747427299,-1.0232812511704856,-0.60113940372057451
-1.2604977675842011,-0.4368071507967719,-0.83218854166113443,-0.12500915778979563
-0.87441256316359828,-0.48243530155508935,0.50808325833794155,0.94047899444037675
0.90583588458464526,-0.8473048163548077,0.98425683387168705,-0.81440314582224549
1.1680254305121909,1.8255628042551031,-1.0658951094389895,-0.29562333107012145
0.71014138317124476,1.2863354696531724,-0.52096461173919595,-0.30433722362353427
-1.3898442899986247,-0.70293827335004855,-0.98325594034446318,-0.67164710021068974
-1.0618648080331223,-0.01817373020259188,-1.0421858614846085,-0.63163149130292817
0.84305590712955536,1.5237000512984609,-0.88096345265905773,-0.59739864963444889
1.1483618843069372,1.79691890424608,-1.177636117182173,-0.13325588374443395
-1.3807438260359675,-0.42471525743319949,1.0820713521754883,1.2891680974822801
0.7427405977741387,-0.69226562041124196,1.0607929662229783,-0.58554719821240719
-0.97544309059464795,-0.73890207959992737,-1.416384425621346,-0.62238186793144679
-1.1173185764357831,-0.33258106962885908,-1.0162601844980086,-0.12546325826513535
-0.99060901688307412,-0.074218390229184528,-1.0845737953726293,-0.53111713281472916
-1.2247263673709117,-0.5225888062701306,0.88372218741695852,1.6532463542592961
-1.1377695744109333,-0.79927568716565578,-1.1058261982258508,-0.72095840638083464
-1.1599194816236928,-0.57077629234773664,-0.64354675778627457,-1.002722601274441
-1.3515581110459807,-1.1546516730182479,0.84826080566414541,1.6578304561456356
1.0802010826511348,1.4613738295931973,-0.80885240545217629,-0.74038960228067929
-1.0719356896174226,-0.26191439040819198,1.2544756914573945,1.2130290565568513
-1.0753930109663588,-0.95980810919557646,-1.1064844869388548,-0.58272614049956961
1.248960608863696,1.6788137533143621,-0.99593074060155773,-0.68460129886331245
-0.79091515273302526,-0.0097921356684581712,-1.439475025596457,-0.57383129259145971
-1.1074138363898185,-0.86338243270614745,1.064039660473441,1.709199709685495
1.1957313911336309,1.4916037223450027,-1.1848188744921304,-0.4679860532932637
-1.0342521778942788,-0.606066197798104,1.1945318589288854,1.5559827636426715
-1.0464049499040684,-0.26896868535606472,-0.88137012349437749,-0.28656771724010421
1.0298483259834543,1.5259096058228994,-0.82225414749313219,0.045138902611387546
1.0238214111966313,1.3998162779138392,-0.74978063431356345,-0.77944510137439815
0.96615177563797383,-0.64209045475094273,0.96732331328535526,-0.53760066312366861
-1.0047309812450436,-0.72147372698122303,-0.90809607530542991,-0.21175873391996047
-0.85315448890198231,-0.48004888971868576,-0.81829761535809453,-0.26338933627150579
1.2222750538204918,-0.60595124187318405,0.92549457786008704,-0.34242615887046524
0.89958744774670785,1.5950142734033754,-1.0822477924945924,-0.92706829772264765
1.3286544138528682,1.3402713329662126,-0.75641836049488786,-0.60677822297952644
-1.1402669514754011,-0.10734896066581275,0.99762783175503633,1.4383086237573828
-0.48085816034741852,-0.81942499198547936,-0.77811454958696047,-1.1628204682281078
-0.75545100120280784,-1.0571227861381975,1.0793254610228593,1.0319688337063191
0.9071077426329115,1.5119804891179731,-1.0578173426697237,-0.2714281896857737
0.49698987254713484,-0.84480358469885597,0.96440523631559527,-0.14348873949012922
0.89861674144432691,-0.21806041632727399,1.0725990934345997,-0.67132123082879669
0.91034558579035829,-0.59904352909114822,0.96933838777819259,-1.0993492974025934
-0.61023244230160878,-0.78528724179717657,-1.076834341761955,-0.19909855597335854
1.0786199436074013,-0.49355133268108498,0.61263887918421334,-0.83293275286210045
0.56778741478048367,1.7583262725336066,-0.75065602033542433,-0.52829259782710647
1.0545472032821779,-0.29799931052115619,0.78868581035424778,-0.29578713178689037
0.77197319451597712,-0.72743964370436265,0.8913141177242716,-0.60050784039486427
0.59573623673319109,-0.8950120198234639,0.91254264578140154,-0.14866640164508191
1.2048082525591493,-0.30727407498036097,1.089173970795799,-0.80184446741918014
-0.80626740223018101,-0.55602332821906253,-0.97412762897077787,-0.90269773836259004
-1.0391456570467086,-0.65566139523145683,-1.0388979163128054,-0.39095353056326265
-0.61197150125625976,-0.48474701477985088,0.81267135028416604,1.4027158712892991
0.91857349490155604,1.6452410595156806,-0.78126126161274234,-0.3905644314177118
-1.3379619411197887,-0.69971244325152415,1.0138105183852897,1.5938639844071767
-0.73437490550481455,-0.70859367064678191,1.5711192927648094,1.7426698493272081
-1.1030715931066066,-0.6243169355895889,0.52221584020685641,1.0743637678857572
1.0230755525474664,1.5631121302994688,-0.57661023958986124,-0.43813214112730997
-1.1607817594408796,-0.53412697982566382,0.79547315655804662,1.4069640473570091
0.68789772400201121,1.9299576693626803,-1.0141764916865643,-0.92072527434086593
-0.84352711330909147,-0.81874489004057138,1.1597564402645555,1.7239920366211354
-1.15507336343314,-0.27853565808969738,1.1399015064924161,1.7838159149989943
-1.0720525591273959,-0.44746057636207254,1.0568679080428076,1.770490155046943
-0.77781782312210324,-0.80292631208864718,0.90014341349462557,1.4839469069636122
-1.5418425044846058,-0.66196857791646735,-1.0986327951431578,-0.58849222110061961
0.77327276591509164,-0.27568427046734267,1.6414685978008956,-0.37384848660817299
-0.59056298391484074,-0.20127964642853569,0.28957834432696727,1.4572987589623316
-0.94740195178958531,-0.49367147720835131,1.0792424263123377,2.1463696502126699
-1.3374503526631285,-0.62027591730477583,-0.85424573713137331,-0.4089233753916956
-0.95763850328006572,-1.0651434159476176,0.97482423903269932,1.8262763905395325
1.0017299907013912,-1.0598099974856714,1.0287747447767728,-0.79191779625550562
0.81078223202129318,1.8183322495310441,-0.85888007136806921,-1.0949931677586016
0.83182885918955107,-0.49766099122867119,1.0664213480408582,-0.53094175106063168
-0.95522215601194793,-0.32401320327460026,-0.84664306837865655,-0.48978279049485102
-0.75092936016177103,-0.15745796583682103,-0.51359514217139979,-0.29199903605343064
-1.1417573292951064,-0.26674763158752673,0.69661681212066917,1.7813310333631984
-0.77964360177045045,-0.68286933045319298,0.9710734054683553,1.6500742366796171
0.55701209445930722,1.9140246566698209,-1.029395469450318,-0.67930340729836725
-0.48332252388268843,-0.70962923998723804,-0.91782680101337166,-0.69195680192483922
1.1704132128212832,1.8716889546100826,-0.96401266138518638,-0.41910283389504754
-1.0908891966794831,-0.18535999197997666,-1.2128567816798745,-0.78136725721230715
-0.97023309322064921,-0.55527585411508984,0.90490085757870831,1.6903674216813949
-1.2326859188680614,-0.34637458554770634,-0.89297736936844452,-0.27476476655699167
0.77427469592609499,1.4061035228216958,-0.96838098958848695,-0.81920033616113297
-0.87698375589277378,-0.56743949181531994,1.1321700111471056,1.732525901175449
-1.4261034220923858,-0.80153200882371844,1.1597644101140028,1.9277548596835015
-0.78870531323083826,-0.52678136626774508,-1.0683119431157428,-1.0717016436445348
1.1855931083706215,-0.73108597964831923,0.78531975370741025,-0.86741891531582083
-0.91773098143900811,-0.66381508298025271,0.89095584518981108,2.1046977784445975
0.80790429291352994,1.5297525310380959,-1.0104252410952144,-0.12671768514384535
1.1384595345374833,-0.65366996782344233,0.68440589069525481,-0.4194815670737202
0.94389296650360988,1.4495799074046753,-1.2800000989349141,-0.59232208529242314
-0.53332396763944834,-0.74642998140611228,-1.2127520383968757,-0.17294515568221588
1.1081717981510126,-0.63893603017799028,1.2364556765115142,-0.51727046326980608
1.4235473289813001,1.9697370868033759,-0.79555837221959502,-0.64459134711282429
-1.0878425756428898,-0.23156026332867843,-0.74160507471139825,-0.65255340412317442
1.2592119620981668,-0.57812052581585782,0.89365558535377976,-0.60433160124498786
-0.72079896632474172,-0.40270482784086808,-1.1897165554910534,-0.047747905456461487
1.1393118124539057,-0.26437294473096135,1.0354594096644354,-0.7344879425381875
1.4031410649733109,1.4572799924651776,-0.67022979056796272,-0.27517845688445047
1.2650833126088945,-0.64166160332246591,0.93491271576286783,-0.30780390852629325
1.2470411821839404,1.7809134436596787,-0.87284171850087111,-1.0525468647471115
-0.62604182352100779,-0.39913929201278414,1.0530036431328405,1.8019561199489043
0.82440648480967826,-0.6339594667224564,1.1967137442241098,-0.17152590071009594
-0.78608681727593355,-0.49901859251820596,-1.0206638738401954,-0.51877450645067646
-0.65134609896901308,-0.54821350239313238,1.0578826737573297,1.8117055554705039
0.55593727833557272,1.5326300508918453,-1.0773951388282303,-1.1110616545403589
-0.65599993269359647,-1.1609276045820249,-0.82806687841581683,-0.58677149200252054
0.7407068073332157,-0.40010196198822129,0.816149170168603,-0.41072930595421314
0.64844407395596304,-0.38582983318909242,1.0171139283085642,-0.58991016386251049
0.96726418954102589,1.8830579624669816,-0.66505244662520424,-0.69358154539666261
-1.3448157761070079,-0.62917740780222287,-0.98327596053677058,-0.97753978213618253
0.81112366050374463,-0.10706267463488189,1.495953603827797,-0.51584482670816578
-0.74911346594189299,-0.34416723526636317,-1.0249224957047229,-0.33246021030751405
-0.92679957071797892,-0.23761794826887572,-0.82928736586919971,-0.60599116685776955
1.2899057914524015,-0.55518281115503731,0.68919447279578316,-0.18587774649663824
-0.88197585993253491,-1.3561120559272406,0.96197016929141432,1.4566235354222512
0.59335344282725144,-0.3021064527791848,0.67269521633166596,-0.58919017864175693
0.72391048440673045,-0.7533921761726059,0.81622849797240493,-0.96984565309946991
-0.90900324761122386,-0.83521674722021988,0.70463170048470181,1.6529374036632418
0.89183694729279073,-0.68271674637242186,0.59159884733378088,-0.49996818934262743
-0.73529316429071501,-0.088265420661136226,0.91310034989738276,1.6025889937027054
-0.91106934720034416,-1.164825503088875,-1.3808019670278002,-0.83538323055191677
-1.2040887430722571,-0.73462884895252567,-1.020882042676776,-0.63015661969149039
-1.073734898090644,-0.2367624363764447,-0.71303084762581226,-0.68758603874946034
-0.70930550070524889,-0.68977295343478695,-0.91113712890561638,-0.77612373758036479
-1.1659358422427344,-0.24457700929217352,-1.1792654185263229,-0.55126165903727764
0.6423657970922344,1.9880634294691006,-1.1793782474996042,-0.67386782092053188
-0.81476247959078618,-0.045749608039081291,1.1675085089421602,1.3792078077908898
-0.90366734502015222,-0.33786564949981446,0.54506827142522574,1.9107804901342549
-1.1313703076610038,-1.0256163445056146,-0.96826881077189209,-0.6297307589022838
0.98041657634230006,-1.1041887407661435,0.63586895152465372,-0.38872723172511953
-0.91043520222317198,-1.1698081016557753,-0.92834147233206343,-0.73846635320865217
-1.1243719129074219,-0.88909322875541585,0.60825713009617388,1.475492492869539
-0.86135324703225646,-1.1466960551015659,1.0721731698525045,1.2416430239032852
0.82992698429866607,1.559391155497448,-1.2135117457609144,-0.40215644060202621
0.91137818524296721,-0.91177316399151043,1.0855892066524984,-0.38561333215509924
-0.77345482946744348,-1.1000427454039172,1.2785950507198947,1.4069151547660919
-1.0125305920661098,-0.90098498746879396,0.62696236674919359,2.1623674324071307
-1.334358420297898,-0.71471420307234079,0.79289945122254823,1.3372845185186615
0.92968931992682236,-0.62873079628254158,0.71830851817242758,-0.70370066527959652
0.59595452556003981,1.3103660747637671,-0.91045873601569971,-0.34591336496305419
-1.0686260111451311,-0.18255972686314537,-0.72559193272723777,-0.67410037684327806
-1.0942409648033757,-0.62271456704682326,-0.91495477656756241,-0.73540404638610579
1.7291548274159116,1.8959239435141879,-0.18279935872578965,0.040738200626969145
-0.83195607340168221,-0.38537397978269838,-0.97592841239898598,-0.18870890674644608
-0.84339145645668889,-0.33290129569202831,1.0266314113114334,2.0253539546309027
-0.89960844188129063,-0.59884154539968271,-0.98741540245423831,0.13696187533893492
0.86812836039771435,-0.56731731940100405,1.1349327687253095,-0.34059676987464393
-1.5685284752280728,-0.89008436799107171,-0.98602509523277948,-0.31540117438584941
1.4125665603525013,-0.37438744793855122,0.93290412835679015,-0.96708717316126791
-1.0661658508014065,-0.87830306044676987,0.87654987895031722,1.3935010931088929
0.79074935922706724,-0.42681053655957718,0.80829979518960571,-0.52589827680791945
-1.092602747804124,-0.65149507037417687,1.3039373185092287,1.2953074895452097
1.2410573154687685,-1.0219138534770194,1.1351492520777409,-0.79797038816376253
-0.77279447805287538,-0.71620715285507031,1.3098333389922721,1.2366180457229856
-0.63891225007185914,-0.44854226218608262,0.87385755259978792,1.7348131050083124
1.0561239081897758,-0.74375786779598385,1.0596351139090752,-0.33986398689967434
-0.97288604322163463,-0.37044533178406658,-0.86509848268693446,-1.1766490631884712
-1.0043234448735894,-0.83481023699058554,0.60952378012230057,1.7982868574469248
-1.3081561399045705,-0.59060624920189098,-0.72318992667736326,-0.12851461957500612
-0.88579997325356352,-1.0144409913553525,-0.93964611008890409,-0.45882958532298435
0.91272228275911138,-0.7438479097985693,1.106509505415884,-0.52497924230227511
0.90212340410500258,-0.80061063520988585,1.1405316806347676,-0.89211789274213116
-0.70142366206276974,-0.7238218301349163,-0.90998267072817851,-0.76889257343539463
1.2727323821987067,1.5893522899345021,-1.2898364685883468,-0.74137022011305675
1.5615801393299529,1.7390347369636008,-0.795305155738388,-0.62416810710834447
-0.83806514672654109,-0.73493861150027873,1.1530300726762959,1.631194320548158
-0.96820014717088487,-0.38440394019932217,0.94771025517667729,1.4848006306093258
0.7799880803369873,1.4156711063696801,-0.77725482524599043,-0.4238600224024115
-0.9538997766694256,-0.44774459175704379,-0.94184444550670243,-0.73585736974321703
-0.54615150777986188,-0.70922110977171438,0.60207456572369655,1.6601846765470838
0.93623096401673511,2.1643470008579464,-0.80500136956556489,-0.57173578752583665
1.3883859227146416,-0.5903407889526745,1.0673278720791646,-1.0108996500184242
0.93936811533276643,1.8490750138811181,-0.69760603807440469,-0.4719139644503727
1.0400507189647596,-0.34560424242161997,0.70901826855147698,-0.50348173184026457
1.5679093143966951,-0.70371850901291799,0.81962884350639986,-0.91180540594241999
0.9974689706306239,-0.41653237674196375,0.68207128084317803,-0.5409985220236625
0.65343413990971388,-0.80498470333961081,0.81929911415368117,-0.26854152475435888
-1.1027558803042965,-0.26663420601812915,1.1413232905647628,1.8837496311626916
0.74544560557260831,1.8891803406141685,-0.75374656114031902,-0.32261836357420237
1.0120388029499541,1.6447509208341535,-1.0195689462678597,-0.568535982793966
-1.0791936314489288,-0.65547370260403526,0.84193218916691126,1.6811874162488394
-0.85826454211767689,-0.96284916795270925,0.73344641314372927,2.1600113153103453
1.3686540169106285,-0.48786035544836459,1.4188358578121822,-0.73229519149882294
-1.1731150550633722,-0.35574705374603866,1.2193423709492761,1.4271910386658071
-1.1805731103824624,-0.8499983483029645,0.73336078359850387,1.7820524098231534
-1.0057566465863257,-0.39361865895203951,1.0256442620519732,1.772191280020579
1.1963880127930639,-0.3727154764364799,0.9370651311496706,-0.64785765405609419
-0.85873235502722634,-0.084207595022721571,0.99607834474619539,1.3429674392370796
1.0154362750082873,1.4363627346623831,-0.86708192104773563,-0.60397361975731467
1.3565484557487322,1.7607833396562154,-0.44229543258871246,-0.14955874411530226
0.92870106183557077,1.080857521738686,-0.70196946114234859,-0.28710271704017815
-0.51641203385100742,-0.53813393525143949,1.0836588349782066,1.7040295289399281
-1.2973278870832738,-0.38329901687280143,0.77380072642123077,1.515904537445788
1.0564939738014372,1.9993742240625674,-0.58427552031389063,-0.84371854798460166
-0.73592288090536628,-0.87038310877679859,1.1386735936415102,1.6417285664515493
-0.68143877955442955,-0.42484824234042456,-0.88041945830589774,-0.55452351236866615
0.65351949703032675,1.6474057855781328,-1.0343577085465816,-0.39534717262614777
0.84554142518930608,1.7647125224807312,-1.2985900276207838,-0.19599034648935021
0.54199182781085542,1.9482179378498377,-0.74037757888749856,-0.39990685456001945
-1.0017259879708702,-0.55475677644382926,0.9571239447913944,1.7600395744823196
-1.0624511417064664,-0.11944186320092272,-0.68847506960156679,-0.34510908711106458
-0.716585890350942,-0.78568320883995746,-0.69985413799091012,-0.91703277732100452
-0.84957415491696819,-0.21343368351310787,-0.96802662378618654,0.12195422079652868
0.922313688732047,1.9593492061381939,-1.0558799510408314,-0.81677954702194366
1.3078383617636684,-1.0043075015890837,1.3243519951960452,-0.72195784628013571
0.95760830383844975,1.5683848922405759,-0.81010853713048581,-0.1640163306668993
-0.64027408413254616,-0.89399397819918724,1.0425425670244677,1.4263149761638987
-0.79117851039669107,-0.2974297659739073,1.2939972481403119,1.1129206336781958
-0.79239830198705097,-0.10073044192216485,-0.4916128146328157,-0.67170471891730799
1.2019449091494994,-1.3821006131636617,0.660114901651632,-0.50551736669677472
-1.0904245477108223,0.014001579702256871,-0.86646030175104816,-0.29953795218837392
0.66299561546373331,-0.53221692019251188,1.2403570104886785,-0.98341060740794783
-0.75778709811256806,-0.53339654545031789,0.83975734699445426,1.7046758805620965
0.68870251971064689,1.2846511092426196,-1.0738626999900951,-0.29700465213549532
-1.1562182481456027,-0.53554847760781643,-1.2617184227109559,-0.67579752402530391
0.94030113147799366,-0.73094281007570816,0.97513988213988312,-0.60296185792406876
-0.81489639281153126,-0.30116104494846985,0.84126179508665078,1.5509782276232293
-0.80451205013467708,-0.93373135567819798,0.71520787604672176,1.4492628823060238
-1.3729814088411856,-0.85053698033258784,1.3948139901964107,1.3327436191372275
-0.88939146763590893,-0.43685151450870791,0.70924531658805956,1.6645331667237446
-1.3579496873410497,-0.59421947502441319,1.0035751928961476,1.7948580537649304
-0.42293596378469667,-0.65069180302667617,-0.9310413688811594,-0.65616494254657232
-1.1653771410896321,-0.8527172157681443,1.1209115794033222,1.9290138438996192
-0.55398773486573649,-0.45385751556035198,0.73206985333336294,1.6755632930858779
-1.0249155904087788,-0.72115812186141026,1.0662191362792977,1.3857069397361281
1.1354550377941792,1.5960266317984668,-0.40935901034803346,-0.13640811236606223
0.80454007687621465,1.7287641326539467,-0.60520309388171378,-0.85416343846321319
-0.91904447013650181,-0.11591783619160918,-1.1211322477532257,-0.5215337799714761
1.1325152055361882,1.6553295880342345,-1.0182992322516473,-0.81081978781325148
1.3463643535789869,1.3610859739579202,-0.88239102877315412,-0.48044790803365872
0.84537348228316522,1.5485439424397818,-0.78433753082676605,-0.65270842603826051
-1.3098049688077511,-0.84220552568958562,-0.85610720088497061,-0.82841732715276595
0.70623490923566379,-0.42888430439791642,0.94480126012838062,-0.72240219984888099
1.0204381653250667,-0.78112644082620764,1.1743729588057292,0.049499510563814589
1.0514421994531307,-0.6754722823432886,0.86310993260198121,-0.467355836752958
-1.0101474286488255,-0.56276697427444378,-0.92359483764589589,-0.81189655756203394
1.0027236067071401,-0.74126125708338853,1.0674826354347127,-0.67988423073093063
-1.0183797026127819,-0.60263373318796876,1.0072898841199744,1.4627622952534016
0.893179936274901,-0.76928346758952904,1.1899540144753729,-0.68956178940214374
-0.42395941783152558,-0.51231337851888381,0.81802783049415473,1.3671833915841562
1.0112995955049928,2.1229705429018462,-1.0938609288751187,-0.36777912738627444
-0.66171165430343792,-0.66091773821721855,1.050871986423668,1.8260462581719394
-0.33747237771565586,-0.41557366378123989,-1.0591473112962566,-0.33812242543516657
-1.2542696538702189,-0.90185167991957571,1.1341658097250005,2.3560594354601871
0.9591281039989723,1.6126138001048596,-1.2398448002119273,-0.73445140480995363
0.99053342744732009,-0.68814174715140564,0.92013494677938656,-0.96378294548274734
-0.6658042695788835,-0.42474524045072465,0.55225086655801425,1.8605393488322393
-1.022506474593148,-0.54699617926696775,1.4284664014700028,1.8243883357032087
-0.87308581535980812,-0.56234049224131233,-0.88538973096406792,-0.54345221355835582
-0.90396340732462643,-0.099336988485899391,-0.90712334243788439,-0.59598349429027153
-0.85902133021958249,-0.63780917064909948,0.89621594582508712,1.4317793554306739
-1.0955217719545198,-0.53218761438220286,-1.0141177430070987,-0.56207871917376129
1.5898860016194232,1.6728449816980571,-1.3701217663959582,-0.6684842685352661
-1.2113334748731921,-0.65982572830280728,0.9727700566739691,2.3316291565399951
-1.0181587117342255,-0.33113580320128139,0.90868116105147401,1.927560132295538
1.0879205441521018,-0.35998190931786567,1.0919539654902497,-0.41926912402444666
1.0914745042648921,-0.044244827047930667,0.85565960613136127,-0.31996854847303347
0.71935699610667703,1.6877027486747449,-0.8737440606850343,-0.99106545904538379
-0.9810613431551386,-0.49009828628301172,-0.89226267775288337,-0.69142699169395205
-1.2714127170047349,-0.47090612091302769,1.3804893905594147,1.9265580449256621
1.2044136144430688,2.1519023223705442,-0.83607839581155119,-0.50689387358058069
-1.1599410749428953,-0.7038714250580107,1.218444928832433,1.4199559889296947
-1.2079632773709854,-0.55389694901521769,1.1284668113341101,1.9963697102058418
0.98979736084878833,-0.58671140476679939,0.82148303824760149,-0.80262832945330298
0.69913253168025302,1.418672063836766,-1.0796692218440243,0.035139577479097947
1.0406229072819415,1.6918890046698927,-0.99716706928912557,-0.59772795019089298
0.86198541904867287,1.3462131225224596,-1.2389807897600627,-1.4230292606445558
0.84508655672404887,-0.81281003189935885,1.2290335225319642,-0.47235938491024515
0.62035363678042055,1.6806765777441965,-0.96792667631375628,-0.67137736115643509
0.41543742549440116,-0.17734924142876674,1.0054145600104705,-0.61152228279885246
1.249271367904542,-0.39533711873770494,1.0488081661074666,-0.4073836802656568
1.4004327315727396,-0.10925634798617595,1.2747118805856568,-0.35914801768143773
-0.65404320846249087,-0.79926293973570706,0.91313538016588403,2.0782719652856345
-0.96510451103178596,-0.23675582364715883,0.75691891718363902,1.6310560725324612
-0.91191262982497034,-0.12421901568848329,-0.81403513599376176,-1.1669589520821437
1.0735894161614119,-0.83530409367251413,0.73469730881629725,-0.018984836782122923
0.91277641617110172,1.1297121532455983,-0.99156503836518528,-0.74344681173450677
-0.83161936773610456,-0.64230610541352773,1.0077174758100937,1.5596381170455107
-0.75322533044894868,-0.4069978701189817,-1.3387656679943949,-0.90043355830368232
1.2114511427574945,-0.47806730173316292,0.98042018541678166,-0.24067177324090011
1.2620886079162237,-0.38199880557518145,1.2500887526999473,-0.63991274633275219
0.89324256844781824,1.28817173693728,-0.80800899150077299,-0.85386231173542515
1.0689411482014572,1.4849856816299778,-0.81849415091874045,-0.82098562699036193
-0.97084406579498195,-0.2347075241115712,-0.96616276067929452,-0.3245808110165338
-1.2453670863270776,-0.54510555448502274,-0.8495515073909452,-0.53164184896977118
-1.1572523256435903,-0.58824194452948309,-1.0618395565582013,-0.4371252198186229
0.92514543892172962,-0.49404208217696355,1.3283083767379973,-0.55963417771227719
-0.88417333812552057,-0.29342208022662414,0.94689417966233191,1.737280705642146
-0.6615244044295393,-1.1412399426263637,-0.55142222545640129,-0.5545889269541231
1.1821391010765576,1.2308127637686868,-1.4220902354533338,-1.1919133511472111
0.70107745464278903,-0.36526480281006735,0.88255210231088033,-0.72952315809185653
-0.80636752825735014,-0.087766730578685434,-0.89048883600687334,-0.52521078072700189
-1.157413270928642,-0.60010639917741115,-0.49028444460980569,-0.38372231373231092
1.2004627991461305,1.5203891188264562,-1.1652715444732265,-0.34996971137178862
0.76940121080157953,-0.57914491708769555,1.0487996402220112,-0.55943908975462731
-1.2346278857398403,-0.76409923389370105,-1.1121645801054747,-0.74937024395889151
1.0101123555546503,1.4336173631657683,-1.1195441278259151,0.0091729753356890251
-1.1351710205214098,-0.9027377059724464,1.2305950569876443,1.5839202429854664
-0.69861246594163295,-0.44713718999856183,-0.97666189194997222,-0.44903522841632998
-1.1900220466375784,-0.53768378499209024,0.72280314257008249,1.5785003306871546
-0.82618979113235824,-0.84040649152378621,-0.91639379196411419,-0.33738974783216019
1.2203168284495485,1.6108720762595377,-0.85614939011707436,-0.33577755679545102
-1.0279017616988344,-0.4444341373136621,0.82456774067441263,1.350412389923854
1.0961748733244416,-0.78976814932415884,0.92184512819452724,-0.55567678216271987
-1.0841413421647996,-0.86896710832381141,1.3103182023912108,1.6993940055355552
-1.2103581727734622,-0.53410426018749491,-0.9978008344973619,-0.76358764829190684
-1.4889757311947187,-0.43415544635313419,0.37178419050606321,1.5485182137707449
-1.1615618209838832,-0.82102840621585793,1.183310125561627,1.4358745314078416
1.0830219322561505,1.1526495600095104,-1.104693321195972,-0.832001317393539
-0.92890669905698797,-0.44121758893756913,1.0044581780767838,1.6307639814505164
0.7455440803459561,-0.71131386596924806,1.1251802678364105,-0.25908183578852328
-0.9641793960783579,-0.11603569680434306,-1.4917397691734058,-0.79319983058856969
0.4294837526162063,-0.54057708311004438,1.3901558912124166,-0.78037078089947065
-0.75795550290788971,-0.28662600040664937,-0.49904613566885891,0.023960349789059955
-1.1483461553648386,-0.46263514353013097,0.79227910038300386,1.4472616579812407
-0.97522735947913797,-0.59200562986111827,-0.72734937720305493,-0.49726492431313368
-0.85056673744567501,-0.26475042800031673,-0.3129987115503764,-0.8726686782365819
-1.1438559689770147,-0.39634295735352038,-1.2016315730875666,-0.30985262926348123
1.3320923474034401,1.6445204048092483,-0.76682782951127204,-0.47313780053102095
1.0624959465724966,-0.25564066308751021,0.75985293385229369,-0.36919607734669979
1.0910445778153983,-0.17509754071406045,0.84901349307358354,-0.64036841421604429
-0.75775623236806078,-0.48901851921278039,-1.037960520691974,-1.2556988465389021
-0.73199880899199654,-0.31704131514991657,0.94974108402307333,1.7879199422210692
1.1178088387750118,1.4254764294862075,-0.59353451607756069,-0.14661670621723447
-0.39527480641379487,-0.35746356158149323,1.2606777170901504,1.5752833246511593
0.85094866945116054,1.7238672074391599,-0.70521786983716916,-0.37320083100796037
1.3540123146347651,2.0198406477595103,-0.84644631272042414,-0.84298041738250051
-1.2608848076232571,-0.54303705492046694,1.2084125564861954,1.8724326823167725
0.87305468564451394,-0.56727165833100379,0.94973626504433772,-0.76773278375111886
-1.0573458690437931,-0.91633122002682799,-1.0723368097593418,-0.709962986909075
-1.1549532260572124,-0.3543501346022559,0.77340816499961285,1.4695280182654944
1.0163251345478295,1.7976601672975958,-1.1670541264102365,-0.47054524850609469
-0.79506811382994313,-0.54741509998276439,-0.74496663673383812,-0.55837998627404739
-1.1368905300164831,-0.50925743448157135,0.87644089589275753,1.5913426440721194
-0.86251372627818612,-0.61952382225744673,-1.2306093664740945,-0.95265403290512951
-0.79891667840948066,-0.56936980811885229,1.3685913320611443,1.5663779185546602
-0.92340990603020501,-0.33214664783906628,1.3618671886169167,1.7318534173064113
-1.1324061518851078,-0.31914591583444418,-0.68146037417501437,-0.19465014683260876
-1.2024069814704852,-0.79479387669571877,-0.9724982291619183,-0.28655596826620922
0.79316356159730173,-0.87732963482731352,0.60498782371472082,-0.43424241413535969
1.1119062645556617,1.8025112017645673,-0.7347416674153443,-0.44640742288397106
-0.5318034284562364,-0.88006834048035099,-0.91791564224574718,-0.61311085405143917
-1.0856419392826302,-0.58327113982501788,0.84150645093015197,1.4097521895028473
-0.60393779345113174,-0.47518585142184594,1.0067950120728926,1.7255755664838586
-1.1873550523186891,-0.43805592090311979,-1.0385644279249913,-0.78539539027789917
-1.0789983100615956,-0.48020935463245124,1.233592091070534,1.6079903605354968
-0.96400146048847102,-0.54897021174453142,-1.263030366503564,-0.097828881374437959
-1.0461082438415483,-0.43195481502965982,1.2786087662747574,1.3183559205402118
-0.90468875520735614,-0.2613233876871961,0.90727346322466218,1.4311370079431067
1.1852533426892209,1.6882111586725317,-0.80118433296402347,-0.4366618070960368
1.2344753946422895,-0.45254186128249207,0.81714595738553453,-0.35258751973914043
-0.76888743830304784,-0.51000352429432305,1.1445212389918613,1.3385974531799292
-1.29614741380943,-0.22269530218517811,0.61757573755353035,1.8454368068369862
0.85382790184863,-0.19358338559701807,0.74360926860650089,-0.48081741457980509
-1.0283033512470856,-0.75691284370298495,-0.64382579518960115,-0.39781898813850874
-0.78497902226468952,-0.040359516628154866,-1.5566083199517251,-0.42899822275715194
-1.3101783369270552,-0.2987035529115295,-0.79116413548954345,-0.30494142646042904
-1.1037449582488439,-0.62488293807752648,-0.94918597245508574,-0.79228138221447064
1.1458008011772065,1.3653780336216419,-1.2386804144749308,-0.18189977048552164
1.2132257209901494,-0.49897482634204882,0.8622469647176314,-0.39334011332890351
-0.87849811730819238,-0.043324356377052821,-0.89139743359612611,-0.33783107195696388
-0.55453766012440353,-0.48994733546670272,-0.99306203209965016,-0.34479594797947366
-1.5073862644302831,-0.73226761329027079,1.0951863881498414,1.6654399978389027
1.044599588373005,-0.45857030680524458,1.0863971269720603,-0.64012446494977882
-0.96196856351443205,-0.72233626323869871,1.5190518956343513,1.8884351008776135
0.75827411568030156,-0.69266527889727891,0.87896270453417991,-0.7029092691501061
-1.0763401955622072,-0.64840040601839521,1.1242173988159643,1.6473899912894778
-0.89022340510753151,-0.21362210646203686,-1.004407807833017,-0.44595113594039526
-0.66393701328209997,-0.79116724615389111,-1.264138407258421,-0.68455108912285545
-0.88748239882103286,-0.75882028413763969,1.0840373101542895,2.1587184013220826
1.1428247568074403,-0.01976699960330295,0.60295328796160508,-0.67282793794461138
-1.1620954646489268,-0.50724277621033276,-0.77465535690879006,-0.13574764090082742
0.88777306152439128,-0.51027111409466253,1.0100126071056055,-0.43346912881204142
-0.95529593270475577,-0.73074009938237827,-0.80488645545725379,-0.57384084316045092
-0.91288706010887155,-0.69923267513540344,-1.1631206118491115,-1.0100149997015162
-0.82312327421930165,-0.84513706277774259,-1.0324725727183537,-0.92167957552543822
-0.98928777710776516,-0.34168013201193786,-1.190046122666603,-0.32465931312910556
1.1693876340842226,-0.26538647164046458,1.2327645241453575,-0.50453504315574327
-0.88470093104229575,-0.52691690066095986,0.65193394386655612,0.98722062747310158
0.67595714965549858,1.9654590493125979,-0.75875155708877773,-0.65367482524135589
-0.86267412884345041,-0.47657773798651354,1.0595452214211221,1.5142577844051548
-1.3432783317797785,-0.6407412787158896,1.2017367881746601,1.3162524854111408
0.84331548884916807,1.3231729927188776,-0.89292182948010801,-0.52977458863180693
-0.87863089312682963,-0.23675948853326906,1.1877432153077345,1.533246444402619
0.68805236449974494,1.3919940299829954,-0.9881949967936241,-0.81433478576113005
-0.97267550258579394,-0.39144236725262338,-1.1774858252828555,-0.16099910987310001
-0.96776129615637574,-0.60394445447600997,0.51128899126915139,1.7013069281551902
0.96266137147646247,-0.64378282214093185,1.3584696232629614,-1.1168536879266535
0.78580492792438006,-0.80258622128047452,1.2906317475294824,-0.29599700639456133
1.13067910366465,-0.84705682572801433,0.58040232093221666,-0.66045400293599765
-0.77943295720954398,-0.65342418143974423,1.2454078562396269,1.8532385469911001
-1.0370189806915255,-0.69474353489324592,0.85862995048586921,1.7373329701358851
1.090628692797001,-0.4347811194278759,1.1117468085748339,-0.75414192111119316
-1.1407570389906949,-0.34744324509173763,-1.0735307812455952,-0.32714264052844433
-0.94090516399529622,-0.5908366108633869,1.3667236071104156,1.5970959532619442
-0.76945356432473166,-0.0053763197056513274,-0.63992416002626573,-0.84768838401156232
1.0482764110078895,1.4859500247055957,-0.68713831270210346,-0.67738680324576839
1.0240239034134964,-0.80672175312728467,0.88641896205555148,-0.60525400765345405
1.3028065410279728,1.7118946087741906,-1.0334520069782036,-0.52784398986534775
-1.1202992166028984,-0.30150822651455139,-0.9143337538511751,-0.83068709192572232
1.1716913525624084,-0.80026316151520138,0.87116096330653103,-0.36937208803970256
-0.89310295505381276,-0.41041844376711795,-1.2222717223756097,-0.56925279527931438
-1.1173455623111717,-0.46152409214223389,0.94640635073801738,1.6019266255421334
0.97478115882512772,-0.76530857991721801,0.74234391599772609,-0.97620166357571403
-1.0335903715287911,-0.3129358459920687,-0.87583395677319242,-0.60800347170305602
1.1453376187066948,-0.73817465282133488,0.88302899586037176,-0.48639941530048408
-0.85067268327652223,-0.60947587637720602,-1.027758377810015,-0.72022285739183145
-1.37201153393933,-0.48511852269141786,0.60298794753943441,1.2636267765822804
-0.56293009416180417,-0.052411255587388891,1.3894682600159092,1.8332596012836362
-1.4420029409854189,-0.94926099188461877,-0.98233501439434656,-0.6535105898652388
1.1508666169566095,1.3540056264500899,-1.0176809260028405,-0.66089563000519558
-1.1202192404912419,-0.98788960852955132,1.2651121042536098,1.633978247815469
1.2396973289648046,1.3958046617089885,-1.1868871894327298,-0.73846952753904316
-0.85389633488888894,-0.60115628945870025,-1.1219027978194194,-0.28041386287522779
1.313215860362279,-0.80096660719120283,1.1589366578434903,-0.80472583740944492
-0.9875492320048278,-0.77268092324231041,-0.76079359932800084,-0.57205218495610155
0.42626383075897467,2.0357296818190469,-1.3520037501036755,-1.0425293102651911
0.93721645077290183,-0.65216334111066365,1.016698013374612,-1.0611800950627073
1.0157817681155299,1.6994926341771164,-0.91102717568106373,-0.35583413529679042
1.2742100580659397,-0.46680344025548115,1.031635550037713,-0.2657811481208196
-1.2185572369053186,-0.99947797841015062,1.2398463840880378,1.8746612993381058
-1.0080991522084695,-1.32562641786209,-1.2785333686185907,-0.40462193379659611
-1.0518534755114572,-0.37148738106807999,-1.0447065117176808,-0.85966630483954121
-0.59628853910564716,-1.0270870261216525,0.66651172523250879,1.8443352483338649
0.61395185273445563,-0.41044146881246274,0.94330441119495956,-0.86569782235516146
1.237359245931567,-0.51120371474185089,0.71742961058918309,-0.11607619692492409
1.2601244703637662,1.6731817263058681,-1.0097097791381007,-0.1487782539840013
-0.97264254967955088,-0.60672472870139571,1.0559573064071095,1.7357344774543897
-0.74733805630871264,-0.19721398643213173,-0.80700474413406809,-0.38137633868698201
-0.82732200853403737,-0.64235356303294078,-0.99336108390324229,-0.65758320307078966
-1.1122353820759525,-0.45944343272457866,0.99494384594462648,1.9565587073075921
0.82958925092966107,1.6328186890306886,-0.9646631330138441,-0.69415554599460982
-1.4163379762761226,-0.4128773034970632,0.8970852154508604,1.2312411251856528
-0.57849753782829727,-0.66419990266111506,0.99371797189241662,1.5163877732689481
1.2926370345563409,-0.75089931001755794,0.62973772781024451,-0.3892466364746423
1.2864813450659092,-0.14697325781832038,0.66505305743830079,-0.36760352500962901
0.98741604498822733,1.8362827554704486,-1.0253039595743487,-0.84830749698124763
0.85590769645196119,1.2961031878513509,-1.3605078574820424,-0.21986586836637131
0.60673658946325604,-0.84965716865181717,1.1254844195327629,-0.54204863266575942
0.85761724068795864,-0.55148668388248689,0.66926651296126527,-0.60918980524343247
0.78015306715237109,-0.78643490884974387,0.96730626151444454,-0.22934826499027297
0.67369814205001477,-0.64512579708245787,0.96672891079284895,0.040550743904465517
1.0628262897146088,-0.25360585458195162,1.4182355242689244,-0.40861424039470567
-1.0560245542114923,-0.68622554285866133,0.76534527219355997,1.1991832859664893
1.094890082379113,1.5881676287779376,-1.2475205066111059,-0.36589207358360093
0.81094795785936613,-0.5207771043458197,1.3704440440396579,-0.73172684147240141
-0.46708850484491587,-0.9451857447586075,-1.3694119864318006,-0.51343027427204746
-0.3451060663957472,-0.74115970255813068,-1.0511623214517352,-0.8716737034742208
1.3398234485117633,-0.45689954365330382,1.2283355119966417,-0.40704103698437449
0.9678615046296436,-0.69199672931076195,0.98981367238987639,-0.30258457175990144
-0.7956943547285088,-0.69991972177391881,-0.91999880508537135,-0.50518864568612809
-1.2726838360303119,-0.77560093452922219,-0.65538045511662391,-0.084768237281756739
0.68100301182229073,1.3836253422216849,-0.82356163141359329,-1.0327531629509243
0.88729971749190173,1.6994975206919301,-1.2562104458569658,-0.52357696538772314
-0.55312053792877403,-0.52119110701019211,-0.91146399988573168,-0.6735216806072214
-0.99807693642298179,-0.47028547377811475,-1.1386809063415271,-0.014932125706118368
1.205831614228142,1.8939580773589351,-0.79059345720004326,-0.58443833940796153
-0.95766335869160779,-0.69024021313527051,-0.92061568359588686,-0.4715464072855452
-1.0267937588374589,-1.0921581944091991,-0.95192357297870522,-0.62342680217585233
-0.89982842526407147,-0.42041938681906604,0.54832784717653948,1.2165128644036278
0.96039072426362238,1.6979574186969633,-0.82280477373409544,-0.42060446339938629
1.3292284497267732,1.5844959440383852,-0.88023677151707502,-0.74980712928974613
-1.2531672860568495,-0.30132206092300917,-1.3103020689062255,-0.69235884865036623
1.0165418529514634,1.2882684049477242,-1.1243267904597753,-0.027285249752003291
-0.9520714919114216,-0.50491527476243681,0.86090932742782211,1.4276985100404995
-0.97757075712476227,-0.4522677118671582,-0.80974325622550836,-0.47385292053066186
-1.0950568458523506,-0.19672331660769032,0.62533058641117489,1.6088021461398634
-0.77935201113060781,0.086230004991657824,-1.250360275176412,-0.55231345069147475
-1.2894965329282566,-0.21379621510941929,1.0891836087532702,2.1319796334324641
1.1664653536151022,-0.56110918843774438,0.99685790722935153,-0.62070709582722816
0.48207482425407056,-0.41484808272427537,0.91111326255027925,-0.60398630061450909
-0.5850906825618698,-0.098306199431673985,1.0542743707563589,2.1091198182515605
1.1543666284130816,-0.71087069359993837,0.9324481788302651,-0.24670618848550788
1.0031319167429722,1.5829571167864134,-1.3761878875611024,-0.4903349000674469
0.42670715199471188,1.3148397853042575,-1.2315325252563056,-0.46794067090587005
0.97114442817113711,-0.89675504496892633,1.1045339094796116,-0.38178295592141209
0.8195030692662465,1.4442009168806627,-1.2231640674957132,-0.35969450302549871
-0.67468147940599865,-0.95328211554763942,1.3284627694028734,2.0086082422417646
0.61160120631550008,-0.51849724641735695,1.3369502883736697,-0.68024663125530982
-1.3211643249035971,-0.17918298578403058,0.64810452387975415,1.658556679715897
0.93892581025322697,-0.87720723294266045,1.2360086235611165,-0.94722271409180303
0.97832846773371429,-1.1424386790701631,1.0224998784269745,-0.2234434836033718
0.84530604646276764,-0.4682153177115943,1.0502032604514313,-0.43300027626185594
0.94829698746475455,1.4086077554351146,-0.93362283989663353,-1.2736584966298969
-1.0073014869140626,-0.93315923508781362,1.075122940874718,1.8477138949613838
0.86895347923030541,1.6101987995010814,-1.0454391586626657,-0.32017879188257559
-1.1031242831149068,-0.33538165343143911,-1.0850732315486098,-0.43390805572468272
-0.98259945722168007,-0.89132041722461663,1.3981887580740398,1.9210253846267438
-0.72082370049037392,-0.68393338233244083,0.78735781102190971,1.7130816128091788
-0.51298430805133144,-0.51038425417474353,0.82760221451517157,1.5746449812981931
1.2280141192698368,-0.49079809363004873,0.73059654325761214,-0.71385812738563392
-0.9355275297167388,-0.76894463824577852,-0.88693669843474787,-1.0075031955291271
-1.2255380452283413,-0.65855585854417975,-1.0988305702007379,-0.51061923348145999
-0.73474637987847746,-0.43360040200745192,-0.93093783179085476,-0.80211661685709257
1.33102464437309,-0.3530082020286997,1.0637073362860185,-0.64269107571451889
-0.98907117128961897,-0.76299502761011484,1.5671036007153416,1.3521548207070579
-0.99035944372464801,-0.80455777066491274,0.69070151572268346,2.1359140117938136
-0.65711306252487878,-0.65873032571302947,-0.67026859724768473,-0.89790605370877885
1.0342985358626797,1.4352415981983964,-0.92268221748364809,-0.10552614522705539
-0.41819065290785468,0.0013088574737698815,-1.2366573933008131,-0.53964575182100061
0.97916855177576345,0.24758075890999259,1.445316331309805,-0.32441453405863002
0.6155767788725296,-0.59500714170862123,1.3148152362782335,-0.73298167666746872
1.2371037288367452,-0.93114264478422337,1.1082901180586993,-0.58648524412522152
-0.86201779586475524,-0.33117431106258471,1.4233859004652969,1.4925825608343612
0.92934382681957972,1.5368284169454443,-0.87326844717676966,-1.0604504469036424
-1.2380893756386331,-0.80542953553052843,0.92325745965473882,1.9365938814431947
-0.74238787448572441,-0.85204994092462216,1.2193355131718446,2.1415708002653622
1.1289274351353629,1.8634177846878792,-0.65595069321095112,-0.85637108646387283
1.0542770904892427,1.3024157151619389,-1.3787284160814592,-0.49218978249261097
-0.5850503134474675,-1.0387230926359765,1.0809027498320982,1.4481402494102658
0.7438437738935747,1.5360920404087419,-0.70229256439930587,-0.64926801826882052
1.0392352074271294,1.6740387785127513,-0.82576571181280212,-0.67019990849683075
-1.0040209190073912,-0.36402325624735704,0.92241469441201152,1.7291088991533312
1.1109695532969879,2.063804621538027,-1.0815800511694531,-0.54925133485561162
1.0940911988519917,-0.52531037924453128,0.91226240363339106,-0.52468612055081532
0.96392694783186972,1.2892242497367097,-0.90927629938059062,-0.60971962535294122
-1.2943626509203383,-0.4685473218688932,-1.0265801085489448,-0.4258366292022957
1.0021268458855392,-0.28774440148462627,1.0144981495817971,-0.55432578599584437
-0.60202471774761224,-0.78013811664799881,1.129860608260723,1.7167778505337332
0.53444114061655479,1.4217756381149387,-0.77823347178816227,0.039956551404073178
0.86595230808910328,-0.57501622910033023,0.95624781738818965,-0.60848626298824637
1.1080398826009745,2.0692532980124261,-1.1734139967647512,-0.66541180648976783
-1.2003192654677031,-0.45531683071801898,0.97169690717861146,1.6047489082040429
-1.184676695525952,-0.38328885876456109,-0.92986219461356578,-0.84272839398955612
0.755879312655661,-0.93588320152497295,0.5071850748397545,-0.20531405293669733
-1.1280938043791235,-0.25638099663892577,-1.3957486319486985,-0.57159098627957006
1.0747437696020812,-0.81255858884362109,0.92395936244211696,-0.44914323467859313
-0.48151769190869076,-0.61701654221155577,0.8068993258308973,1.6322069451143526
-0.81737300795732204,-0.74560293877390005,-1.0626715138510239,-0.66201547712967701
-1.1340612855756065,-0.681014340381348,-1.1106157765575602,-0.69340627230740204
0.86166024906538574,-0.78817385747333735,0.48930582967655539,-0.71282006866182601
-1.1985270430683415,-0.33747969450097232,-1.016947809902474,-0.034495379018822922
-1.1134849539712448,-0.67117835040079321,-1.0524600399898065,-0.83729478333603047
-1.1071552708264036,-0.85099562223928316,0.91284475867905834,1.8841814454678179
1.3197604605429489,0.18955185518330447,0.81445400172567717,-0.60404051119669311
1.140162427569277,-0.4466610070971142,1.3161460157906113,-0.95274807738227085
0.59187077855686565,1.7615543467109449,-1.048697796103216,-0.42599167087462497
-0.75408042588937407,-0.98345432617892692,-1.114705189714416,-0.56586131560208774
-0.64839973097911352,-0.38847092805301242,1.0145752532415671,1.3949248790754298
0.93737183029332483,-0.34159238720245777,1.0272430509201864,-0.56351358483758318
-0.63025443760562672,-0.56348075731941927,1.0864961013814767,1.7460881158128843
-0.86681976322323773,-1.0492588966028547,0.59016529383259897,1.9231785553224374
-0.79684502460296114,-0.27052612916719088,1.198493615485581,1.3196465163452846
-1.020823725703252,-0.016945302869870421,-0.98531720057821148,-0.53703628759598332
1.3259654797978906,-0.58835084708499907,1.0349274685501564,-0.72912058450651351
-0.93365788458684829,-0.68723525881775283,-1.0408844012875669,-0.75374335166045114
0.92845182643360813,1.6667540472114102,-1.0582326783995009,-0.57446849866812022
1.0996636146849021,2.1175785924907191,-0.86587711844341064,-0.26776551293149325
-0.97188758603990943,-0.81773903814618309,-0.88582506661400617,-0.77678759411991682
0.93162463559439757,-0.34548978112353912,0.96663846226888783,-0.64050109727493554
1.1599530856770885,1.1791018581246062,-0.81695124366932692,-0.43709497806518921
-0.99287338528986269,-0.81883513122174978,1.26239994595213,1.3715030098429049
-1.0444110782355964,-1.0390957425048095,-1.1672785796121152,-0.75623161837056418
0.86511222404705412,-0.51106700519493775,0.88751268488320345,-0.40876347343756447
0.667970161941009,1.4000663399979993,-0.98959789012180477,-0.76057829088086015
-0.57252868251150135,-0.85023887637180873,-1.2484543690864702,-0.48656927490513607
-1.0979193001253273,-0.81025874002371279,1.2024499970275333,1.4551839436612368
-1.0345765164770406,-0.71492214552337863,0.97820808883179144,1.9004152608598102
-0.9259840894918262,-0.61652911235889296,0.71308270642430893,1.7798227390821884
-1.0970404866754677,-0.12822038083508355,-0.90429962941230813,-0.29502689941551147
-1.4149363735569682,-0.23313913875640579,-1.0051184044750612,-0.61112943306998702
1.0954375134362035,-0.6727576507428521,0.87219241010129178,-0.26514678255946356
1.1128293038945833,1.8495171372431716,-1.1255123866536587,-0.60789054259438791
0.93393629856649318,1.6874231550445371,-0.51179256610627022,-0.387039133360432
0.8645598045868107,1.5456902177886032,-0.6646328479526995,-0.5661086594096828
0.8043165225127048,-0.44762901505884234,0.85887293822134647,-0.25589222646295562
-0.49178133139537084,-0.53724181433362461,-0.89327691639160633,-0.21943105096029419
-1.0151691340114615,-0.38336296647971069,1.0332929080320978,1.5361323717302915
-0.95438055711772607,-0.65622758029977124,1.1645996992391996,1.3896613387704824
1.0160729430551096,1.5446946435096109,-1.0648277983217154,-0.85420722051391595
0.937539957955138,1.5275138698819413,-0.55887537844339497,-0.76239810419952714
-0.39051485364992133,-0.39428500429546121,-0.78744806575978021,-1.0089200532890847
-0.94885404747619839,-0.45341115633355511,1.1373344735890132,2.0109997643181794
0.73797316240553612,1.8684423966593187,-1.0520917472231193,-0.68159383814760299
-0.87320586035789949,-0.73371545576098396,1.2277307301653202,1.328487224056389
-0.69142038950730977,-0.6914415389007782,1.1525396489172777,1.2125521430514825
-1.1830187905003686,-0.89673034682340069,-0.80568274535698259,-0.44117853678341573
1.3795928460018103,-0.96363464865185966,0.8188806043850253,-0.87572546620255665
-0.88217612930771738,-0.4072177632855965,-0.87625554211601731,-0.51628808045704533
0.94887416418508919,-0.95451365006641087,0.95828272383197743,-0.83604952381811748
1.1927935911880352,1.5485044254069409,-0.93875798881524641,-0.72969571785306497
-1.272267027233553,-0.56112241472622693,-0.92755762229000216,-0.51439566585574481
1.3357540200731941,1.3552790947019633,-1.2519979865651822,-0.09371479112987896
-1.083728447878848,-0.035671489921652179,-0.88961485745115776,-0.57930264575343904
-1.1518918476612923,-0.52858398232857429,-1.2611792762967402,-0.47793638046267295
0.86853722470056338,-0.51490117983061734,1.0418024830978765,-0.69544979030390786
0.99836928502185007,1.7606276085536756,-0.58257432814754528,-1.2464908648501214
0.77111130930459404,1.6060994384867506,-0.68021934814158769,-0.37416937057905786
0.41020209638564259,1.2356865311524001,-0.86485013731283877,-0.31884602094923858
1.0250284200039124,-0.51628328340672791,0.74359091941823829,-0.31831573654451706
-0.74652150552042551,-0.95822617969609059,0.87034321968416184,1.4547955426049419
0.94234822432732379,-0.43251900831204482,0.99758056869435996,-0.85632027083462747
-0.85343261547220439,-0.59876791903279936,0.83530257184403633,1.7514365859201575
-0.76920554138186858,-0.48209924743306715,1.0052127189395819,1.1294842633149527
0.76671948221782249,1.4127867878866247,-1.1783081098659565,-1.062498456380079
-0.54995100818116827,-0.54905699053783574,-0.82910838019505495,-0.74223142516815632
0.80149678144172309,1.5486867136552069,-0.98052957126855089,-0.56010349785054925
-0.93440900083395406,-0.44627432177676463,0.82192749636329532,1.1841382770631343
-0.52342983949741273,-0.63139360161309288,0.81949131726709845,1.5070503421233963
1.0454925125373382,1.6579925261505144,-1.0458731853111685,-0.82511362633406116
-0.95284274472255581,-0.69768037013197537,-0.90232076676448913,-0.58330969372455421
0.7272098512030607,-0.91917989882031859,1.0251879418347762,-1.0511916759286071
-1.2152128821027779,-0.57189361895056956,0.96012950475973968,1.9704829800105261
-1.0733936659110945,-0.57278678534851968,0.79375389322144263,1.542547206104983
0.89035834764719601,-0.56805877914138059,1.2794656177630197,-0.35404638139792199
-0.55966100420127585,-0.8765041856238448,1.0553349167688695,1.6293899310506021
-1.0770644608921693,-0.30838570398617765,0.87926129587045299,1.0486753477251529
-1.2124636946041643,-0.40551333895144748,0.96217905348507027,1.5284532845413232
1.1560473507641968,1.5934097968871679,-0.83274922288657482,-0.18835330271369222
1.0284046451599285,-0.40703483766583287,0.57212961720582789,-0.36235721302066215
1.0175057232939686,1.272159477721573,-1.2432403499353537,-0.52658620425531122
1.3387557454814132,1.0450429799263625,-1.1706336313796286,-0.38338961493005408
1.2290323077800045,1.7393759431718938,-0.75217999919240031,-1.2361557719571472
1.2641885408878379,2.0818981111500228,-0.99870595106952309,-0.5799359444236678
0.93431246111534116,-0.72813043490042562,1.1483716030016295,-0.060430369573276764
0.95234609277936833,-0.54614477045355148,0.8897661134781184,-0.73914173480667755
-0.965704673955884,-0.39519578160814889,-0.65948390818268088,-0.3898697667504239
0.79901237191600616,-0.31288732608682657,1.2528185188083458,-0.75795986345322464
0.71462392529312646,1.2676443380337494,-0.87470609565146851,-0.33136194467824215
1.0825988417665326,-0.56949956679969649,0.69742918072829485,-0.65856095610291809
0.94912598616646437,-0.84434496934930636,0.93663512997018361,-0.5825563928526285
-0.94564104989710596,-0.63626138036044488,-1.271172216422747,-0.73183331984119837
-0.67118428547352937,-0.76198122185058148,0.62365858613524727,1.7896876622754374
-1.1062853949321925,-0.61873511154544725,0.79700688921332885,1.9501864432060267
1.447646674123338,-0.65154459945095666,1.1919108905327105,-0.32032718194972887
0.88842007588886363,-0.89771059762930883,1.2567858357251211,-1.1005381565772123
1.1727197026345539,-0.67111654528340137,1.0475098220288863,-0.59552440675748675
-1.2098635125552786,-0.33577347755948678,-0.79804427020217017,-0.96839096680472947
-0.88267411512800287,-0.63278317106679594,0.81400287117788783,1.7648753046167416
0.81361010234185704,-0.87955857606813226,0.94841994246816674,-0.43467982632603019
-1.1176262754608064,-0.56283258536278247,-1.2435727899636111,-0.41200464916761509
-1.2382741544054146,-0.96851200125024606,0.95107594113284277,1.6438735181341146
0.98718546990916911,1.4353229692929022,-0.43223396102472506,-0.30751972034158703
-0.76933739919575905,-0.63324825972061627,-0.88421919407873328,-1.4222942912013501
0.95120836734920811,1.4133629717203051,-0.92155296337588333,-0.65265012241388154
-1.0078172901094977,-0.65187927924068745,1.3354480644255051,1.5541798493526
0.89258483825435109,1.9707330859966998,-0.52685433048081565,-0.33772240711993079
1.1513933553784002,-1.0704660522083991,1.0051823223044802,-0.46599618938326143
-0.70194483471993163,-1.0785408054808097,1.2060727569647112,2.0097966272425491
-1.4562088970081104,-0.56634040960851506,-1.1197339214499644,-0.83072621126705426
0.87422622136270922,-0.67324338093818847,0.48953936479989746,-0.87240345700524879
1.1958073257149553,1.612347378818932,-0.97590706872513888,-0.68123349237650588
1.3511094335112384,1.7850812158814009,-1.0824490659453894,-0.37650724515471706
-0.8117769780400429,-0.29030273100388987,1.2430547118539514,1.9312116923077027
0.96073806492758818,1.5697718126189926,-0.72569547126555289,-0.3837199955491209
1.1324662452830228,-0.31262541951567258,1.108904352502156,-0.579532285013173
1.0417222035322586,2.1036339664126884,-0.82803834681815858,-0.73462026338095532
-0.82382273610025447,-0.85999923824062119,1.0904723148743793,1.9737575191384198
-0.83875044015687283,-0.27549292623238381,-0.91841096607208561,-0.49999517773669783
1.340796371882212,-0.11010808876391381,0.96907890430781252,-0.46369169796268833
-0.86408338737577661,-0.35040072851126941,0.88665360925090941,1.6960092473341715
-1.0388852092848817,-0.33138028828483884,-0.99539277286783812,-0.63455599794062123
-0.70819632002646238,-0.84068805038277772,0.94167985932504428,1.687302151272384
0.80497018808138077,1.7063254690867766,-1.0435599365090642,-0.048302425412715198
-1.015376672367627,-0.47007777034138842,-0.87226128641306466,-0.87208183543062168
-1.5043477264543539,-0.62823296930732686,-0.84947511036026857,-0.71991908319346853
-0.90104978439083871,-0.78641157839722331,-0.38128452062459917,-0.79360862111974051
-0.79956207616182029,-0.51353423042578683,-0.83414164130725144,-0.40102153187255718
-1.3465550660062493,-0.80454119900597953,1.0797941993775673,1.3437819645124889
-0.35588134052800557,-0.22693560197187901,-0.86108987430452644,-0.66133582796714274
0.77447940521102809,2.0901769295301951,-1.2479327146383383,-0.3192564447458387
0.69078785698414769,1.7056517674139886,-0.98608232350128588,-0.50331115438911345
-1.0226637189911385,-0.98249258570359022,0.83200323951815369,1.6339717147537516
-0.87656909488070556,-0.31252633480496728,-1.2013622431462123,-0.11519523462672757
0.88882062618645818,1.4232267205574305,-1.3086790693034991,-1.0841687801545843
-0.83062431987389518,-0.29674079394232666,1.178607914387668,1.6197032972190599
0.78411718485771664,2.1171324324425154,-0.82662475269284563,-0.83342460284325071
-0.77606078513108934,-0.48136393318219395,-0.95873032872165986,-0.32843613406250466
-0.91662611653725479,-0.41203194971287255,0.58197618085273983,1.6017087163222696
1.430311603656361,-0.58436556229013614,0.90500928460025998,-0.46044946851300589
1.079440813059529,1.5255201718379672,-0.86232519517682993,-0.61082954775564036
0.98073509512138357,1.4213303278953981,-0.90476992293022596,-0.32827776000183967
-0.91452278290654687,-0.60143293524573249,0.76216270742934833,1.6428735382035022
1.1190801425562611,2.0290640506988802,-0.69346197121159991,-1.142100915677408
-1.1340094500622906,-0.38265598870332751,0.5970261294621162,1.5684411015937951
0.75705103312952848,1.6028974965408072,-0.92538455537834141,-1.0098390812089812
1.1906655753542279,-0.84606340257782597,0.90464396894303201,-0.83911210724206731
1.0107785845090442,-0.65770428374860268,0.8004426357064971,-0.78928742228154414
0.64667208230272066,1.4240578529900847,-1.3117984081399725,-0.66223748268460947
-1.1705190069226545,-0.38458181996139773,-0.7929500073062673,-0.54949089307459875
1.0152384016832303,-0.92801429268908786,0.87062976357359578,-0.6263247748360663
-0.67244979254555948,-0.5250340222664589,0.80356700203520914,1.3379232833594805
1.0359210601770132,1.9637239116394161,-1.2854900277868127,-0.23316246662761142
-0.94783271920215395,-0.41835207236713834,-0.6347456345069904,-0.6967306128593953
-1.0536261022623232,-0.64080781100522077,1.1209030535178668,1.6636899802743494
0.82275088922999884,1.9340336600887718,-0.88042968125958576,-0.57388539203915145
0.8425975283065239,-0.00030300192894968438,1.0217049322809317,-0.43222373757917443
-0.84289713110816122,-0.57228200081608005,-1.0275540982895499,-1.0262738409347647
-1.0819286504969212,-0.7985218360270655,-1.0133605320130541,-0.24895914643033651
-0.90284749749783721,-0.66514918119581967,1.2208946381381571,1.5186962622383744
0.92133115806663746,-0.26409459928660273,0.80051770056757132,-0.45677761781218074
1.0282804893481279,-0.13012285508348739,1.4570403505375848,-0.7328248831862515
-0.70902497231128658,-0.63830669885642477,-1.1447249366594385,-0.44862626665571897
1.176751810427314,-0.67383804190600805,1.3166182757067029,-0.52062865127209823
0.98090396180588602,-0.66642130167254754,0.85773528854906589,-0.61082909663192297
-1.1768113925161456,-0.93249764347347697,-0.8328689328054546,-0.59120967841640459
1.1250259496029347,-0.49988740290135947,0.75320663544917998,-0.77153315531828948
1.0227197131225738,-0.35797148027208392,0.88201015254845794,-0.76783989435169497
-1.1814350186883045,-0.5911394486353917,-1.2169379701374463,-0.53423024538789943
-0.71273807634132336,-0.26727128538696038,-1.0014905822933942,-0.54541936157810744
1.1948255340722351,-0.45569248154431924,1.1321549981748908,-0.68244416354750381
0.83005501997958542,1.7507749074891725,-0.63195672006824555,-0.6600096559530001
1.6146112989792887,-0.39531542154964644,0.60530124267787278,-0.96100157348554371
0.26141188701602847,-0.47007059327275585,1.1861646290811438,-0.60195957956750945
1.1413236169698222,-0.76250117092818637,1.2869468969047493,-0.091001515763882768
0.87942321366946086,2.0693877833983847,-0.9288307594028884,-0.12010309186994866
1.035977041145727,-0.77018406023683073,0.83867733972166525,-0.031467094168889355
0.74722646549812222,1.2880313027506787,-0.77933635762586206,-0.38532282165260207
0.93399911549508274,1.5157384314668449,-0.725785363753506,-0.0914152060913416
-1.0888274042069739,-0.51693593854152764,-0.87760875420609108,-0.61602879469867644
-0.83044813224587688,-0.84874219531010464,1.1861614782104319,1.6955283296942014
-0.83994486248397693,-0.2869057002654401,0.88253875744668941,1.4809690952840435
1.1609485492395606,-0.51211055495768465,1.4799253098624197,-0.35651342882894893
1.084032545783753,-0.85180439355523563,0.59953329582199566,-0.88104754063305246
-0.96617480785856702,-0.05231692460576863,0.91557915842085635,2.0489480016512696
-0.96855612516253176,-0.56525385428286279,0.89689356837345113,1.8086716859065215
1.4244280592712599,1.3444089362703893,-1.2291941158248412,-0.50288285028751056
1.189057277226663,-0.52934829034329434,1.0647817831987281,-0.32089105366771514
-0.9599322745417217,-0.066355509865379331,-1.1907255986683269,-0.80736400890868198
1.3400240931719052,1.435258807228827,-0.87569063849214135,-0.47478604195063423
-0.84129759732780207,-0.96498260969749583,1.0140661096036141,1.3659229321605539
0.96800783112212285,1.5157038009488177,-0.97453933598639897,-0.63833219322798895
0.75378898697900742,-0.45536885616649703,0.82164595679793295,-0.27056672120076614
-0.86557184258176678,-0.65005549381507099,-0.9154049803886718,-0.42383208566067243
1.1114138906889228,1.761348050802942,-0.88998019627655267,-0.40219760152514478
0.84237341967599699,1.4706322879649261,-0.91081323793098123,-0.34294695979850021
-1.1782086534770007,-0.45482015897864342,1.0224079471403256,1.2781695827091022
0.68211912083878923,-0.44801394760757401,1.0244352544253379,-0.54302294793758898
0.7880665221092763,-0.60322733518960259,0.98234017775225824,-0.37405701772331335
1.2401470242712369,1.7276090030434301,-1.2644689243288176,-0.069245735327235394
-0.83732073148106634,-0.49912529912973475,0.56483414676342403,1.2524280550790534
-1.1617302719681228,-0.45830296929778952,1.192829832708528,1.9082005629876675
0.62341891813991845,2.0236415064558759,-1.1182251409105393,-1.1048059318300747
-1.5933623627343458,-0.27265423292568636,-1.0097869349262465,-0.88834333730594051
-1.1638861166250738,-0.015553442862348549,-1.0168966140454498,0.044482962140569619
-0.83505511886029704,-0.0030319079952140881,-0.5573602266580453,-0.28231622195555378
0.71327668693055291,1.6011447249228632,-0.62538196496482235,-0.65661515084502198
-0.87517435698950086,-0.54058075795508431,-1.0116297772656189,-0.74012397273298891
1.3939568605021735,-0.84100527548847992,0.9138578562855566,-0.37080646388853938
-1.4490342337959037,-1.0385064394411403,-1.2610352398025122,-0.42232350160676357
0.9632985937903018,-0.29308090057547675,1.1885320450576899,-0.34583077968690906
0.76436661873079903,-0.46913225628209054,0.41798457369855974,-0.16022444154276497
-0.72348748467945656,0.32212039947767274,0.90672391430346433,1.9324913294286044
0.99230394105518394,1.6737661959690151,-0.91127984191830458,-0.86107386352374782
1.0734981468592848,-0.62703404032422105,0.77969007447217853,-0.49396530665800237
-0.90518605685429254,-0.35570537230582105,1.279474885029819,1.6304274234001079
1.0447819422215869,1.2404056297194026,-0.90617778293420681,-0.72235515126731953
-0.86957269202421594,-0.79058268354073402,-0.52140763342853591,-0.2731199628976772
-1.1722082742236148,-0.28085260971145348,-0.24453427590859739,-0.7321491723008412
-0.64818622270528614,-0.50415532211961589,0.90850749247165541,1.6055718632365068
-0.59066007302064605,-0.48325602358661873,-1.1387715517949077,-0.84719450562012077
0.95607797260460481,-0.54000927141655419,1.5226081165959102,-0.33026494351252844
-0.98836024012294521,-0.89734055036075677,-1.4366640318945627,-0.62736896489098193
0.56317886929007821,1.1827945761235741,-0.88625381671247527,-0.91129819799763567
1.0295571510438746,-1.0153892939149516,1.1207475487809748,-0.13139780723163588
-1.4700172588239646,-0.36973005489964395,-0.54044556495965013,-0.37220937303487045
0.94387338240234375,-0.58173876346972508,0.82618840029227214,-0.54953774408372924
0.64499339226400099,-0.58418682274046774,0.74115307221401749,-0.57260165529030715
-1.1335079423370014,-0.32304041502664133,-0.92292183714684806,-0.53637117317862071
-0.98409926912790335,-0.25160843853757586,1.1731098303409861,1.3965473965645308
-0.82390536807470061,-0.93511012301287666,1.310000891176003,1.6942394198405397
1.3171803475789692,-0.44101550233716391,1.3571242014690408,-0.84181560935847821
-1.0452417859272753,-0.13773546090596675,0.89362370595599017,1.5538232706291866
-0.99557354902554851,-0.11800135050243005,0.62787871409030716,1.8977619948268469
0.93749432330407445,1.658846816414242,-0.73061838239833687,-0.73047003055302429
0.87673963752898065,-0.32190711538991196,0.89314273480910711,-0.70760823964781105
-1.0176129261573412,-0.37456490278629517,0.69307708689401304,2.0192954882356982
-0.78030180540032779,-0.098835695803167423,1.1748998955959367,1.2808405512318801
-0.53778267627960041,-0.099527987477963833,-0.76086588400903532,-0.64585777322384175
1.3558480469949585,1.400594933426538,-1.0277797330679457,-0.5716385707763505
0.96456417014570905,-0.78072830937604998,0.34163647419062604,-0.30930709226708891
1.1272949340147238,-0.014849253586266696,0.98803787872579674,-0.8196440574980991
-1.0818859950310737,-0.45090016492654889,1.0631438864646219,1.8409351058258563
-1.296673805814335,-0.68181729568238647,0.91267665045931923,1.4735939008368968
-0.825580143602613,-0.41636195953783733,1.1206897210361471,1.6111658500179979
1.0766223652782536,1.5633834381002099,-0.77399340762540036,-0.75214480629297431
1.3625210523678926,-0.3843908209693333,1.0103647632439783,-0.52664487997443532
-0.98648580722301493,-0.7513600499387656,-0.80008091425848271,-0.29683874397946275
-1.3446069560083658,-0.41259574463807164,0.78652338631930185,1.3203179464946906
1.0573761821367758,-0.18895508591125409,0.52586705065310813,-0.41125358415703317
-1.2984584532311314,-0.43886493123338383,0.68470318461417601,2.1074503048668798
-1.2058790948204365,-0.51237323168606475,0.78301164823837943,1.8238216452852072
0.88369476481355058,1.1532162894993123,-1.3235472404746074,-0.96966164730876048
0.88644670055279007,1.5981841343172813,-0.49032693502808045,-0.66195309034172456
-1.266322813704553,-0.56120753867738815,0.80651510494939882,1.7107975701352109
-0.70237697823749334,-0.43083131497970345,-0.9252036757065446,-1.2970192501237754
1.0621885131337525,1.5765243387199761,-1.0871350825706165,-0.65890742570361338
0.77756648773986003,-0.58927492786787417,1.3773572397265912,-0.29508013859991
-1.1426441334277941,-0.48353686540267565,1.0251412348101077,1.6678391066966669
0.70582955529058888,1.4761888926795572,-0.55482067120070233,-0.71890952758570192
1.0728760745105759,-0.5238818637366206,0.73995574134354947,-0.46323038609361822
-0.74137836949215574,-0.55336176443507401,-0.8284890487548584,-0.46704087995500221
-1.0516863986475304,-0.94371219497083114,-1.2814784596710707,-0.78621505243651357
-0.70947803940873877,-0.706513847779217,0.97947770438329396,1.2950929522281678
0.91694468889436331,-0.62987031693065743,0.70725581975158835,-0.37326469958914504
-0.88613937519723418,-0.63047153751347151,-1.0048137604551597,-0.086893484407206817
1.2506821622183946,-0.90378889091458969,1.1060563360693987,-0.69762910641796649
0.81165686537406656,-0.36135187295873611,1.3282503636478338,-1.0965369723912046
1.0173292816269008,1.9725073157883906,-1.1731389442861484,-0.28131661082681253
1.1147295159844175,1.613354425784878,-0.76108056024444082,-0.54711416588038941
0.89283887730379419,1.340632297690926,-0.75026225416912251,-0.50286365283296808
-0.9115982247464034,-0.42149062240623281,0.79968828018903493,1.494082636102243
1.0839784123717626,-0.42545940193502679,1.7697898463359387,-0.59098797415942939
1.266743527080382,-0.845663266063166,0.88516769569231146,-0.11603357396581632
1.2048219244789009,-0.61887234891563181,0.92139492437341786,-0.045364128219340424
0.89937922810400073,1.7466670481882092,-0.91119238787992807,-0.25834207192099284
-0.80451564132305786,-0.90996525973903841,-1.6251244206059101,0.40335953195502705
-0.58517100509041198,-0.58940768537953891,1.3655664961778566,2.3253072602368317
0.84492729733450711,-1.0202410719820034,1.1468634480027133,-0.42787387756699208
-0.61620771787801776,-0.60518136681679102,-0.98709898321346012,-0.70386472942627343
0.67250646796353653,-0.65114539907568347,1.4217869262517477,-0.64857317578634477
-1.1546883788009386,-0.5533021585813126,-0.78509087852896375,-0.89826924452288193
1.0230293636293859,1.8530730328273568,-0.88179341169747683,-0.38252875233383488
0.59492663737707518,-0.66052912750380377,0.68956219794237894,-0.38298040291103058
-0.87168572532772082,-0.0794787765403831,1.3519213725425843,1.627035710649154
-1.4415672409211651,-0.76532237635442291,-0.95183690656750608,-0.4207944753919971
0.81855139279811473,1.8757600588213603,-0.89282415828008532,-0.64069004896216686
-1.1674538410354518,-0.52512252395459225,-0.48027366499521035,-0.91008689459485859
1.2082840610225472,1.7939081737493667,-0.84118974523061529,-0.54993442013200777
-1.2017536623186946,-0.12190302012397332,1.0197563967637133,1.1831375595287796
1.2927013295303091,-0.85192570659691402,0.74801937553094633,-0.71789910265923895
-1.1348902149939391,-0.29513336958294345,0.95938460185441288,1.5776194210749397
-1.0247715213996709,-0.92141192069004163,-1.0991468967688482,-0.91564805800981797
-1.1388913993060443,-0.46011039552163846,-1.1024977782663019,-0.39249530678557437
1.2414501060281256,-0.97485411322117332,0.92692952145128882,-0.43475304666894743
0.68244964873657366,1.4300663540963967,-0.77742033863102566,-0.71128518113160755
1.1631648782847379,1.4847808729221357,-0.65418296206898685,-0.11396391055094558
-0.71909630423753823,-1.1273308500093151,-0.94942632752658662,-0.74105035034731748
0.90355322825310425,1.5587573957718326,-1.0316562828984637,-0.69710725177029975
0.68872727697073799,1.2958393160514132,-0.76847680062920343,-0.62636150355098352
-0.77755687882940705,-1.6510169960464343,-1.1435587669735832,-0.54761049910928572
-1.1717263852412803,-0.61443809565440444,0.60296570609911615,1.4669055208457809
-1.1524522578043637,-0.3913468146422997,1.1286178677829384,1.7778691428847644
-1.1056790383628605,-0.88886781170248996,0.96859793316092935,1.1296075485118775
-1.1633192631279301,-0.73689173022558285,-1.5112453269872121,-0.68809264080545629
-0.56062778444561989,-0.52408186228144304,-1.4689045287349491,-0.85278646399132063
-0.80337866646281653,-0.64550828637378266,-0.88602925925384501,-0.60167982029813083
-0.86742368332714093,-0.68266782810999382,-0.71274819598843397,-0.61066858220325582
0.85724532751957405,1.9878513972176208,-0.82036501515609728,-0.53805485250660223
1.2354111821226015,2.0258353391500443,-1.0291369706270355,-0.4571981704887419
0.75485373391860033,-0.62044376510505328,1.3637189738687503,-0.19025600425289851
0.94229427567100565,-0.41159897528752176,0.76501072386210567,-0.6343662164491799
-0.6897316302844485,-0.64319484693454887,-1.0455255759255691,-1.0208049306735725
-1.1632261924579979,-0.53167185137469319,0.81002220939692149,1.4529926283148706
0.99983439750336522,-0.74057183358033052,1.0945758606131042,-0.26971123257466928
-1.124941884156536,-0.81691305779979984,-1.3515764827678942,-0.80945184898720191
-1.0362498197331891,-0.16234424163617148,0.61145934146599989,1.8837685981160646
0.97863737921783711,1.9894628848203002,-1.4393238764749605,-0.66221756079782002
-0.98998148558160959,-0.42554717330165259,0.96979656144874937,1.9043395235126939
-0.72164766460001295,-1.1695956444899638,1.3000852863914365,1.7178977437584486
1.1366624161128049,1.5066758586019942,-0.57043640961634223,-0.61567645390390735
1.1812945828983727,1.3222392434751364,-1.174509781559266,-0.58215295159502622
1.1879308218925144,1.8298701608347634,-1.0720555482119833,-0.90621120841700242
-0.63656155746398546,-0.41559230689753984,0.7638784492045686,1.3236963823782832
-0.89338503077653075,-0.73861692224768993,1.0645936576827024,1.5093995046706115
1.1430795348795726,-0.29127976839516501,1.0706392518518864,-0.97932847121122424
-1.025341585026621,-0.33772019601267084,-0.77489115092841443,-0.56547387750558931
0.96419151795463509,-0.81572733435740652,0.55368340065984822,-0.46372194630186975
-0.82157719256439121,-0.58399842966832771,-1.2910279147443973,-0.82760828121944219
-1.0246540167920739,-0.58626724480363301,0.86623874721875693,1.5993370041749331
0.90411026660515581,1.520774728582404,-1.1261459896847261,-0.25915056465150982
1.0545695587185289,1.4668868805888371,-0.83246754431221048,-0.70158263613362448
-0.58908510019747617,-0.46414828338289899,-0.99413284161014093,-0.61358217625701172
-1.2697313480087666,-0.22214764072600779,0.60658346171222233,1.9469348751661071
0.88150984423266798,1.7510226325445084,-0.67930870016955558,-0.89754976475826431
-0.85744027778007037,-0.33144816834931556,-0.8518764213651332,-1.0792991202480173
1.0653931002701813,-0.8209856492112384,0.80152764730335768,-0.03415049658332299
-1.2750496093199388,-0.82346462597907144,-1.2526863359748663,-0.27314448822210818
-1.1181159357286077,-0.45995273238674711,0.87488306834379725,1.4414002371571897
-1.2069258742708961,-0.80930624143508878,0.73636245131479339,0.88448254188123598
-0.95674249672715239,-0.52638481828740136,1.3303334598789778,1.6332010242150268
1.296526326214396,-0.8526373318737992,0.91764075459302608,-0.020981740856415385
-0.94651758917423934,-0.67361344148531332,-0.95309934781554551,-0.5122613303984701
-0.99545601554987784,-0.86530421399949442,1.1717145506516853,1.7712090025797815
1.5150337190234549,-0.61845604241886765,1.1082261739177841,-0.25495897332802925
-1.0870879757409782,-0.72734889793741553,-0.54730621524383127,-0.80807224021622981
-0.91968869295823763,-0.28363694054084893,-0.83695897150281962,-0.18709711085459887
-1.0239690697786279,-0.46156285893570803,1.4453964004949509,1.6794245433047779
-1.1570714267459277,-0.56911223482322237,0.85929867645810587,1.7487582413599567
-0.80530215776736314,-0.78929915013063023,0.64553637890433535,1.9516412085297397
-1.0676921635993784,-0.44091801105520223,-1.022074241798254,-0.59480376131552637
-0.74844268737906816,-0.46942296407778483,1.0412034469719704,1.7593750988824839
-1.0410085715851924,-0.73128067008363973,1.1714756405135995,1.7226757300570459
0.95818658909281829,2.0362937555942762,-0.68108514254231123,-1.0454080196133855
0.80194167310067499,1.8066260721520024,-0.99670977600891464,-0.59619796245696244
-1.0218303150213668,-0.30779772877979461,-1.019849976133548,-0.081781100183446365
1.0790664980674041,-0.72682189793762031,0.89812500278574059,-0.2964598790858361
0.52748296486339163,1.908730224097801,-0.78693513412652316,-0.56911156062703605
-1.1784766877686221,-0.58741260802380868,-1.3307747586832055,0.036605986404742559
-0.88016777741342722,-0.63813213209827857,-0.77234922073395407,-0.53523832578818153
0.7351521280448482,1.4258939078170267,-1.2527228490060556,-0.60618153448075618
-0.71754479538475335,-1.1602686155679693,1.1990750438045685,1.2922013348144834
-1.1824912437725115,-0.81484170666172173,-0.99381758367373352,0.30218901237346224
0.79031573766412699,-0.63560280962143467,1.3886416198174127,-0.77044827192834187
0.93838484564466751,1.9453746235997837,-1.2523804698341559,-0.94584853197693486
-1.0094736073910222,-0.48454213303985799,0.87556903143228049,2.0131721127111728
0.93215359108425611,-0.53569016993919649,1.0413493137513912,-0.54338390289034821
-0.84949159222589921,-0.54129535431264775,1.0587936460836997,1.8367120082853838
1.124233163013,1.7291754497269574,-1.2845213667246169,-0.44874675949561943
-1.3688469002170409,-0.53860780436156575,0.97094496115051721,1.7150124486625551
-0.72452144670514884,-0.81678486645737836,0.6300845089338738,1.8509837977228973
1.3036597427227568,-0.2161272154612647,1.1178022260468248,-0.61057847271036458
-1.121546352032762,-0.65933837812158169,0.87182579702671192,1.3987878152457407
0.55249352498132265,-0.16545355225782118,1.0760557839507343,-0.5437479580838368
-1.3272158814782162,-0.9099897985416896,1.249846135655142,1.8702578049966629
-1.3908353656138792,-0.72565854889050152,1.0328047084171113,1.6577179188889555
-0.87437942838849025,-0.87138463185643344,-0.76346143692601309,-1.3666611611712665
-0.79872310065380503,-0.57140327320629702,-0.97441240049543654,-0.5945415991639994
1.3338166720932234,-0.58706350604412683,0.99948017304287817,-0.70512646648492927
1.0663767394696249,1.8121682297793582,-0.82163337962658189,-0.41301652295857183
1.2058482422386509,1.8169933444721007,-0.94502191255016932,-0.38502024606032037
0.86169184228535289,1.6825519371468136,-1.0278272162262085,-0.34393561224307034
-1.1769828226856016,-0.17658112910292137,-1.1886195891200217,-0.38818928151007642
-0.88399428101096655,-0.39345328760560105,1.2244004451683279,1.2592277078632912
-0.86775806222597041,-0.86640338770396541,-0.49195802032108915,0.01703430333498332
-1.4281449722715462,-0.5261707510946303,1.2147345005513339,1.9749368421503706
-0.72810157284003174,-0.33796255652457019,-0.70919081661852512,-0.38135479012051093
-1.0886728791815352,-0.67222742404985125,0.84684106039049434,1.1617373567818954
-0.97220876068178264,-0.87185347170708782,1.0171548896278171,1.4363371143262176
-1.1818635825647148,-0.21163674736182086,1.0155525791982201,1.5790950500473628
1.1391000824534243,-0.66057216335845337,1.1307258002891045,-0.86520929159085147
-1.0323341195612215,-0.71826498640597369,-1.0258780262082723,-0.89947741310975426
-1.2765762454403373,-0.6024960974605984,0.80458806949115469,1.4537087361766663
-0.87894313598666896,-0.65169612124589871,0.95863562135169433,1.7087948706029434
-1.329240896024704,-0.37289266571276658,-0.29587396091364132,-0.3193830491596038
-0.99037733326998212,-0.45083616220534822,0.91017467376884742,1.7249793719161657
-0.94163882155306933,-0.23863330762143409,1.2212325226856591,2.0835213857475154
1.6192658486321023,1.6251948760927126,-1.3448777316346965,-0.53574133861168161
1.1099426812702211,-0.5341898937038897,1.6833759196486218,-0.71442444900176416
-1.2421722681468228,-0.7142345544633758,-1.2943566243060338,-0.4242820898009434
-0.85863685943909474,-0.40133961792908268,-0.9195739675111041,-0.29817003970531519
-0.96911056683134489,-0.88139117846612991,-0.94199409810941181,-1.1363679432764777
-0.89487840510229655,-0.57313900883021296,0.94906383216538126,1.3798798701720749
0.61548883517250419,1.7616457032922439,-1.3355914437703025,-0.74652301448469816
1.3819240930751719,-0.3793557587610506,0.76093701872247443,-0.29219202480400142
-0.81637314490040269,-0.74097029699480976,1.2499692049582365,1.64578875893694
0.90365188778212435,-0.66168131591043111,1.0282774632403229,-0.76253824891056143
0.51979251000297921,-0.70473077445799925,0.98015106398893026,-0.61347991605961583
-0.85364619302940892,-0.38321261319918049,1.065238474106597,2.0090198251299598
-1.2708954935000689,-0.36152254245574694,-0.91127357782515239,-1.0977766735380596
-1.2209998454601725,-0.66239497944825088,1.0299020151102383,1.8175747738198305
-0.82007203429090014,-0.73403513740266579,1.1733357663055528,1.4752990299451338
-0.77534444120057799,-0.6446010610793359,1.1349987516649205,1.6967468510764567
0.90316062244941953,-1.0070824577460378,1.2948166598707049,-0.41322367106669539
-1.3280633788416172,-0.98844643220399719,-0.97167295298925382,0.21777969485962362
-1.4933143024589433,-0.91390708376492003,1.0726135503708067,1.5036630549948962
-1.2716597122441708,-0.28145529757656895,0.48692182529243844,1.3058044337736339
-1.1081378014918131,-0.35958950093261199,-0.64018232291112687,-0.9639841005604648
0.76479765371432684,1.4188919570033807,-0.74368696619785846,-0.39262978775358742
1.0658662595469985,-0.39692069478022585,0.94381818846631205,-0.91918370886248058
-1.1365504179181971,-0.63943816605009907,1.4327682667182324,1.6216625835024958
-0.83625712771719596,-0.46086069464198781,-1.0085912084513429,-0.67327829771525805
1.2690601784556303,1.9803535713789711,-0.87024235442042219,-0.32303542580448308
-1.0497548704712378,-0.51057686651341083,-1.2964120345776149,0.14388576166776629
-1.2607206291139397,-0.35705245696564814,1.0407423077760378,1.2149636858009023
0.71566206741590499,-0.36125316004807095,0.81049354258633333,-1.0656038208210812
-0.76932660253615781,-0.23373210670618538,0.84445974351374919,1.6009538315780223
0.62910717577937492,-0.31233618564156607,1.4345609268078869,-0.43356729596724231
-0.57367442171894856,-0.28984039765393854,1.265514488978035,1.8657818147445497
-0.88123865593189543,-0.71161629874478061,-1.1133536515244078,-0.73122320300286991
-0.72340094974143265,-0.63132694317731963,1.2143347106616127,1.6833939051579041
0.81961059706753803,1.8447753057594272,-0.71541348508807634,-0.37452958463520103
-1.0951792580324935,-0.61175934607748761,1.130797528934131,1.3245958374560185
1.0949456938364819,1.8747260297953563,-0.94951781391202861,-0.80057497234973485
-0.99013719131126654,-0.63245538949566749,1.0542647327988874,1.5736662865041438
-0.80943255557779858,-0.38872565091624744,-0.75154998722721766,-0.5964305974086811
-0.98986612587189604,-1.016544529754051,-1.0409687276233988,-0.052226213891764614
-0.98870401846660405,-0.68059853515070945,1.3544100043688652,1.6041345896586825
-0.5369049944582337,-0.50186074489313426,0.96352428993365502,1.3190178672129313
1.1054902543229279,0.046012819560807772,1.2560435276544981,-0.85520385488469719
0.45020410126714316,1.5052980738817074,-0.88955372245049114,-0.3616494295439579
-0.77940978191989707,-0.41867223203744325,0.83767221196461439,1.9195586068992281
0.83252612709689511,-0.21787310877846552,0.97638614417905134,-0.44224247749568057
-0.9371728583659712,-0.77423464905303485,1.1182353780970236,1.6426503603854794
1.3057975506071973,-0.98597037672219412,0.85760424939652391,-1.0746146515667454
1.3843621289271359,1.5299380061438492,-1.0916680966209875,-0.54416341009880509
0.53148994588471588,-0.42458499463341143,1.1292374772411389,-0.72727907773492606
0.63653490807374513,-0.81833269658175156,1.128961498035856,-0.43334741102306895
1.0929196631337965,1.4687896469658439,-0.69754325234183956,-0.6392771163078379
-1.0956612855815822,-0.3804428887999346,1.1185082064315948,1.6549084916065544
0.88047687526871454,-0.57418086785717448,1.2065318573619479,-0.51622993818348495
1.2769607005154731,-0.24054255394199814,0.87302627876789174,-0.43499199076696166
-1.0534511501878636,-1.0619455106878246,-0.56424768251144353,-0.65978053779055279
-1.2174801344301391,-0.55006967757760539,1.1448127872053668,1.75957720230787
-1.0159746687427864,-0.56619607567104602,0.93003609462774628,1.6647997577905991
1.1701545548800323,1.851935324704437,-1.0587510661360859,-0.83511906304021544
1.0470093566071037,-0.22070996964210784,0.67117000956183914,-0.41132235253450589
-0.77082333133209913,-0.35554162094527192,1.1732358651694565,1.5559522057733481
-1.3574195771282394,-0.72457767305943599,-1.3153556021645454,-0.36899421100823077
1.0181983723095045,1.756064028632047,-0.63219410110730934,-0.41553575585436542
-0.7852708669435815,-0.026290815565290407,0.92667819317569211,1.6564336454016739
1.3115031752798521,1.5330131111618033,-0.86152967561865368,-0.68531822335782289
-1.5821984088564396,-0.74610979517866172,-1.1731608845402957,-0.53899376609167593
0.80922585023765081,1.7862985954415,-0.75849516656869187,-0.96615384099736912
1.1790049058512835,0.075692926281784645,1.3233565053964655,-0.71474686086611527
-0.82431620695379759,-1.072238901028512,-1.0064518483266438,-0.47144505262845793
1.0739428537625644,-0.88581127012939864,1.3131799343788311,-0.4119970097002843
-1.3192640204359269,-0.66854106648728495,-0.82871330502731777,-0.42813949394318718
0.91613786087333227,1.4421757751761484,-0.84057442188330944,-0.52317005838039421
0.48866542859714879,1.9738260374165819,-0.81060669905728155,-0.6240211066339556
-0.94171026823147053,-0.67703997057337872,-1.1179046440723694,-0.96747728651196441
0.76037349438489898,2.1212999922070712,-1.0375228682253357,-0.4683704238719667
-1.2808613299374245,-0.92072650731598826,0.6472137541950066,1.7499666470337463
1.0305101208017124,-0.5874314254213775,0.62719145358447193,-0.47520447401643634
1.4153827910657089,1.6277197170512152,-0.90898111955690808,-0.88198074108199731
-1.314495176305323,-0.23765496893001836,-1.2608585130246499,-0.6272168209476402
0.78800887833951183,-0.81937028426528291,0.95404461737932689,-0.87930761243397404
-0.99166425756596466,-0.66608571893986201,-1.3388854705859425,-0.7746816432352247
0.82687371205786908,1.7989525442372265,-0.68163441344550502,-0.47101265219178634
-1.1887817587148204,-0.70305880295592782,1.1060880301218523,1.1642096991540722
1.1329649008426204,1.9220608489666366,-1.1582411410294493,-0.46387401121623906
0.75700539847846493,-0.46896887008229515,1.0800514587039156,-1.042740475679411
-0.98376056579161864,-0.43178949679751283,-0.75140773468184863,-0.63790577265022796
1.2189928693016876,-0.54788869854196853,0.60786716350925973,-0.66471212348273323
1.075296928085014,1.8825244825236294,-0.99475333145868727,-0.98470415362798969
-1.319427436828096,-0.052058629806433436,-0.97907238623703086,-0.31597123670667271
1.2959436068238916,-0.52687459180817442,1.0866208387925951,-0.75149401587685694
-0.82075476423627836,-0.66999264687625915,0.82147265890878629,1.8065821598765908
-0.89528530060251243,-0.56762829735312947,-0.79483564125008555,-0.59950313519027787
-0.97636404277183397,-0.50477116905043873,-1.0147814183189297,-0.31970087734355634
0.79004950474031077,-0.5716950959871564,0.856157258358483,-0.1891193042000554
0.79921246230913112,2.1606379236572111,-1.2699190039334791,-0.62066872726113398
0.76933894814000692,-0.52225340943746523,0.4179487093760465,-0.34003887801556831
0.66749460084045165,-0.52814310383272678,0.88220698929527486,-0.034323306602944095
1.1149488209674638,2.1850755966975002,-0.53604875656306172,-0.29899449628825447
0.67498256348399888,1.6158255150804302,-0.79623634229046392,-0.44654077110337992
1.0883288541879339,-0.51164123707840736,0.79205112561974134,-0.44001253015331221
0.79348891633626117,-0.3035162123029263,1.0554583567626359,-0.71618352855515122
-0.74400541039690538,-0.5435086401160607,0.55622263176285325,1.3668196475672465
1.2316462310320193,1.6030687370164511,-0.77402205506389365,-0.77648263448696808
0.99597466675288171,-0.6888548065141602,0.87611339068407068,-0.69321817018162391
-0.85429387135957868,-0.77525833407077849,0.71107170952886334,1.4523009667485334
1.0553991116872556,-0.28958008451152811,0.66626614266232764,-0.50016076977684087
0.66408087028295404,-0.8764538332755476,1.3620734779758688,-0.66535833680419976
-0.75907941785154387,-0.53385163865841545,0.90512253060054726,1.3446390600610243
-0.76596800999961878,-0.65204402649420135,0.98549475537073594,1.469231712305022
-1.1572722792562009,-0.95209166493330677,0.70476551981728353,1.6000225541674056
0.75960269371997069,1.6179139690203561,-1.0174146948038223,-0.67828616612303583
1.0754373423959789,-0.29717922586112422,1.2918969147929211,-0.92211065222682231
-1.1986383583609155,-0.46305672493996508,-1.2162964204250986,-1.2526787280161154
-0.90540548597005643,-0.77572010972066952,-0.99633273436316472,-0.56216443514971881
-0.79863805530838927,-0.40430913173562849,1.4212453471799973,1.985787414687239
0.92877921348496306,1.7657949917405402,-1.0852632105179953,0.06112124781324213
-0.97949124614963368,-0.54254189029911137,1.3563483458926044,1.118374686492579
-1.1054719965375643,-0.48997790938072028,0.93675578978391039,1.3969880621145647
-1.0183249341031679,-0.71424090162120446,0.83288919022416563,1.8868888726898574
-1.0787007841457796,-0.7566956195295157,1.0190904509715164,1.6694675250157065
-0.35697403176303727,-1.0668175252999199,-0.99388334361973707,-0.6359908150345539
1.1309966986653719,-0.78217839592557703,1.1081685315182925,-0.39626047094554628
1.2532851848857423,1.699485198176313,-0.94797896706488283,-0.34000876797708862
-1.0554722155818554,-0.56424255775864518,0.70546909071268549,1.7514119288807726
0.94293168274051731,1.7726885893996225,-1.1635625909709366,-0.8851470895466923
1.6294582648071023,-0.93163028709405193,0.92076159936035451,-0.11740867808536233
0.79813090260335684,-0.65125682621986514,0.83428168973342676,-0.54604591973556638
-1.0955624412968898,-0.56394874609654411,-1.2308166984005615,0.36985672700472683
0.95823240849955427,1.4461321525178881,-0.87576069323710226,-0.55518341663638038
-0.68941068658716576,-0.28956361908117773,1.0171841741909027,1.8556996145632163
-1.6438173354777388,-0.90784985029620013,-0.97348937927421697,-0.44139261309811861
-0.46873763397606399,-0.42516058093131304,1.3417025427883449,1.5287963756534491
-1.200431620010934,-0.73701685421767282,1.0773446754171794,2.0138311089689229
0.70600673598034591,-0.5164216793323948,1.2768161061851031,-0.44924548499736744
0.91158252501655557,-0.19926385283931719,0.7670202379948633,-0.81813162736753409
-0.7930564940696988,-0.50501552134826755,-1.3517504757020509,-0.78856063233698059
-1.144090724153159,-0.56250336970578485,-1.0522686014259002,-0.92976842793623671
-1.3822716630682359,-0.090930589577657206,-0.8758172525247867,-0.89623243081753368
0.87727376617766417,-0.66280022821346318,1.396740469618647,-0.52534832077482108
1.067462733311535,1.566090142392647,-0.96888165657333947,-0.86362539292625717
1.192283665532426,1.6078262903304656,-0.90858885642544029,-0.35285222728215304
1.2561112076495828,1.6500991050691238,-1.3241195637039644,-0.64378500792180482
-1.0470341699878503,-0.39849140388564236,1.3783262251431248,1.7908652993359773
1.3312613163893348,1.4624539618241825,-1.5292486145165198,-0.76120711124265372
1.2696159235179756,-0.37729240132383607,1.0307455217343096,-1.0852619615866326
0.8836831252061943,1.5098865112917359,-1.2621401991911585,-0.46916264321991952
1.2033693753831036,-1.1131198557596484,1.3092261476715825,-0.55026816442171178
1.2367807759215261,-0.56241913873864868,1.0704107210526157,-0.27556577787812264
-1.2673286235846752,-0.70252546907687696,-0.90669361058833875,-0.69310709496093303
1.3450810406790368,1.7555647542923902,-0.83929441540890826,-0.82571061119147793
-0.96428744639178521,-0.18393020836835744,-0.94307706366752453,-0.89029400943138615
-0.82936612219815131,-0.82882075080061379,0.81935379102779693,1.8638600408800072
-0.96642479960406324,-1.053886957274307,1.3574772843340936,1.3993749478245996
-1.1067801821699008,-0.98013154921992829,1.2998628719882535,1.5564438713535629
-0.5912924454980869,-1.2997407961225045,-0.74880347053407958,-0.61561828858023004
-0.64066026967661771,-1.093316882677243,-0.85826283085494426,-0.89578902559645701
-1.1948424145063012,-0.36972581903490059,1.2732218894296672,0.92948290322235183
-0.94984707547536906,-0.37234459261783753,-0.99745114866479512,-0.66824580519683385
-0.82086111422015884,-0.7188038707284814,0.54618840596325569,1.7034006690636485
-1.3610543678476705,-0.72558842474721086,-1.0686142645269026,-0.70118335542213106
-1.0507886939301758,-0.65800852904933094,0.76816604286192736,1.7448021563741916
-0.83491065147177057,-0.31461449661629026,-0.87939041520846306,-0.56170685739959403
-1.0266862829987002,-0.42939234259566289,0.67004199784702978,1.7696161999842983
0.51590534303515589,-0.48623694368725401,1.0989542734850961,-0.98038959322347397
0.64624566621100099,1.5397626628624654,-0.84595125532800619,-0.63886781208834664
0.77658820645491389,-0.69336203217255732,1.2525916561170991,-0.44007332977606911
1.0316615181516247,-0.95271485491492303,1.2799527053059903,-0.52888209798226338
0.56866897647096915,0.82343262826890296,-1.140426928911014,-0.22056559088789204
1.1074015517531013,1.6866413126743514,-0.55064632354363086,-0.39185264318211754
1.2384033002358599,-1.022107455069365,1.0453562945700676,-0.40489266071300561
0.85975745039613927,-0.7487083720522737,0.81938585577092249,-0.35734246909228673
-0.72667043230776474,-0.59483181143253538,-1.2829529513233384,-0.51826503630155751
1.2173764419245405,1.7700596444298724,-0.4651074121875029,-0.70363969442739938
0.98716311447281813,-0.48399390060205455,1.1752811509520593,-0.32770448383613932
0.90747928628995145,1.5236715820382423,-0.64959527114450011,-0.49503834228783949
-0.99036316770616828,-0.73861390801164994,0.85538566572477426,2.0955103969746194
-1.3826366478989085,-0.35559096412203162,-0.75676113352562657,-0.49153963747976814
-0.81588174100094368,-0.34730894560579911,0.58857391877782517,1.3275574218532569
-0.86818074856255512,-0.82297037093995695,-1.1447014209699353,-0.41309812037256216
0.95557968655635184,1.4062416199794732,-1.0480523541388125,-1.1376106475242835
0.3591695312216524,1.6336823274097119,-1.7577299265822641,-0.71784370334959513
1.0590875739294963,2.0725678422562495,-1.2096880714795279,-0.43926622005256893
-0.81472571321199405,-0.54184061566977293,-0.80889269489458615,-0.59582675678790975
0.7879185328157462,-0.74824850851687497,0.65939335225863938,0.01560482728243456
-0.71157321492179082,-0.87043922402571849,-1.0481141783924472,-0.53317232404903148
-0.81199808439089449,-0.51677262205423979,0.95358588767276209,1.741897894324925
0.71497237449112616,-0.50305770864745636,0.78581166022911642,-0.69028108476582573
-1.1690003614850841,-1.1168157075018119,-0.96237938742440154,-0.78150478079575725
0.93983573193941394,1.8486271541755877,-0.87328808219830056,-0.34960416286000928
0.76088489808588688,-0.50017184984994878,0.79426748514745915,-0.4535153940324842
-1.1893330003576528,-0.32437475225651979,-1.1258002742967788,-0.55550456486039168
1.3072399381410167,-0.59981260079388299,1.0874517419338192,-0.6831106807291264
-1.2148748946947234,-0.72818471770629034,0.66634120752340187,1.787670210668324
-0.88550991262163237,-0.53755668581228677,-0.5668012778779874,-0.3361217543131903
0.62890061893771876,-0.83799574006332433,1.3462030982367514,-0.56500889140671706
0.98949380727916292,-0.25489249517810542,1.0577987123201282,-0.58907315978376773
1.1231358990750784,-0.92425927162624588,0.99579161551142537,-0.48422524924112603
1.2494454077478696,1.7231520766190387,-1.2911949803966216,-0.6340832993137796
-1.2063710760813715,-0.46495972369199701,0.44887079850523215,1.3686769337903206
-1.1194227818823199,-0.66656941751355026,1.4146620661911187,1.983235305738932
-0.7379240850645834,-0.48950565693684017,0.56037890824966607,1.7679747155418242
1.1283716900730176,1.4492168181083038,-0.48113955206860187,-0.41643343278022193
-1.0132104871666407,-0.12986246226963979,-0.86485065859659627,-0.74948162212397651
-0.93495293091539466,-0.24384466944162167,-1.1445362666914887,-0.57570451097304542
-1.0598135928228534,-0.71267027218722512,-0.92803302149272215,-0.62556391681865609
-0.78039722015785273,-0.23247717534202894,0.65060334969951428,1.4315565991005039
-0.86511057117774059,-0.52237658147934429,-0.97625168652117478,-0.76350166476994907
-0.96790063513159152,-1.2382076770172148,-0.75919076761464643,-1.023952865387701
-1.1426818928683249,-0.37612610443354161,0.95050600422468656,1.6317930440429673
-0.88161289586702829,-0.47106969965212964,-0.77649394788951831,-0.71664574267165615
0.92399108548106046,1.3526781940781003,-1.0552636546305119,-0.97547731035779917
-1.3765396645233572,-0.6316123992974465,1.0900371240254847,1.728045906788735
-1.1682737405202999,-0.22034905803168572,1.0846209626173087,1.1854733398366706
-1.3383691426215869,-0.59031434301499586,1.0653354097173175,1.5293904627818782
-0.72919054586715792,-0.37270916911436985,-1.4093538136640658,-0.95660087150112527
1.3431117299677542,1.8362487623239188,-0.72361513204628158,-0.48898692264267296
1.5384696065461836,1.3820822658263967,-0.92992798062375714,-0.34423642285496875
-0.44943671696666065,-0.47448968904305988,-0.66905148076260024,-0.4706929536554873
0.81619815979974664,1.7896615799191287,-0.91642594069184502,-0.042717395248094689
0.69987580375000535,-0.45080726803079785,1.2719224332790708,-1.0671017359637178
-1.0914076095487897,-0.94913224284213704,-0.82892979996383265,-0.61926683890569623
-0.65042479171451928,-0.66291674769033793,-0.44574758214411542,-0.26745756336908916
0.76011502119932017,-1.1863967040480372,1.1676738369818596,-0.42780236951847661
-1.1108450610000391,-0.41160987699584251,-0.81899767627619624,-0.69870633716908792
0.81754502865097567,-0.4678565970656946,1.1404378958947587,-0.54805785413254482
0.92668574696188,-0.28675838777809559,1.1931536310104951,-0.25085030973957423
1.1445642314623539,-0.56513380104578492,1.1484090427594988,-0.70297417827942721
-1.2976864516543332,-0.59630701938209807,0.97247980587781535,1.4248254380923353
-0.95117401019993708,-0.63280178762595007,-0.67843560779622769,-0.50989201546329599
0.58325765386887618,1.3826686476040362,-1.0578037429556957,-0.14479537817659668
-0.70542828744927188,-0.65298779442116761,1.349268710093956,0.96258540008451754
-0.74566266877763576,-0.86260035132165003,1.3198254914006007,1.8635980861795329
1.0528868040550181,2.3407610209466001,-0.82404329760548634,-0.38678322437634521
0.93737571016244359,-0.58680138535598536,1.2755433397628888,-0.89805992311801763
1.2292928132779788,1.4903098582052112,-0.80962929201204403,-0.048482084609943243
1.1346777706807196,1.6684602907100414,-1.0861870643452163,-0.59654523551887717
-1.2183868690809785,-0.044248120134000743,-0.94574883116586372,-0.7069423151834815
-0.36049759956773048,-0.34101272438268709,-0.77015587878014902,-0.43859152337230428
0.84397543611070303,0.26631401016253758,0.47547888226668106,-0.021278679048666777
0.75320719136686476,1.3517106641449952,-1.2604318712293776,-0.33239746130343822
1.0924424392321881,-0.47721780503423894,0.82099576535929486,-0.8560519938163621
1.0532940055568163,1.5694852079023129,-0.59654253187160777,-1.0238528673946399
-0.91092153688887167,-0.50862696120273965,-1.1921136962258583,-0.54877907912030266
0.65891990533230516,-0.4295724929936981,0.83690858918035305,-0.45941396505930521
-0.92470523670927818,-0.39022558522830297,0.70711403056955924,1.3640639599860689
-0.85610008900111878,-0.71449136206255037,-1.4178826646447868,-0.71491606189599732
1.512769538259146,-0.74204935366139302,1.2802802105146771,-0.75934238312467972
0.80948136733247245,1.5715783358998869,-0.83615970449363142,-0.75060112020382996
-0.77412475353528387,-0.52846205515290112,1.0930723392475878,1.5152723056666864
0.79159092131449504,-0.62831669070922946,1.0352525642694754,-0.057213258165318179
1.061365980880574,2.4632534123523229,-0.92546182990334314,-0.77971299641929703
0.76772178174017058,1.8906669034033508,-0.78748737055509277,-0.20845587607696123
-1.4105468097271825,-0.85371690640472409,0.75849917151825363,1.6935747334967775
-1.4824501146593798,-1.113079807583893,0.66773815532072667,1.5011046237287982
-0.74453889240073579,-0.11798180444317539,1.0119287071890264,1.7144400681585419
-0.92845526011889823,-0.70469833490449441,0.99220166169871704,2.0441287095431044
1.0807095302613656,2.09436382289684,-1.0887676853785637,-0.26750756236561979
-1.4251051410059108,-0.70424831079158723,-0.90523865549289217,-0.62400906788716193
0.95736239403858892,-0.72929697080503164,1.0225969993830311,-0.65949960955095754
-0.92337189543743203,-0.54978819175076454,0.61826411013138149,1.6401142679755765
1.37501256812927,1.6688875420704883,-0.82407525809186033,-0.72122233680561876
-1.1083094626058596,-0.96242489099258388,-1.0128435633266974,-0.67415166006061
-0.76008653256860181,-0.5190798637195897,0.74205385054690842,1.7604829797033963
0.98449893767793173,1.7815212836110652,-0.99536938749927428,-0.51619018990324772
1.207341991849376,1.7998183071879079,-1.0849708977549788,-0.36032254626906379
1.0296286514890631,1.6908891812475841,-0.89189675393127177,-0.37334287241433189
1.0273932926096367,-0.85764391154329034,0.97432695749624953,-0.63303090341723112
-0.98452845944151524,-0.31112249752472276,-0.94180677913519995,-0.92362031634335384
1.011605920409703,1.5175940323530417,-1.0717352714714001,-0.42465288056789108
-0.92619118760986618,-0.91170608064140546,-0.89148974715753049,-0.73236849087071254
0.95126915196540218,-0.79654662175651691,1.0968557935910652,-0.68342650684577844
0.95696202849666667,1.4334465476044558,-1.1026817914326854,-0.68595921418136407
-0.74852663573767952,-0.37316415941352782,0.45170871361717824,1.7905152536742812
0.94790863104153333,0.043710421254909738,0.95638664104484306,-0.31706776369855211
0.79693331633536424,1.7889691820157494,-0.81624417438070818,0.090648737394496137
0.96917899732897339,1.6533907039390396,-0.39333771316908966,-0.86905584242088729
0.69634161249415361,1.7743026264882915,-0.73330788223249233,-0.56173029484082693
-0.54658716165519772,-0.79565015874537581,-1.4103838703688067,-0.68362922933144821
-0.36569325239585782,-0.70385782779939876,1.3412923735598083,1.854668023043649
0.98529394133593429,1.7511942979344841,-0.40621323663301501,-0.53564561476887695
0.99278873993935746,1.4928346991637138,-0.6008119616860399,-0.76421656085416823
0.76292829582177057,1.521367059160686,-0.84054868204977451,-0.6431387682573475
-0.87472501964718374,-0.84383640000864524,0.74138104697728002,1.7706981593022675
-0.71841801997552535,-0.3679348980771206,0.84223745293527985,1.6292051086271782
1.1726507887687776,1.8985724345431927,-1.0180758621615758,-0.6715454887094422
0.98937390084782584,-0.29486174309645358,1.2129711250247655,-0.059732385689148577
-0.65356252039202656,-0.39390171828976461,-1.1288548349383252,-0.18176091658103646
-0.53540237657523715,-0.26874581778912859,0.85793620289327444,1.8720263680267366
0.91872647259823881,0.037167643490873613,0.77744665452540673,-0.44985790684739052
-0.84688843099179723,-0.60760402251782475,-1.0776700754659982,-0.53122404584287441
-0.67773826200456977,-0.64180485920580077,-1.2073880285326126,-0.63728224722958449
0.92439533089210146,1.4887340634063881,-0.49856887142869555,-0.34449937858909341
-0.915284178353031,-0.0024431891887507252,0.92426777708119723,1.5902320235801644
-1.2033233696052033,-0.47650880227549414,1.0034443390889418,1.2215363673764428
0.78651716104118219,-0.90433227667329807,0.92455079940924756,-0.50006411734361067
-1.5014508037012597,-0.50675824772584055,-0.54167737006261152,-0.65109475979406684
-1.1065700225926345,-0.65496211902733437,1.2686707347045365,1.4095960282534092
-1.0688640572816888,-0.52000041406190478,-1.1307212277194514,-0.886467505617346
1.2390460652198689,-0.74487648133112661,1.4103911536139988,-0.27846640459465927
0.73669576168710038,-0.60337230732847991,0.91733586151532953,-0.48864375908732244
-0.96592423586478737,-0.3054150747795113,-0.57767446934092448,-1.1145023125682114
0.89444772969837605,-0.94502881858451004,0.92837206420126606,-0.55592884753980587
0.90200165011694233,1.2930824718678446,-1.0984042295916367,-0.36863078310721054
-0.91395683009330575,-0.61719910267056566,1.0029125833199986,1.2511928849266152
-0.59685174367826244,-0.89138744746043019,-1.1547885976152072,-0.78261947127979037
0.72242874391470624,-0.57846612972150102,1.1353705544089079,-0.81255302489266779
-0.78885949183939119,0.031426997756358391,0.93843038489454178,1.4698220060427765
0.82989003316420162,-0.68153847220940478,0.96592043443727893,-0.69808539336154229
-1.2087280503821043,-0.70541260261737937,-1.0028057754214239,-0.29203378245829043
-0.74916593655283248,-1.2710835113120351,1.4081712725248972,2.0381543299745206
0.69257961749432861,1.7652341048227982,-0.64354393126990084,-0.40988253685806975
-1.1672821568269465,-0.99461292177023564,1.0058043412520485,2.3047791158572548
1.2263073463689242,-0.58715015703116735,1.2241409616979477,-0.61157125112586819
0.96628073509725476,1.7359589945741494,-0.79980111230564521,-0.38655705662886702
-0.57867966073228883,-1.0883427292826839,-0.81229206736556714,-0.49611953765907563
-0.31640709022449343,-0.081325241768449893,-1.4467633139070915,-0.38016622071879069
-0.89993337514637262,-0.8493546296477017,1.3328083761503959,1.8066864781201426
-0.76933527450552741,-0.33677298229604646,0.9065791595960595,1.7430137834150394
1.0175016586691774,1.4556372736591239,-0.73485359283011265,-0.23725498196270858
0.86029933878306031,1.2766537966071472,-0.52573313020710377,-0.50942417711825616
-1.1130634108103825,-0.81822872535623259,-1.0813184246436256,-0.52402097649758805
1.2413787903386091,1.6543119182099979,-1.3087504504260206,-0.76439265057614347
1.1606730785321282,1.592217912186966,-0.54247861795007801,-0.86098387586718905
1.1008846649232795,1.7061261842652455,-0.74853601721425211,-1.0431340926478834
-0.7394864945020353,-0.31938346950296709,-1.2269469194668488,-0.68549527459896209
0.72762665999981957,-0.87821844938048554,0.87901830813497572,-0.6421541331188737
0.73598685417239995,1.2268034845926601,-1.1571641456183699,-0.12858624616698019
-0.91011219157180512,-0.69942099185574946,0.89268456113855033,1.624689498516908
1.1168556842615016,1.233067571669443,-0.70958184894112108,-0.21766886293399321
1.2586894730568394,-0.64626011916929771,1.3551797435492141,-0.29799298846417593
1.3345331545904888,-0.4758063524924574,1.162016170600894,-0.49770329802296831
-0.90379540668233804,-0.77292329703278262,0.52429986316468036,1.7048874674641692
-1.2021255062037022,-0.76458233493161043,-1.1714670598510557,-0.33520775790453572
0.71159467128973142,1.0781651583049412,-0.96227257710650316,-0.77202089579287558
-1.1708867861828711,-0.57165530539496678,0.82368364342176048,1.6139377648815059
1.3153401810826397,-0.69805049707196454,0.71178028474833688,-0.35794981991658159
-0.85214556704350453,-0.39498193019218686,-0.85332004143487583,-0.73326186071757393
-0.59968647305316125,-0.52425904491844333,-0.87496052266940116,-0.48246097353280448
0.83290358293544942,2.063447481042298,-0.84987708964177122,-0.27815618953504673
-0.95830375865867068,-1.1397801494400737,-0.74124126498502518,-0.40008522295069848
-0.79810331465654116,-0.34574441103676407,1.3469383631846068,1.7292814984290259
-0.8631828535871896,-0.69000813023876728,0.79361692301814912,1.7770706341477591
0.71785086786590635,1.3490951039766912,-0.8840169591490058,-0.28538662924776997
0.64568160714340117,1.4990295252044423,-0.63759666280145744,-0.61959750271191405
0.42266238843839771,-0.62498865543537696,0.94378908924856231,-0.43901760807693258
1.1423098427486782,1.4540655155464512,-1.0664719967972451,-1.3578568594734421
-0.80725470190138238,-0.46503632113955845,1.0234158550774162,1.9133170040320104
0.98977870052588379,-1.0545161491708577,0.68202587123586156,-0.42760906465201631
1.4642155628171944,-0.56506842523715906,0.76628738253637563,-0.15302793160218681
1.0553845159891422,1.7404562878600449,-0.9609214168472191,-0.44593195824309584
-1.061566496905699,0.0016443273385860669,-0.91964255686950236,-0.63286006912191972
-0.67410210871205523,-0.33884895437748103,-1.0126789882524256,-1.1391586143494321
-0.71270846924483366,-0.99634912172924628,-0.8481439254049683,-1.1556130259463493
-1.1104268780829674,-0.91850120440413408,0.79583420927254689,1.892495714850857
1.0070934478689053,1.5958199109761324,-0.85902005922511415,-0.44086126180226992
1.1974595956925329,1.757315401338676,-1.2818440301781355,-0.27055038854647268
-0.72504601424778969,-0.33943366305493966,1.0235607951301571,2.174903534867084
-0.97706359125700826,-0.34517523828955532,-1.0887807058884167,-0.40206098677487723
-1.2450178519174706,-0.62591463671399306,-0.91981514233751382,-0.78899230175565771
1.3773355011973774,-0.070965139877697606,1.073781596678189,-0.86054937457700142
1.0229046535505684,1.4222419815938947,-1.1969594805307053,-0.54839767706737497
-1.0541034531834563,-0.56026052579917829,-0.88402417024098401,-0.83304531646177138
-1.0173861154751067,-0.6083734892581022,-0.81801217195659293,-0.61677830547280132
0.88983770616259206,1.3889811749146241,-0.83987784777434094,-0.39661345385071595
0.59412525964837759,-0.64129809575104912,1.4109028920866553,-0.36956091459772761
0.95133307742802564,-0.29141826391012826,1.2781489244961768,-0.29266835876357289
-0.71627344541458615,-0.32896151656636763,1.0693881708339823,1.798545229500651
-0.41479188755981516,-0.91594744271393547,1.2121546788197481,1.6274163141801732
-1.0707448584786994,-0.50250876580600468,-0.47945675542685307,-0.19273000623349554
-0.99010848201187207,-0.44999473887872504,-1.0174447555005024,-0.4991761412241148
-0.79335447032746598,-0.22932712605883493,0.70624401956244198,1.5110409891130856
0.95230064288397709,-0.76482225218610289,0.85445078385006212,-0.34138376672467147
0.86636819310750057,1.7578450570530439,-1.1014266096492227,-0.54846042113214011
0.91363719284845102,-0.56422153113851625,1.4605064936658547,-1.0948416955615252
1.0429737384565694,1.2698515555293639,-0.69507834471856478,-0.31954974760536026
-1.467292713113147,-0.64070903170169136,-0.93252102124262604,-0.51687410663029087
0.84171956935164871,1.6420053368803731,-1.1770004985205769,-0.050968230709297173
-0.91604252821772914,-0.48246497252615217,-0.95490961055358137,-0.88792730245230078
-0.82975258487573134,-0.0026320636091570512,1.2300532925705578,1.8436985909323094
-1.1741366153645598,-0.21640197569095027,0.73634984783194635,1.6949532095191453
0.85203503280441517,-0.33718424625476584,0.51904337676345602,-0.99121637803965357
0.59896964575450229,-0.70068058399898092,1.1939083572186291,-0.46734265208606462
1.0987871337754054,1.607507179667417,-1.2890350816918783,-0.62044398862090644
-0.79899580002615267,-0.58583519987838273,-0.66339457893114562,-0.74985729951571689
0.97392259921584634,-0.46276034719365822,1.1720655947180423,-0.45744376619193211
-0.93964939628966448,-0.85931746319553237,0.61620381137656366,1.1879064838385431
0.40714993267887956,1.7809892908678735,-0.97464987855119967,-0.74857118201907946
1.3197556568954685,-0.84837469752754235,0.68840656977250758,-0.69018228537884574
-1.0166411979251477,0.04240689031407395,0.55778379552786139,1.5790493186153411
0.85182810645141427,1.6016138303449747,-1.1195006759287098,-0.28880753003252568
-0.94157880554934026,-0.6895841719643907,-1.0827819809210704,-0.57891898561226907
-0.80605198866348282,-0.55526749525347252,1.2733521872008651,1.532999663264843
-0.58030511804292073,-0.85388047186525318,0.99047924749140126,1.5986697889040544
1.0814843955510851,1.6520158936190741,-0.9051851572992724,-0.62093573323009343
0.72964197487351035,-0.7990015643074676,0.8068301920205746,-0.67912874009789503
-0.96458236263372954,-0.81313527726307033,0.95535463821407429,1.3558148104762773
-0.92114870445111241,-0.59652975250348395,0.93333431488161311,1.4315730371267605
-0.90796675962907403,-0.49849835795128461,0.94199253690685225,1.3742841974391728
1.22001382914694,-0.58715394806371979,1.071865681940104,-0.78718198508517256
-0.96643679140191985,-0.89528433679574271,1.0428494989008601,1.805970581002273
0.80940728030787124,1.4522479444929348,-1.6841562614087013,-0.55544226780325168
1.3149034186732702,1.505452955155584,-0.92182461882200017,-0.72775148658886901
-0.30793862922793219,-0.3414699853178047,1.0361930065042673,1.6151836829741888
0.92132598490781248,1.5735792574874985,-1.0585231956295751,-0.36522446316786039
1.2096981809385012,-0.50646908688388481,1.2683636174828081,-0.069740772810271967
1.2427893998967894,-0.71295471249652798,0.82113273556258837,-0.52963058137974728
-0.73224912983353418,-0.2786684438183295,-0.88694238621974597,-0.67555106558916522
0.89671837691121614,1.3739861606088219,-0.75658343368475012,-0.41409634849428661
-0.79166866719536189,-0.30282195539934609,-0.90007675023741718,-0.40723701566440057
1.2764143779924162,1.7389384938674883,-0.99686264826283155,-0.51336161785228562
-0.2513003922100136,-0.65267462591947523,-1.2289355127448069,-0.57239982599666894
1.0840674646058219,1.7196690538427268,-0.70186872595224037,-0.99831423347970105
-0.92951700766562328,-0.44488846368417695,0.8156904404620382,1.523586364305799
0.77060858912020525,1.6656367349764081,-0.72436436739883703,-0.29496085753758616
0.99426900238600302,-0.8621770038616251,1.1659742202508701,-0.66570277140885625
-0.78201822023788981,-0.81771970454409426,-0.78909726855938167,-0.52690360765853717
-0.79139155678133766,-0.72698648584825987,-1.0123596150703551,-0.31733588265887275
-1.1568160251234012,-0.89780686728256709,0.45828356139326942,1.8255170801728315
-0.94504095526404497,-0.55717977738775737,-0.80367985731998637,-0.32038945677997038
0.73939688961645123,1.3377141985185066,-1.0587482512037958,-0.49203367392915442
-0.85166702675773098,-0.80929360023372299,-1.1965465774584629,-0.63769105751799837
-0.92503466040323978,-0.90137890961135392,-1.2179203235863378,-0.60974908669527261
-0.66365050342324627,-0.46632764907193297,-1.081619807744022,-0.86287864816616577
-0.91112980560730428,-0.72114409968846671,0.9012551148198682,1.3801818662185592
-0.71211069226703516,-0.57877836955300388,-0.72277294600772923,-0.46032571572799441
1.1284099344971885,1.6483983854568036,-0.88279343087370454,-0.25912680327381188
0.79375921388486859,-0.58600852674978787,0.86812556273909203,-0.5135975753137183
0.64446111117204063,-0.79134917588068998,1.0238949727709394,-0.71343479552354383
-0.95560839568365785,-0.24908216349320406,1.2099859530433787,1.8586350667135851
1.5015127446558978,1.3998793776920853,-1.1005580698207098,-0.30122005752265535
-0.76871491114678747,-0.68550531306656071,1.2906595493298803,1.7692008237054284
1.112842236791646,1.4080708761771092,-1.088692747942408,-0.74690496150824792
1.1398812294360028,1.3411024653988666,-1.0068358549025975,-0.39053703470728407
-0.64634598692557976,-0.69744223220624646,-0.91307148550463191,0.0097051037497662192
-0.55365692983444359,-0.55950618667303531,-0.72550129885794079,-0.69428141280463262
-0.72197648350782839,-1.190699917712964,-0.55093333079640483,-0.43532823270148052
-0.64582583042461561,-0.67502679950230071,-0.7551821071038628,-0.62727382059397485
1.2317657679520118,2.0460007110430327,-1.3888726906742985,-0.65199578227975441
-0.61972890695342986,-0.627011918221831,0.7788352617826122,1.314187616420595
1.2601773104860503,1.3107759046366172,-0.9807218438864691,-1.0879119084027555
0.61934653361059211,-0.50001240074700737,0.84510307717495581,-0.29130537241979299
-1.1208854117094884,-1.0881269259165109,0.87925221394898967,1.4327367650881602
-1.0017460859238501,-0.71816835823124803,1.0065707442163496,1.4507933046993025
0.98639379185326848,-0.74269057594495747,0.78254531937303928,-0.80516302568469367
-0.4897117907318535,-1.0646881733555753,0.86219228784351565,1.6968345205498254
1.081783699740247,1.7006945043641115,-0.80281273074966053,-1.0281958255432335
1.239109251659803,-0.44925279861999307,0.23739807188689391,-0.8154365813511687
-1.009200463450338,-0.29817806666904073,-0.92069350546883388,-0.96247024790839675
-0.90259379909166493,-0.1530774443206846,-1.1609111100988252,-0.014888449027378764
-0.98776879102692372,-0.71102254735920201,-0.87673296274130785,-1.036595235472525
-0.98255246865795531,-0.36112771737023219,-1.1235672800251562,-0.82204516842316389
-0.53014649339793274,-0.71856919851026979,0.92133932077262215,1.6628050665275336
-0.87442989555510797,-0.48752693712305578,-0.79452891788719604,-0.77927755995293613
-0.86125010140456781,-0.79561151809834385,1.2135291998314186,1.2532531175507811
0.98140797527998103,1.6373357408330045,-0.84147069400771912,-0.2926353509961056
0.85190459529975571,-0.23901405741971382,0.64599510861090015,-0.60870051711813711
