m1,m2,m3,m4
-0.36082979870194903,-0.12150920535883485,0.17611754152002326,0.55152043578842502
-0.081489681947931214,-0.72862946233559522,-0.24255831763378774,-0.56343011178188784
-0.59236367095230624,-0.011715807650270188,-1.3081717915392692,1.5767374468201996
0.49915500877096047,-0.45242012192600578,0.1185789309764174,0.67811628592095718
4.5229642901507114,5.7134525530133144,1.1535106207179338,0.74199671241479104
5.2042787672094963,0.90610004492505336,4.443128029935937,1.0920242258913986
5.5222578922081489,4.2977644253935026,-0.19739033562530997,-0.0427605445507575
4.2907033968521722,4.2236430358538879,0.57124290183014936,-0.4574283121889835
0.61373638544097553,-0.29100399146651973,0.98648031008270809,-0.20845989905995474
3.7349392542539994,-0.035817041523897537,4.541573942316087,0.34466265116370465
0.13785758261959519,0.0768478263291522,4.6818355555958249,5.4211833067395281
5.9070264749322563,0.47875935045372153,3.9406273104789182,0.01898573747746805
0.33326279349040611,-0.60964530017212348,5.1291101201413394,5.2326572510881171
5.5489272807496235,0.14787197706455155,5.7990807971580081,0.63574146243999607
-0.33203797456770956,-0.38332915817418051,-0.0096209546233826243,-0.37907953196738609
0.1790256537060104,-0.36137075275551056,0.54797350100136522,0.2418055545773522
5.6638277237912833,5.3294639838209026,0.07373607243062591,-1.1370859891789586
4.2025102491005493,0.074456903916643655,5.1999789928294389,0.17699847294652771
5.601016477331612,5.4257349528174377,0.62072020123551186,0.6271148912313157
4.1544176757455542,4.5057857824915546,0.3766605736963245,0.41006192371571798
-0.29926861480876071,0.05204229214830234,3.8920133388093054,4.9496740034035431
1.5736541114930713,-0.10705091706591668,5.7425190108542354,5.4294829844089216
0.30639933961711679,0.61418290080768823,0.037121403043602307,1.0590122147782199
-0.054505916531519184,-0.016753072048916073,1.3875759491649282,-0.045665845902139506
0.58725940752652728,-0.47816080936945499,6.541237046374027,3.578783993405545
4.8537148058670114,0.4312773847757348,4.4698839496654861,0.25720322182802202
0.37308537552817977,0.31518840442533508,1.1467933338965677,0.45753308443162005
-0.20675713190779346,0.48924501195462144,5.1601324987292267,5.2774944029688884
-1.4131347275048942,0.10232787853240033,-0.2111160865107431,0.98186316524583717
0.2834325800121858,-0.5025951228729939,0.073552740625353039,-0.35925410990756318
4.6931118831278518,-0.89123770795075685,5.316925682518832,0.1145187610538785
4.6558386801463305,5.6603337775092832,-0.058544425770918507,1.0149001110715488
5.0022783222371618,0.56114842988167912,4.460211560069995,-0.45528122071219834
5.805530557716688,0.023210262835562583,5.1839167980742662,-0.43745519555876011
0.17727690693564765,-1.4369160149966194,4.3617768536521622,4.7329038090790387
5.5050721661632611,4.9422319654636793,-0.052845531434901484,-1.0348811301034444
0.37743857893228216,0.49142782695400555,0.72554094667670554,-0.029683104913103334
5.0609590396778401,4.7050908753518739,-0.70578435810086382,-0.74434428237265926
5.4026725247966079,0.18699376641321672,4.961238777952369,-1.0866966784937275
4.917010175262968,4.3774900204183771,0.46274111761942111,0.45187939651084424
-0.7495873518914441,0.30815741005951153,5.0685481627259943,4.424541165282422
0.20858114652921433,-0.79889543998579926,4.7862006591536685,5.779173458512993
3.6333118044970361,4.6689304297506036,-0.49667047352826432,-0.13966329751370707
4.4082744912838203,5.7414049817598736,-0.043443943916288238,0.098341945609891651
4.9642751938686756,-0.13330209251791983,5.8841833532358594,1.0369345552857476
4.9035443057155259,0.85257651479496632,4.7671572770985495,0.27388389711678662
4.7477830877958249,0.21922211999900168,4.7830639936696056,-0.24859457805075225
5.5931546097971685,5.7391071738392023,0.18466972298092266,-0.26250162110515896
4.3582317253348233,4.9600737420743695,0.1220205143383834,0.055856167478896178
-1.5681860802090659,0.40863580486927592,1.041770238786746,0.035095406599966336
5.4682711385972915,0.31995780076756414,6.1188381128215017,-0.17474592264439612
0.027063044132442104,-0.22884414556282695,-0.69664039976149872,-0.1500766243632882
4.93490650466146,0.95761525916458712,5.3780736734741517,0.076787651877907898
4.7652654139574206,5.5343046832949829,0.30354308836028632,0.29516086212774756
3.9878002974028428,-0.49474206152892575,5.0302329171688438,-0.58698096438179848
4.4283773269089926,5.7135487887909697,0.15350175882805867,-0.4943081047518636
0.30444846726203717,-0.2877209203091376,5.5987379268831035,4.8158332913303443
5.0112896594040333,-1.5708276144555222,5.513681527700693,-0.26814457991901125
-0.85134622415137429,-0.13310824436218849,4.3718498520808113,4.8141762278393907
0.35890315881134188,-0.55598254530361002,0.70027062243507354,0.010912896791450787
0.47182777304593676,-0.24468420496482118,0.90828996127716999,1.0067701070947546
4.9192201724586573,4.6386222444145142,0.30268725766333054,-0.30186795667596816
4.9901680894308065,3.5336853557140198,-1.5922714445308908,-0.46445951602431285
5.845484244941054,4.6982229350408922,0.85841182363343183,0.83131082785971377
5.2369032192813592,5.5777222175314547,-0.88610594938190268,-0.31371800673333955
5.7319250768434804,3.9890478960336324,0.95083682367187328,-0.89533545641016321
4.9729536722762147,0.87036525967456069,4.9446683685757353,-1.0682297814449382
0.88769270690326929,0.91771013472298724,4.5058264636626593,4.3052379728396222
4.9545897279845645,4.4317876479618823,-0.98883847316646867,-0.71789135332249032
0.55064907431973298,1.3767949551042873,0.56658567495922263,-0.075578048344773927
4.7931327717545527,4.3403509884914477,-0.21416181823024155,-0.90404409774028016
-0.64620159363235186,0.086202586021693658,4.9027908448127322,5.2350471249290855
5.6009628364149719,4.7633405910566831,0.074866915359713876,-0.48899774868000384
6.3776024244628031,5.7556919670796045,-0.17308278440712122,-0.16355598547839861
4.804473130729991,4.2479032407918433,-0.70914371824868006,0.30360888146367471
5.8813136771175909,-0.27717274675007547,3.5642432841057659,0.25122701657475027
-0.1421453599043154,-0.89306633462809371,0.51076865663873761,-0.78751203426072902
0.55409587073425703,0.50292873971341245,0.56508294013006877,-0.45744317226849412
-0.5935150840208453,0.34342507916648995,-0.17150607170863269,-0.065483810583053609
0.16538776697202554,-0.077464504889306299,4.6175604254993159,4.9639879492452863
4.5418033438633776,-0.48239320405345087,5.6093746222055678,-1.2089304334542523
-0.81126719051998264,-0.58395543370033498,-0.45735983297088734,-0.78256408913225062
5.3930146461368027,5.0550002940798615,0.34489427812212597,0.28973606077392061
0.96578805621297459,-0.83913319701130196,-0.81542394762013737,-0.41490199839690228
-0.4731041795267461,1.2343702199109052,0.54118071364826004,-0.99288603361391037
4.469674332484403,-0.66119174469895459,5.1786711419168725,-0.24056669642372427
4.356491232923851,-0.044472439805807881,4.9983334200846752,-0.90969686077298006
-0.27488458886870437,-0.35995842323854571,-0.13899660416580009,0.55340810973884225
0.39938820934693625,-0.15556652556921788,5.7053352800156931,6.2009075661666815
0.42733692745123503,-0.048027125271223832,5.7065640495417185,5.0668719808325315
0.26577253649949711,0.3246378109179327,0.77994149517767952,-0.12850199349428348
5.4557523872355072,-0.49632042050268949,6.4342296989510972,-0.11158734227273838
-0.2813265996114741,-0.58283547448957229,-0.39009273323908533,0.098407006568551073
4.896374013269698,0.47273709631387367,4.4279565733566537,-0.17535224855076126
5.4092299396314845,1.2069514738068368,6.2437761250588286,-0.79766041749311078
4.8310536030550741,5.4314709167715529,0.11164042648622723,0.37299357652630694
-0.57697354435909243,0.2666665933966833,0.76495922768079738,-1.3248232459155895
4.1734099131604658,0.11332146543156295,5.139850191124621,-0.36010327765194661
6.6185519819830141,5.0463150213355439,-0.81354352591622492,-0.17183379985415806
3.9801709666622411,3.8427265268422079,0.65217635802494978,-0.16939385042417415
5.0175899916765205,5.3434381362146448,0.35869238651599339,0.5085770611559739
6.1605886016907432,-0.30245530211810889,4.2836590532525518,-0.97001657558716936
0.50250652510677773,0.17896509849947634,-0.27148078926627545,-0.77683845542307051
4.8887922013492,5.9016191252721697,-0.19538939796767316,-0.28710727365563676
0.31999750665863186,-0.083138679054349102,0.017157506864425531,0.69367502547813154
6.0709737452088568,5.3486339067887592,-0.33001998515103986,-0.93078511002146624
5.1137766918980789,-0.42606454459784598,4.6752598040447833,0.5077877284056912
-0.34145250731196009,0.84424010025651308,5.1281987327292491,4.9041207748132063
5.8711357667432731,0.85712105720617815,5.0537669364443536,0.35497870443408386
1.1213960715391929,0.46346506981930241,-1.3359473174564771,0.68774676345539631
4.4092670637574756,0.47863501353902538,4.4984400436925753,-0.28464887561754315
0.43125405834261971,0.177954185200738,-0.20461010372003993,-0.049995682753025884
5.0776083781749568,0.22637670671897464,5.3047242868051878,-0.46324879405704666
0.42098478533601791,0.30035162195586368,5.3187551421882038,3.9014798345399564
5.3160186991324689,4.8979133237331798,-0.24540701697397191,0.30541475197129592
4.9876921406272388,4.6691996245096847,-0.48607734678669412,0.019897255589574687
0.26295062838418237,-0.18215216965846515,4.7407649409927455,4.599629394195488
-0.72631713942092213,0.31771754352648179,-0.061319152470234214,1.130709966528735
-0.84265196629734207,-0.23131774333851685,-0.15261635839285698,0.052028278535841535
5.4324494943255868,3.8441699677383765,-0.09241710594772623,0.10982205424226758
0.051621301966035135,0.44360612676276173,4.9073525788126569,4.2562769477379137
4.9210297751549241,0.14139272444441331,3.6187760218062319,0.56886495593507491
3.9943688126360968,-0.40568221415066424,5.8795748678666637,-0.65905129227860582
4.6583012055391322,4.8593619216755393,-0.77321580336618534,-0.53996487795084647
5.1153230905379266,0.24287555174716494,4.2736807108643058,-0.21463765407421528
-0.29179375245169303,0.98717040545058188,-0.16101797463536902,0.95988475746668112
0.048770407796325105,0.64264432118322934,0.41003548911229298,-0.2271506222616532
5.2309383480705778,-0.36378396022377979,4.8081985214588974,0.32418800793025732
-0.082501182622908495,1.4792633746847197,0.38710501451232304,-0.59727217637621433
0.25655586554345627,0.77824407471820023,-0.24701993247465126,0.2586970052771112
-0.14583866912361806,0.29334603022406303,-0.11508568332402844,0.73324365064730612
4.8089883032876655,5.2277366096027045,-0.51773536894183758,0.27575877478407296
-0.15246383610480629,-0.2969396878021256,4.7020080399086464,4.9773010113154266
0.38333245809783933,0.32523929188771372,-1.0966648307304199,0.53890998138971924
5.4926392298996509,5.3989229222765065,-0.18990769460145712,-0.27377191361235409
6.4012874519491749,-0.073135625046297129,3.8476624843953138,-0.21953930385812392
4.4100154654333625,0.27713814283692179,5.0975952716399489,-0.46436178683832452
-0.42447446400375471,-0.51819148173622576,1.683516266178394,0.19082329667591461
0.38648946080995089,0.70325692563521236,3.8588539247192317,4.8981639804761503
5.9825991979677253,4.9460910503662312,-0.82395529980147353,0.033293739517470985
0.73598890479858425,-1.0967303895289362,-0.17621262343491143,1.1721185733112809
-0.28062337099848728,-0.27312353541148937,-0.53467319192022178,-0.38430771948110043
4.5930613617572069,5.1634035903236466,0.14166307630435879,-0.61442652880605841
1.017841362798263,0.36456654869027638,1.0497836545414787,-1.0390351013259684
0.92570811005343911,-0.69346176194539211,0.78068085996960346,-1.1768719612187688
0.12871655523656578,0.034172199447254831,4.591270942025524,4.0511182422533096
6.0204129774513904,-0.060548640371961636,5.7167326534676679,1.168226515015736
4.9952079022112645,4.7141658770836257,0.5105440610818418,0.51044440239780609
-0.49074021888166164,-0.5700309446448516,5.3333392015377505,5.5734712368543793
4.9696338978298735,4.1844467933106948,-0.53005800508893142,-0.99781459291639907
5.0479526519294202,5.1364604949124057,0.4946074635628771,0.39535569156037992
4.0642573412635716,-0.66521578837316964,5.4127482275660075,-0.68351123168614303
-0.10289877404777543,-0.47523859769062482,0.80146093170406685,-0.51924677073418157
-0.25116425569940104,0.46549810856720508,4.5146924749493555,4.9999008117751655
0.29477209081989664,-0.30900990351784074,-0.059680517705761382,0.35825541639911102
-0.31873705873861785,0.18611816900019276,-0.47860486259970669,-0.15460465301575602
0.28933207064093752,0.61613325784821893,-1.030600863210239,-0.1996676409792483
0.32177462402959495,0.12458708555238712,4.8127434253476045,4.6113749250075875
-0.16759452471534095,0.046703600575099771,5.2885309974464807,4.8471881112860995
4.9738956411796496,-0.36088385314810062,5.2389197501596998,-1.5937727521452891
1.4289091751757081,-0.45870116726610272,-0.91971548412271142,-0.70129135371842
5.9288186680133679,4.4808770962722777,0.77473787104914538,-0.10599477593548251
5.9328571991173868,5.2128116934095559,0.5529637472110539,1.2854960288153063
0.034866738068347801,-1.1172889184231964,4.5655487509088308,4.4686954484770069
4.4961326506837018,5.2517412976924867,0.34436025230540812,-0.59943354121161918
5.3426740691932899,-0.70616019452494005,3.9440548045661785,-0.21663579261381832
0.039628669537833304,0.10270406931507861,4.4518028402639951,3.4768723125918619
2.1507956957579926,0.75964150644523543,5.5059668869465064,5.2679167826156208
3.8408626678092395,5.3091367633277802,-0.25676734013434999,1.0763541944135888
-0.12169950254758617,-0.1632901052013731,-0.47155866484976172,1.0722122789253807
5.8902291225638654,0.18885973068569853,5.1087608432433562,-0.47226607390769121
-1.2591098400987031,-0.99401050494973031,-0.58940319702227395,0.11422773524750378
4.8442108003659445,-0.33159717299151914,3.9803446616981315,0.54393807415749584
5.2004407615323105,4.8388001167745402,0.096909319607535127,0.73779572721129516
-0.13178255497993174,-1.6085352190524651,-0.12302758268182028,0.52053380181421016
4.4409369180265355,6.0590411311115657,-0.11862523747901767,-0.81312751781646375
-0.073344130977945704,0.1971327893259987,5.456918473562415,3.9771256939209625
5.8031170540770569,5.628804258136304,-0.2169902671011438,0.21724822303471816
4.191001285973381,4.9875412688976439,-0.17044627794754133,0.15912723003649007
5.8489014347059891,0.29030020963554509,4.1374727352036178,-0.96049969210154018
5.5484293673088088,6.1447753488664407,-1.1258488103253768,0.50560047392880514
4.257987248904012,5.0162435021554854,-0.2796856107783135,0.46184660661928634
4.0995437871952225,5.1869606427237818,-0.7960546921014936,-0.77613046435950872
0.020723210337919597,0.32691787877919587,5.0459863660155291,5.0501706487164979
5.1717797872416149,5.228509433388,-0.20703677508398605,0.071873466257818916
5.7117248563073657,0.38464499972388339,5.7229577228975739,-0.24591833784049089
4.9774703768944715,-0.14156785719807996,4.7006098470197584,0.65934275736989867
0.25222295638413555,-0.18704963424069357,4.7658975838687816,4.3738031187540685
5.77354788940566,4.3060263993611692,-0.35132194110382536,0.026135249366165157
5.7024135110597705,4.799434144503218,-0.16112526560010498,-0.49982359170624957
0.49565619245082748,-0.25005081926311451,4.8170259526165911,4.6780993875391514
5.1943502390542911,-0.34576491632405948,5.4003784653070399,0.49838822939106053
5.2285702468727298,5.3042068775064708,-0.80314038863535309,0.25622398761432386
5.7215717496759746,0.17651865706369624,5.156518082598585,-0.17737139782460282
5.6613234504392826,-0.65004624461783977,4.8620548791724261,-0.6650292519163622
4.9630910360125124,4.7453818588521726,1.1249694138036954,0.047799064694775975
0.21875394839746712,0.15356355850917916,-0.95233092301266731,-0.54845360314153391
1.015531379991462,0.20904556661680063,-0.76654698203020055,-0.35754859339172851
5.8828202074831903,5.0684790927656973,-0.09884681923657411,-0.8192908241306297
4.4136514031935281,-0.36372507873662535,5.4935016139145851,-0.84862267477025155
5.8689210047491613,1.0055240881864347,5.2927051759066561,-1.1162410994045826
4.9484866036448807,5.2750107169346165,-0.38656634454268463,-0.21409717309464329
-0.94426188099207342,-0.36538435585336865,0.015129831158731913,-1.0135436123152131
5.7754856956800165,0.74633248134543206,3.8118293516188464,1.5214880723062181
0.050680653340629628,-0.2503441194958812,5.1821163318573911,5.0493794649512491
0.58022759788805345,1.013454151884785,0.7638978529711139,-0.6191439482256299
6.1634677965302114,5.0180115179240481,0.014443675620063871,0.69585017451130371
5.6479235828993817,4.3667646320715168,-0.25682481982844985,-0.12268318358717581
4.7878438839001083,5.2653165104876853,-0.72057460797865047,-0.10947915791946924
4.9190461251688609,0.74068869698753825,4.6202388512956629,-0.38776982669044474
4.4077205400154993,4.5159241037751583,0.81312992293032249,-0.29368391140547379
-0.49302488763623575,-0.62256712376317214,4.7936662199295492,4.2180730782826004
5.293718553508838,0.16880339567748279,4.6244659990265955,-0.12433690876089191
-0.1795664753456869,-1.1028527683286975,5.8204658944120347,4.3290395260627443
5.3949529391446136,4.8032141918797793,-1.0798159651282322,0.15110392011579396
0.49944572980247448,-0.34519884710614335,-0.18869164718008788,0.97921824682384662
5.218077956733616,0.39578376706001023,5.0443388840845929,0.25813966247659648
4.7608126048298285,3.8939330663997214,-0.41958375633123807,0.10100015626529486
-0.89875799370341858,-0.91372527803293035,-0.41955563537420154,0.66907430852952265
5.0687769051634799,4.8405904257962948,0.18776384435047766,0.15203590645993359
-0.6226899704019776,-0.53468211811363098,0.36910210250167191,-0.92833864285493117
0.38758732275694036,0.22497285343805443,0.095889724984670563,0.52343987727780406
0.46370724003514635,-0.16214825151920154,-0.027268694121406471,-0.47508450275827491
0.18960849487224982,-0.34271524296622113,4.4909882551187295,4.6768366691432739
4.3771323051210596,5.8705247241024843,0.36272380394552378,-0.34919536868694789
4.5469176259466879,3.7577536733844585,-0.56039679951586241,-0.29091843283456142
4.7050974141844506,1.4371002971127329,4.9262822670424118,-0.60136677444832709
5.0883354470647069,5.1381497826683127,0.29950250892649066,0.4494018468503112
1.4139018259711982,-0.43613586255739845,-0.6279723615314069,0.39413896800503373
-0.55240126026354264,-0.66266799013317246,0.14649937624654169,-0.1642969399680434
-1.2941086699253082,-0.63972636669434491,4.8560912550491473,4.5446570542260289
4.9277599702632182,5.4292888947010525,0.53550461538114202,0.2361145312067004
4.4964534022617748,5.6096139224887409,0.9133748504625635,0.13131686988106531
-1.3034639452288699,-0.41940481203902075,4.191213315886813,5.2898510026602281
-0.52458478569257216,0.67096515626062492,5.4322514374991098,5.3974576738459472
-0.22414760934149838,0.13559836454110757,0.020871236367771214,-0.10702770591100454
-0.66131862725785406,-0.37555855527703708,5.0382131827376444,5.1887989264363084
5.4293959163980663,0.79856222187250192,5.6589932910242462,-0.57393411181221043
5.544584183410505,5.4530960988668555,0.31617451133942742,0.83851352912445565
4.8051169197289196,-0.74426844270244275,4.9655429729850518,0.44801680794559179
-0.88895155936904746,0.50497926267605031,-0.17634830020949818,1.1593729037340537
0.35650268331812512,0.80222823721561565,4.8146680921846974,4.1032882453389163
-0.5129248122717267,-0.12758404233519172,4.9494034665777598,6.033996089460727
4.5020494780204716,4.6450724516106003,-0.4570397752708466,-0.44054065012532861
5.0894640889784935,0.47939064571969003,5.7234752835656275,-0.50828375738024678
4.4143123751695716,0.92946496603360518,5.3224255237507458,-0.15438835626397043
4.8231893554061669,-0.26993158024572317,5.4015034740914967,-1.2772041308728872
-0.46258494948920814,0.26224082521363939,5.1032105067999805,5.109895200701529
0.23537022424724555,1.0857114107917829,0.12461727382130361,-0.15569692651411962
-0.50778354293069683,-0.14567187859495767,0.07746423250860715,0.59511091369090396
-0.50625595855827166,-0.2171162562766473,0.73217478426970217,-0.15151582856573606
4.4228669334270387,4.5965393570511601,-0.23306485214086931,0.89611230341146919
0.0066297920139268074,-0.64960227745656141,-0.65133869446338466,-0.53717269737862794
0.72896937925310612,-0.8137511333272015,5.3674842210241245,5.5781838178623691
4.4666728905570299,5.3559691828598703,0.48938720875023617,1.2403874184773926
5.1308607568679623,-0.17522135754568799,4.2022330990822017,0.37728410178109423
-0.39367019976422291,-0.84835911816699239,5.5156446759872466,5.1222017995779163
-0.65310950836839821,0.30765550220235588,-0.24741636500475198,-0.023247131917054766
0.65467853886461858,-0.36271490575044135,-0.11315868899532294,-0.27428029815198718
4.6584636070053209,-1.0280282551203539,5.363301120421367,0.057405663264131615
0.97248607835436018,-0.39992437998254737,-0.019729785393165701,-0.68049319436037503
-0.41219306735024441,-0.64160970214965041,0.92234064821614903,1.6912343782716965
0.39419802214117922,-0.048029631850940141,0.62040531878717031,-0.029589054880829038
5.6664153291408228,0.4489484069691797,4.1346866997011844,-0.42442938267859603
6.2844324380397971,5.5953724089551331,0.16813976068043379,-0.47715287335668738
-0.49858308547943764,0.29220320020561291,5.1190142012572517,5.5553126306915672
5.0458435137188813,-0.46414471640739474,4.6495430576855803,-0.18266166816369483
0.56149466771943168,0.29056762853468615,6.2444977135896496,5.8770277999656608
4.6989999782811136,-0.64779087333471519,3.5237247373049718,0.7838861549082955
0.35691207831070804,0.42585399203739877,4.4598829100499291,5.5295953554587598
-0.25839070148182236,-0.098402191764564273,0.51888805931328041,0.13045811504402355
-0.68000343160367482,-0.24387281223742668,-0.69894354022726979,-0.53932410244657902
3.6576970641382216,0.36764302115198538,4.2279800527030451,0.19800980509962723
0.30878374346588522,0.21296158397666412,-0.56523866011172286,-0.33561529071204471
4.7948557309022464,3.8458887716115648,-0.24677249138537899,-0.71429331404765417
1.0307264572915735,-1.1917795348629963,4.5492174525493638,5.7485576230195887
4.3301732548052234,1.2389424088351162,5.2370195570611395,-1.1682326746564058
-0.29308777149770837,0.11175650977730242,4.0085118885551987,6.6608214435530302
0.48439937604465488,0.81128735150854836,1.2087638400686203,-0.22810272951110039
-0.15660524500247172,0.85432310120252331,5.2373141811969672,5.0032462533180233
5.292835950695947,-0.041049182933632182,5.0255881209802595,1.4532463993287434
5.8116702925817059,4.2187186796688483,-0.75013887261901979,0.43069912880581374
1.3060893547855528,-0.85563421361546266,5.4423084318326831,4.9006008273799768
5.0308322667241026,-1.4453049636335327,5.0198564003697443,-0.70415266199857363
4.4971427328587517,5.9439673865197742,-0.25400391058425159,-0.50721122890489023
-0.65076900558505335,-0.044127773190298543,4.9257176143046353,5.1445457754115242
-0.32791966144400503,0.52359949442887121,4.6171247245884439,5.2423830040461263
-0.25590582282282337,-0.12294234597408646,-0.78093049378536061,-0.79786460882780552
-0.72659853323987145,0.75671516661316851,0.24221580757925426,0.31625673280548461
0.35867579866741517,0.17897486438711804,1.0383544862455296,-0.22301270456504876
0.85433747345036093,0.18553653989131549,5.2923913929180735,4.9051932955270559
4.7340208246649924,4.8363253823590373,-0.4401243576045219,0.29329366254916667
-0.62420007940457312,-0.052790510049716986,-1.2693803640587025,-0.52108578449384102
-0.76433824704434838,0.55552848760692342,5.5414617223034046,4.4756460405253069
5.4620909672070779,-1.6202836755916334,4.2628127504201698,0.21231116203375372
5.0189135731859178,-0.51330306062848641,5.1508026446130577,1.0483239509215296
-1.14291285086296,-0.66242147580232036,5.2526504575773609,5.5589510757607652
-0.074253106287342316,-0.23592762584683249,0.23625674607912914,-1.2260389825355389
0.00019702632806300045,-0.60317318584413471,0.34444236220096253,-0.82554618018820769
4.4937329931626859,0.40928278506960647,5.41311750862707,0.51195474941969177
-0.73280002225735597,0.7640266912238266,-0.66959523446315983,-0.55770414785130507
4.7282084038306955,0.55622955969182952,4.2128028713279884,1.0885532693940991
4.5786080412313233,5.6513097332683415,-1.1665649542639966,-0.33075178628626922
4.5953717687089242,0.51048564519437445,4.9025139404481495,0.066113114982490492
-1.3818139142915442,0.51972797365101364,0.61633312678081054,0.47104398729806024
-0.089599742869723678,-0.590775361728754,0.62733817357439658,-0.11279384025710329
5.5692137539820772,3.9276097781006483,-0.43707067376445957,0.28041238960036224
0.69381747631414059,1.2882117146522678,4.8241427658128391,5.0559272416173053
1.2446114915385704,-0.36530443888914399,-0.98519403859827692,-0.41346361874506105
5.1591739821928755,6.0092592861171727,-1.042428699582294,-0.30311468909957728
4.368797702515721,4.0280093129418502,-0.60736711789754494,-0.51592290174084932
5.3014053417311775,4.9065228425259946,0.40347213931935849,0.0547227299061546
5.65990701387312,4.9218884472608826,-0.23514852567714514,-0.039923058928915352
6.1319028982485042,0.10077264196093728,5.7229520546591797,-0.43697162306657572
0.4867521004136372,-0.57242483450340409,5.2125649926289652,4.9035806141106253
5.8509462852763763,4.808386242153011,1.2568061440063099,0.39329089182410454
0.2635019410217721,0.48651025350063737,4.2761369778079086,5.1584817270890042
4.2334990348393404,4.9654679862982416,-0.93614158628765165,0.37046271704388362
-0.51682392312686598,-0.34096415294187599,0.40404165054412905,0.016598829014315676
1.1321915249826529,-0.27840730708793082,-0.25604857289169841,0.39960571955915525
0.42245238790974249,1.4977614823410317,4.2981935402321394,4.0384229377746941
-0.40063231519921777,-0.40892385484875643,4.0597364419938913,4.7515763767244517
-0.42342860523429193,0.38341458947651896,-0.49001348675141199,-0.14908789873054476
4.4475688520513739,5.7700236389657293,-0.035132168536314762,0.0083428368834304132
0.089083975197617196,-0.64151166258115766,0.50879834775973254,-0.96080820344086637
4.8499895833203359,4.7802417743478571,0.31280467003686802,0.84771302473166144
-0.56506137246677934,0.24899741483536389,-0.048588097808766557,0.57780289404574825
5.7285194111833544,5.7290683001457099,0.04062253288641747,0.096395058079604121
5.011139859800136,0.68211853276720624,4.7675273544170826,0.5874947579269324
0.45469901967452864,-0.040073156971062875,-0.010337235193664288,-0.086547105582574904
-0.22803761999760383,0.2185620280633899,5.531970264141286,5.4286833046923233
5.104969228008331,0.11682784856739059,4.4499390147501074,0.51964812327896082
5.6201139854148563,5.1589618919181799,-0.7504470523686525,0.59077763920060233
0.40543439725948233,-0.1134927572046347,4.519710081212148,4.8738726412071491
5.5647687457475419,3.8854847278001943,-0.15669152384708399,-0.094859081267108541
3.904021956491631,4.8365248867583768,-0.053091546637130942,0.92229692010129005
5.1063226287779377,5.1728406711739412,0.30631277362277087,-0.79983634351600674
4.8849152828316385,0.22887306197424451,4.3333017976565689,0.42865910138068591
4.6098807739941021,-0.017855721071201893,4.8310509328663978,0.51770482492317538
-0.33641780475600058,0.24528743980528642,4.5079688501430795,3.8955108773848859
1.005459475979966,-0.14741253159657333,-0.62719885820656773,-0.14502348237517443
0.25832076026354439,-1.0379112815243541,6.1677619428222226,5.9171655259384934
-0.086763972214347881,-0.11240037342263326,-0.35392962393923116,0.060119677460078583
0.56341542728646055,-0.0780720547989322,5.404175531413502,4.7818850947687332
4.672701950286025,3.573490567536961,-0.9445248726255,-0.44610948060309957
0.083310217929387545,0.54737652522224978,0.51664088787782203,-0.22991229608820815
5.868117388011532,4.3369304345095392,-1.05097248406626,0.39762679574316784
4.8004231483096786,0.3674973222820847,6.2115664083739413,0.16989648183692496
4.5205062366420714,5.1453821609954362,-0.20462343928813589,0.35529928711888253
4.671024352920556,4.417172471122516,0.033922052328188179,-0.21297235473423326
-0.63047772271165081,0.14511739845709229,0.76134121802447097,-0.27346277694650228
0.15159749461999722,0.7654744050358967,5.6340085067997645,4.4395865457196937
5.1967171123971783,0.11026785302598395,4.3742273432438568,0.26615096349475148
5.5134034402943017,4.8270391080840724,-0.45971496439414367,0.67078220770014019
6.0810573629764955,5.0239277436299448,0.51002173998873856,-0.12370591581623003
0.8431444870492405,-0.18980389081131913,-0.38156821570350286,0.58364358474949507
-0.75047507648139988,-0.95110312569831013,4.6835152364328749,5.0041819082253536
1.1994653126836521,0.096497945697288465,4.7745972651622459,4.7316363850380663
5.0835670925552883,4.4454587455993382,-1.5066862682430935,0.37223690689822631
-0.23200146206383421,-0.94613617321258103,5.4870509005148946,4.1908576168199945
1.1133814142660852,-1.1664901983211327,0.16470076031670497,-0.47999942846099009
0.25731323068576795,-0.22722223414899781,5.1267697361258007,5.6980388373565543
1.0384740837538622,0.38062100039163987,5.7103769360675205,5.3681520554180784
4.9738857955164084,-0.91248936528534963,4.0420108368853143,0.10576311354709234
-0.43865148488250599,-0.44186712615347917,0.72267984384832262,-0.1417386758697595
3.8204215542676221,0.26875129691232708,5.3559597317274186,0.14031831339703771
5.6761191891131126,4.2272709744545862,1.1946697300989397,-1.3700115100314842
4.4671493669395312,5.9026782058170015,0.3594462244200774,-0.42489964334818153
0.52281555623519527,-0.48796915200225044,-0.63275825688747789,-0.44308814024761228
5.0719361399698046,4.718964077625917,-1.0935638309456244,0.026171694779737211
0.28346096688204242,0.72417855963763667,4.5619898552113938,5.4256134020729707
0.75998394589203522,0.3251837471754101,-0.0084092891061923695,-0.85586961347760604
4.7088101726318587,5.5133139771573987,-0.66582577882180771,-0.28383941129276063
-0.27692015171060569,-0.68988146853360943,4.2598377242131527,4.5494005803838817
-0.13905500236725893,0.63801397698214346,0.55910494815162803,0.026679496952043507
5.6362122634629124,-0.0045898182874097287,5.1675278257807165,0.0095980492134220188
-0.2848714227007631,0.28973009106799574,0.037423976685911964,-0.64470170307974073
4.8946938314253714,5.0153875696701604,-0.33146818034999964,-0.75229409267586789
0.47779469945348718,-0.10671707398585552,5.3645932007017221,4.9959680360429015
0.46724718951184208,1.2691685644927433,1.5694660607117612,0.58029098490548781
5.4780815397476568,4.194632803119335,-1.8486528964123288,-0.36926157597695858
5.0294309437018025,0.85749938084513688,4.7831673225383016,0.95986242020126344
5.4575677609008935,4.7978570398590001,0.3994839993630479,-0.14001558705028899
0.17159584178183787,-0.44284045733333699,4.9692297408990269,4.3689612025399516
-0.37968902289169615,0.41539804383066042,5.2236635488495287,4.6102248636103411
6.0826306884806582,4.7524935794391441,-0.79369926038986294,-0.038540010855906408
3.8821934161914511,0.54757211069029899,4.8230309146130015,-0.0028107706158101734
0.50731702872783357,-0.5749036450019448,-0.94603422309124829,0.47567975487192227
0.20500060973676351,-0.64317893846539598,4.8999669942644761,5.220371070234008
5.0136665636860815,5.7638152771347615,-0.13071684555867558,-0.23860025321975839
-0.36683999306798631,0.44453475671486148,0.12074554350744821,0.79912400965848263
-0.15631606348485177,-0.10062672405926117,0.57799675481072987,0.4503497279847295
1.083402188785823,0.30226133699985458,-0.49742159973131794,-0.16900064546809324
4.9418004397978095,5.0327107475427928,0.92605239124557448,-0.41165788533522507
-0.23069201987103435,0.046127094299226866,6.0759444543082095,5.6399808679726942
4.4729827144969923,4.7075246976439811,-0.59081850897857391,0.24718689249511316
-0.29734711316215107,0.1619477282226664,4.4752122013583895,5.4121822352585331
4.9494245278553288,4.9281189158312451,-0.20423725349421351,0.0044553760936885886
-0.81463324023299688,0.76604990383096339,4.7745181513607671,5.9948297991973032
0.68561869006024456,-1.0102435351595278,5.8287594345713813,4.9360407984553687
5.0586962224683134,0.39649025952774164,5.9816385483300634,0.14366684874321514
5.8790126171580575,-0.33514996526453766,5.5200848927311119,-0.56946791330041346
5.5942615116345733,-0.32771697502592556,4.2405434596948162,-0.26958915380443982
0.84863205043336443,-0.030093176472039657,-0.068373181464922952,0.051694511945152857
4.1984613384119953,0.83415422044658727,4.6973916150272839,-0.31941907290232813
5.3477501830359566,4.1450945689177328,1.4727663308471759,0.76805834703416753
4.782907271420811,-0.54461405172035304,5.0730994844877566,0.27613649720735678
-0.028111469791071608,-0.13272290930994618,0.72796743768847938,0.56906935608740905
4.6403135171529373,0.10362008742677882,4.4126271398432566,-1.0954802203895624
0.12906269593369987,0.11606220819885101,5.9216539541746105,4.1688014877737691
5.0561788912874244,6.1812220836899741,0.60720613709023508,-1.136169319117742
-1.2719006490788083,0.13548691950049255,0.068548703002908579,0.32537482537448742
0.51146585329482253,-0.04151162650045466,5.2724371991470642,5.9308368726803078
5.0926247433879563,5.107680919253422,-0.62587911641543104,-1.2410233365256129
4.4168830158767509,-0.53944251776622387,4.651458019453198,0.13200604032532368
-0.66085670155388099,0.4421659648657128,-0.084050114279184254,0.64243194220979072
-0.41414693297825872,-0.44715003856926622,0.5305637912181379,0.65337789083630815
4.0498190466732513,-0.55705715025159575,5.4095007653170066,0.72273577890695495
0.08265963990830151,0.25751757306688544,0.19254012730357553,0.11120747145084299
5.9014063729776964,0.33628166619391692,4.2972759740497786,-0.54738429436989822
5.115728952288964,4.0537045399132019,-0.32886902860426331,0.35899033111703776
5.3162928407142953,5.8066605601978347,-0.63674815196875889,-0.15491783247421953
4.1100762252785721,-1.2141931310933791,4.7600180325162089,-0.77677660796771153
4.0764795660143562,0.61025922078911632,4.1951897799093754,-0.0048830791292704496
-0.53785973214859362,0.040005541664585927,-0.6752414144255745,-0.13333719238613814
0.43264198784893243,0.70619160591754737,4.8294202850698316,4.7371715425862
4.4692988331880734,0.34332469989656134,3.6304715349059764,0.84640775654466394
0.33515911542513155,0.88745631870339325,-0.17515150582540104,-1.1952807993249446
-0.13124250290777359,-0.00065460570884666588,4.6793492385939128,5.1859133011138541
5.2301740894319586,0.51297400992069297,4.9484293308752303,1.7286668241022947
4.3765279338518948,4.3372284028267281,-1.2767940607438275,0.38389655393927652
-0.56939534914249623,-0.064917548596511429,5.2525182508978148,5.8755540342660648
-0.062496572390071337,0.84538113559308836,0.82829631565287654,-0.10041133191572107
4.8747733383656557,5.4248371091897694,-1.0250270364864158,0.12969850899354815
3.9267618828486959,4.1061582710558771,-0.87433308571266311,-0.037938236562719878
5.3222506526519027,4.6396331456309499,0.96205158756602527,-0.35317638880019953
3.8301823579442962,5.0767927244368467,0.11095093941960256,1.4957635021230695
4.7508593230680702,-0.5213854633267484,4.7493692984439475,-0.86477938456304115
0.033077802355810745,-0.46231929637448105,5.7122938549495501,4.4112860200406887
-0.4211998314532634,1.0161796946917758,-0.82673251671299808,-0.29927369737858239
-0.84230341954438503,-0.64424771364456934,5.7019425928524941,5.094138982317201
-0.23929435853551234,0.13077554096022223,-0.87992672324805432,1.0896862271628631
4.9337469202611173,0.50594908086789381,6.0419676462849399,0.49988161632718203
-0.55444707076403932,0.12416141378300576,4.7385558873607518,4.6685916348121337
-0.81434580024945347,-0.10668874945244719,0.24480410397960795,-0.56073699268599231
4.2832373103492278,5.3998120972393568,1.1412478016767891,-0.36096867771845037
4.6829073324273276,4.7091389926623952,-0.16363442087758076,0.17080708241611239
-0.27157613203256975,0.94777846014468059,5.0600705303856754,5.4081035084630509
0.85169111589680369,-0.35032824456403078,3.6232879960361952,4.7966236265907671
4.2285913132905701,-0.69725166861627896,4.8618044292126976,-1.5699265105606031
5.2286893636171872,3.0015587973858207,0.40541506353545531,-0.98789687405340643
-0.25048116065866444,0.16575628410341367,0.36001880167594724,-0.22752215131056702
5.0557168524726412,-0.60631640391764419,4.5991761572921916,0.10014149157272363
4.6018492785342673,5.0313098439689083,-0.67857524925100643,0.69378669415178984
0.48169643370453369,-0.93664143894482477,-0.02249652446497374,0.062356967475333369
-1.0218495872367319,0.58304038202672392,6.1985580078932658,5.6371490482181494
0.092344243538905704,-0.13577507014377332,5.2502961232952998,5.4926546072319606
5.0156452999528183,5.6680524227187519,-0.47653853186832001,0.44217283431701715
0.63351802745106511,0.3087408301271416,5.8074197800455227,5.4063008559225558
-0.13468026861030258,0.56261854570906766,5.5934305319733433,4.7864666894393038
5.2979578336238218,5.3347617155240652,-0.097549474319412008,-0.25867397464663827
0.2397803727821004,0.12660767025761618,-0.35528963590346435,0.32976413077179928
4.6118523495887072,0.90995107474854753,4.4969412788501213,-0.75427621003406731
4.9497423411274797,4.7400602764844457,0.34475667320539638,0.71583421016446924
4.9198272799942888,4.2212951017657003,0.71166120373435227,0.44006797391845492
0.67176231328451441,1.213517609928884,4.8291222444607431,5.1332656729963606
0.14353258354956255,-0.16846283303092011,-1.1428093184205643,-0.21468986740158308
5.1743613295147135,5.5719431025030088,0.22009241605826937,0.4705053168928931
1.4061608510511823,-0.18379974599437435,5.1962412979215387,4.8043664141290119
5.2497788674318402,5.1549572010939118,-1.0899037005172005,0.2192713226666142
0.21748864672156901,0.31591944629273278,1.1938158650089223,-0.38787506784745057
5.3190095752856728,3.8695024612368725,-0.62246912107415209,-0.39473715738410442
5.9288253430038864,5.198568199374626,-1.0825313386042399,0.25613687385134348
0.57689298036346259,-0.5661553099911919,-1.0265238411740489,0.2301527445507055
0.20306170716387792,1.1421927265628544,-0.55216620439945685,0.38549913950712
4.6334281974385325,5.4087424853563366,-0.61581328317199535,-0.13368074656146753
0.21423123024611904,0.73305133827921731,5.4540120006493025,4.8638286355948894
0.08490520792631287,-0.1665381405399457,5.2878219634716208,5.8267674986061717
3.8982251937328103,5.0501600340816388,-0.42968456298146279,-0.06792524549668888
4.0753813721636964,0.19935801187089594,4.4875889037399634,0.3193517551164588
3.9233702813492797,5.2278171435822784,-1.075710624925077,-0.42524137549781277
5.8487089450752432,4.4250753976073396,0.10989520235832989,-1.0650344838267314
5.3710027350565852,-0.13643340732556666,4.3651043759933739,0.47977523731971916
-1.4102732323195677,-0.7349675752484125,0.46466522886440553,-0.21901208426713881
5.2802189516564688,5.8809033033986786,-0.41680839081821774,0.27630061927873623
0.03829916288610747,-0.13592908094719294,0.49655999325481898,0.47045493626645057
-0.15375626509216431,0.42265085705715466,4.2775712710196041,4.7557466601003791
-0.44671322295202176,-0.087716293010642682,-0.62160652955002671,-0.57464245128780023
4.238584834073464,5.461568584970415,-0.14985414390865259,0.16920684178372697
5.5175768047584741,0.2191415628391655,5.3660427544262994,-0.31651573020711909
4.6538391968617905,5.6278014512284837,0.30899970199514465,-0.33047145879182049
-0.079360408974018207,0.54584570335102445,4.6761981502166394,5.1876102456954989
5.3520968603527956,0.29089038146411661,4.4150934702888565,-0.070288244439551451
0.32100016619856092,-0.2395496325517007,5.4108384650445878,5.6072781346756164
4.7639540378196479,4.732969533065571,-0.057613438539309468,-0.46940340499964156
4.6756343496743833,0.33702701406325952,5.3610743763380722,-0.10487798436588273
0.15567054914074893,-0.47850453851911001,1.1834804970320456,1.21674367850211
4.2930327433946847,5.6956421075174291,0.08409561001380482,-0.84439150226830617
5.1836830871292028,5.3776105728334791,0.83127506863903666,-0.83614623378071118
0.10408873747221208,0.29638209361824702,4.3029546596102408,4.6342823617115654
0.15034684030212628,0.042733461937591352,4.9655284556107926,4.8233143708822857
-0.16675442949660865,0.58217401559004622,-0.1494212425218141,0.27843150900593272
3.9651585594422936,5.1860211509809755,-0.91449726591391789,-0.92223471892880304
3.7959770336865875,4.916270862508215,0.27815462059485457,0.59169250494646419
-0.77508499828107535,-0.19578668053568135,-0.7125724358349137,0.37813328940339019
5.2195029370899775,-0.071285704107062892,5.2964385271309711,0.034406286871022103
-0.091321952345058674,0.53613533594733798,4.5238686300488471,4.7710367220072207
4.5595435459542744,5.1266687063960035,-0.33016418831389788,-0.37991205466081268
-0.46918323418895436,-0.2932678763012343,4.773009912648428,4.9592522171186397
0.33094022088762526,-0.13222315506302815,-0.87792278292438086,1.1531574062866772
4.0334954093419597,3.6222525319384928,0.6278981473720453,0.13791754722592037
5.4489058598542659,0.1661473657407255,4.6970899104397628,0.1302475695366338
5.269577606742553,5.5842897604381339,0.53623292564354386,-1.299869428161913
-0.52203751226619277,-0.6819565564911354,4.8904218703103499,5.3474588716181932
-0.058648758814764265,0.057649280911061425,-0.10358043813774344,-0.35130342510003154
0.53586012822975937,-0.29120984168946779,-0.68379519590434523,-0.016338105999906233
5.8105490571597516,4.5269605839127838,0.33112642875106518,-0.07936846618541224
0.89338223658510052,0.052703912458671232,0.033582773797975543,-0.36857109233985502
5.2226403277083611,-0.44540756175095975,4.7221554174537488,0.66676309557681479
4.8713160538924587,4.9535859760771315,0.47237434751323615,0.71289286386881423
0.2732967539634869,0.79396368873188783,0.22629644320384387,-0.11648300662565102
-0.15486666615364095,-1.0208771509650791,5.0377062095633907,4.2364258100302328
-0.60175425126246995,-0.40408687471595783,0.011237406261406614,-0.45831878122834308
5.5064860896787646,-0.25782402735552928,5.6806732656730734,1.1653556871165331
0.41679526553798074,0.74872130640975088,4.9349989197937161,4.2564033388895526
0.75660224858838165,0.53032795901384999,6.2145311217230041,5.0293658204296845
0.99993557360260299,-0.034735170778714443,0.27801436677360097,-0.42567653091580615
5.883114762853606,4.2636053879333122,-0.13122086997285465,-0.65670362752587275
0.47358942305065793,0.16512197269986703,0.66815695905803518,0.37404536091343182
-0.021872562710005931,0.061359433584058341,4.1278229529248076,5.2650997109781361
-0.054769965985501164,0.30106812364175523,0.74390495167144643,-0.040316889752196772
4.7522822365748585,5.001380136296266,-1.1963312388137552,0.78773774467936908
4.5313632810079509,4.1583185055651199,0.5757309140407727,0.19909417111517883
4.7659443287528713,-0.17247029887621063,5.776148245319435,0.17487792295321675
5.3683025732055549,5.901027380921418,-1.0048896377044454,0.91905374729030342
0.23080621219994529,-1.0024489630719118,4.794271206270845,5.9064979086123524
4.276606010108976,0.09073875505208634,4.3830970377796241,-1.3570671748920473
0.71871073200842273,0.9525721746467245,0.014044807468124226,-0.50836217906264325
0.77468475999411146,-0.27193810785005423,-0.43645731556814044,0.58524353732417422
5.889842961512314,0.30297724311614987,4.6978317633551772,0.74494090706302341
-0.73415714148695543,-0.28834377670207351,-0.55112830574704241,-0.1636298225507852
-0.24790478062261787,0.24635916240634487,5.6030407608447765,6.0847155996001785
4.7542514802726235,4.2001373057799203,0.4883168492397158,0.51355333714778117
4.7293011690426763,4.6273243348823545,0.3086278826205342,0.18332803277283682
-0.33881937103688581,0.64144089289428208,5.1212052251784295,5.0311157601484204
-0.33600620069802117,1.3720297618298791,5.2168703705869337,5.4634395833454308
-0.58233484019532278,-0.25515328582135449,4.8129955065383259,4.1846511162023097
4.6623058722959421,5.224690146217239,1.3888901157608851,-0.19433520812397506
4.8007781340210691,5.7282742659852159,0.06172313652670388,-0.8526384623458293
0.11619006584957761,-0.13453269903928483,0.37692288307326982,-0.47082168017826331
5.3633857137633321,0.087339899164799686,5.4309341117309291,0.02914633137276932
0.57472415965500423,0.45408220173383812,5.4865931288428795,5.7228209124751004
4.5195089366093617,-1.4298033522431992,5.7904034238677058,-0.37734740127899818
0.02552919336314529,0.37633724566589,-0.1578816256918302,0.35112949666955723
1.4014205172080445,-0.52169189959754025,-1.1236016123754706,-0.24170344531380952
4.7228795265068086,5.0652340048653652,1.3398112677000567,0.56068013607487088
0.44425794362439425,-0.19331866377826845,-0.20170565317836153,0.26278783943402267
4.5809932035906389,4.9540972299981814,-0.15497621907309223,-0.066401819024115738
5.6392213408733749,0.55295011611874267,5.9179080529437185,-0.68857491577021102
0.32731009280325746,0.19320197949341247,5.2864110769495625,5.1830564611520558
-0.55092559214592307,-0.30746353220385242,-0.72736253949680907,0.58259622112191056
5.6151148062056411,0.068548169045864471,5.1607173450768506,-1.2628676372877783
0.67544304174367864,0.53838154288839379,4.084687576718089,4.2108556601416565
5.5296802309990429,0.3171971185457117,4.863581627868979,-0.26282605623061228
3.3391528334895861,4.1255285208106276,-1.3034274131939647,1.214160006492182
5.0862959473137588,-1.773046764206389,5.2782916750962432,-0.29223883337013773
5.911929875091082,5.2275248311669502,-0.95876135319929212,-0.21276977493933621
4.8972103531873596,4.7811491161211412,-0.72559024440171771,-0.020182179038500683
-0.39488699959077034,0.24302650828923611,3.873310869058928,5.4525503948801743
-0.092576761251832534,0.18825211423399152,5.3955408839710586,4.54156383616544
-1.4298235898020222,-0.28000890536965106,4.2863976516340916,4.9856699006191363
4.3170217452310382,5.2238635981035788,-0.94205859659091185,-0.66360801941750691
-0.052353319687523166,0.34620976153649996,-1.5156846999764881,0.91800867111314455
0.50119603238652144,0.57845432058561941,5.784399384466874,5.6210330979402006
5.1272665209149038,5.0600058592604782,-0.25572844568200498,0.26334979218765375
5.384807780842733,-0.52467258006747486,4.3212412431009275,0.026805337469486015
4.3807394193284619,4.8807790709125047,-0.43705748000624783,-0.14153196423707784
0.89146239225186241,-0.74222347474798023,-1.0480699478989652,-0.17571828182169083
5.7142857483667449,0.082514013248381354,5.8741463904490034,0.41693101282226602
0.37033603888586136,-0.86004317068386549,4.7073337144318899,4.6399705679410364
-0.10376299467952285,1.269030059736435,-0.34637513186411556,0.21125532789230095
5.516948264454185,3.8732274143665295,0.45406241939868858,0.49697015072955752
-0.37205155472666451,-0.073234548515849221,5.5885417427078306,5.7153471369720341
-0.52692782836104279,1.2145067445650093,0.44005999593500567,0.27153591484825473
-1.3371570881257233,-0.65264781567359853,4.4845195971944873,4.9925416302620826
5.1159579351605009,4.4906722321564159,-0.94025074651195495,-0.3782764115572726
-1.387594030164184,-1.234124744451947,-0.46585307847036894,-0.07806764561514723
4.9853997247185617,4.0883169996861657,-0.10657089049644217,-0.42368413181341008
5.2648043535434317,4.3730917025425553,-0.21410825262471775,0.8222723524335297
0.4737460522617406,-0.95172924509191947,0.55141862779127404,0.14752464788362932
0.61309177600963405,0.2257378292301612,5.3907799742020135,5.1371851670923618
0.36915669572225779,0.88352367116171837,-0.26710408833287302,0.95895695476758891
4.4842532862988449,4.4872336471704211,0.25351304891179832,1.0869698002045798
5.5344493858213859,4.3233080922313869,-0.0096710771143685877,-0.28375511068271592
5.0379648484924422,5.7015325104934487,0.011620115874016458,-0.032882494100695769
-1.1187966333359831,-0.88226958175218306,5.1525502748030245,5.4346123105772239
-0.067882110553920225,0.20927047841808546,1.0086380479159316,-0.29893071450252434
-1.0700318255250958,0.46322653195586794,4.8882956603134353,5.4108170929084869
-0.63209426443419736,1.2320552492979158,-0.39291997598562345,0.40677889433418413
-0.37161280638279837,0.28071005328449833,4.1323107076776928,3.7902058286965152
4.6478368540885162,-0.49777739645635305,4.9830810923164117,-0.087650862685991884
5.5561854391661534,0.80791581074368546,6.1285840470422395,-0.81963984414160651
4.9607564927974996,4.0280724519870859,0.22988158492283889,0.70428999261101366
4.4377329447349014,5.3276787854382004,-0.16613063632507552,0.64637149171512087
4.6196843397431504,0.054653890835734846,5.7013842946319002,0.086654960658407998
-0.34513457160904082,-1.3882799485438062,4.0633559643856678,5.2987704173755521
5.1129326250556009,-0.040796239001974217,4.1698386941277166,-0.60028874815668887
5.3237935846777589,0.23889197066965007,5.9409878691844114,-0.18113493348901794
-0.25253044179420697,0.0097126901529241069,-0.070973140929581,-0.16315393877053777
-0.2036799359862512,0.92520383196104661,5.6084878226950199,5.1173017265967102
5.3108482330179534,-0.2706426946293814,4.9928552335030174,-0.15136594123775732
4.4783674273920653,-0.83236128964903577,5.5947235273700082,0.62549522577916983
4.9035974515071041,-0.16981030757471061,6.5415420008495664,-0.17052274002221562
4.9144299280369754,0.10400671663460356,5.7456114351504155,0.75155661602722501
-0.45912658070652246,-1.4194919337802054,4.3379630294540741,5.06978923100014
-0.39588034279020884,-0.22933929098106032,4.7357615575473382,4.7360548575664847
4.8155567357519349,0.38313599277904525,4.5155750736274847,0.13506713983383872
4.4708435298763893,-0.056206932456371053,4.5292116554313564,-0.10404021999535976
-0.057207095249055762,0.35546442986845939,0.56455644272948446,-0.18918638565363702
-0.76558162384446304,0.92229718910495428,5.1899359118076722,4.2913154712442481
0.22535099037888362,-1.0948696593957987,5.924648301313896,4.2066768932734968
4.7184617764421866,5.8520517929228708,0.60460249164433988,-0.65508151195295261
0.47935992217152629,0.43463542717828679,-0.32086589421135103,-0.048545350462428145
5.2557729195552287,5.8315643586924644,0.27953141317908226,0.86639835170065227
-0.30727920791610336,0.40363217856320527,5.9051873964498096,4.892973867788089
-0.20850932218543944,0.054780115119670784,5.0872812975310104,5.1486608866810162
0.365635647832184,1.1417941617849796,-0.22571627312193568,-0.17169861412792678
0.44127859082201942,-0.12519903111240793,-0.63941700575128102,0.34279935217987706
5.2860251364039943,3.8027382756989669,0.57825667640830936,0.20730979167097061
0.19697146006917163,0.031012653938295515,5.7395030776430911,5.4629764031812806
3.9312395148478281,3.836046021190568,-0.094291597950870429,-0.14908762875127049
5.071637852807239,0.83821106044903038,5.2601703291954411,0.8049129044853186
-0.8509772232099112,-0.86210643284464861,0.38763455523593088,-0.47850163043592575
5.045620626592326,0.71972550049367134,4.4013186871984393,0.55999243226861173
4.6035000546734892,4.566859829994586,0.95420193297310596,0.12485570792294001
-0.063303627635081683,-0.2134863679694872,4.1343377683771614,5.7854098085984109
-0.70805153255215469,0.89212350924226347,0.25899140904062562,-0.37141046744444034
-0.09861551187764224,0.28652961683737938,5.3394381990770361,4.3685278332476383
5.9116644645905598,4.1778654549928946,0.26234671239797031,-0.18359047518979596
1.095099046904187,-0.10627137451369202,5.0653086760598969,5.762126859356913
3.5068160899078809,4.8004645345132122,0.056931321411209525,0.63265657644745665
-0.99259335023383999,-0.53413138568980345,4.5513270697489681,4.7883485658512939
4.1474868311768498,0.38442984485395831,4.7929343268790836,0.63418429358572315
-0.76577793975110398,1.5824108894242046,-0.11049232518961631,0.48055883716210723
1.247460479623532,-0.66041913535749242,-1.4181912709139455,-0.26696015843262655
0.60932161240937299,-0.12484217100781816,5.182255343129806,4.4340031246335778
4.934232310294977,6.6056753702697355,0.1543312829720615,-0.1409649755066423
0.58891132861758755,0.1256462883142602,4.6278144679461199,5.4656253787149778
6.3568083240863738,4.7931649524208879,0.74611763953186439,0.22606130790306572
5.3822539542821364,4.9972795788659656,-0.84335698115489155,0.94242860523852301
1.0653219257081943,-1.0011763299139655,-0.065157124844077749,-0.53207902809460772
-0.68850092848188171,-0.086764854305535974,0.79334286002549159,0.34935012773918905
4.3524064437472729,4.34912407508972,0.65637035941004374,0.20466684387853046
5.640769915275456,4.2522124349906951,1.5953130761535088,0.59787435123343746
5.5350519148185562,5.1326564978571376,0.55924900973621605,-0.14477385763175696
0.52205790596382473,-0.44589110308936203,5.000257612277669,5.5808775547665688
5.2914574789211359,5.3039098316797375,-0.58771042455196876,-0.3582734359148812
-0.28265621570763089,0.2680330187088768,0.96014583975214196,-0.25676075819865163
5.5697779962923271,0.22251628081786703,4.3646476469295372,0.66701601439647262
6.1086365547752424,0.079069333001417705,4.9714428608603729,0.26871233900393776
5.7442444573224396,0.31224122953920347,5.1442488984108277,-0.044998652256866715
-0.82848853101074449,-0.66682869956679702,0.0016753857020658446,0.42404943076412122
5.2848061263748889,4.2314746270785246,0.087856072603976085,0.74617946021133252
0.0074078147926169187,-0.47373234887201077,5.2597075345172204,5.1100723089281876
0.052259962371436014,0.6815078111277364,0.080858706589066756,-0.5552953868930266
-0.10942091625799522,-0.024597085647014485,-0.31062554630687611,-0.027471731315947469
-0.75940215949518997,-0.097941288059225529,4.0561213294815266,3.9902588760613327
5.1987703477644436,-0.13348165958136177,4.9767724815803334,-1.4424045445066873
0.81103717859198732,0.061780889403514526,0.24806212506790212,-0.12583152550257792
5.9819394417576133,5.3142845892744539,0.09095312347416902,0.43189997814080411
5.2879593373116123,5.019343382926797,0.74712187719603496,0.53676275075550117
4.5582104532452856,5.5882776593005312,0.84285139945459431,-0.6589047161487086
-0.34980997164816074,0.75567231028640636,-0.48566643386646818,-0.26887902740621739
4.6331408108291683,0.64513920810471481,5.5488778334042372,-1.3128212405196964
5.3620100261665353,5.1058556122367253,-0.38094192813394145,-0.1779538759438748
-0.1414580036143866,0.8483624794950877,5.7982040618346637,5.3715137169487281
6.7425296549740317,0.096582996756638964,5.5325394207025012,0.59005732513557307
-0.16097476758925011,0.13054054686953778,-0.26983972787564908,-0.39056666157167047
5.0888557090418249,0.075166996342046724,3.8604876081884241,1.1860353947747235
-0.1240769897011704,0.43540447487192213,5.9511635483679184,4.8734749347479625
4.614463916929072,-0.37841402859719564,4.9309231494799697,0.62606247709508778
0.50854309433074085,-0.47970387993497393,-0.35608619605981251,1.1498838695582529
-0.31654327584039266,0.97981615739242822,-0.36396550033782576,0.41694335366986607
5.0014224542648789,-0.8140992737184144,5.9938442422991107,-0.31728795019663236
-0.16912814013076952,0.77317825936193707,1.703403850664585,-0.9789161139162994
-1.6970847914323783,-0.96831492937058727,0.32320074654550895,-0.44724157950428833
0.39055818979661888,1.0864583017924763,4.7248386938975449,4.1229608102291735
0.094655502668000158,-0.034573860057818998,0.70777409496216281,-0.090587859871924983
4.4879377864007788,6.4490380059393555,0.36542505515294554,-0.21001650351111925
5.8178600515844421,5.2041440693834442,0.43564827306175441,1.2240085795316502
4.2422622972973061,-0.36499002711668826,5.3159694241628905,0.32493358962815044
3.9332320725675576,5.5256811078368502,0.010889469961059873,0.21057253076456636
-0.41215178704533512,0.15851140510343262,6.2141216303350522,4.7249385029202324
-0.71060131337595456,0.42444496016648647,-0.072627911802432971,0.46745287852561535
0.47380638103658862,0.15113162471169089,5.7729459926046545,3.4171539671869793
5.0515782625701613,0.83163625339127223,5.0576508002218956,0.12357279841110494
-0.22203686554764188,0.57336857841415889,1.1436749221398295,-0.95723201696143956
5.0056018202258459,4.7615770149689061,-0.76526617668043528,-0.87548652887087075
-0.57063575500369401,0.14239637449500597,5.176001079312007,5.6255990706126893
5.1090306268386829,0.98474759357017649,5.6691871692602485,-0.45178302959506678
5.1142039064197142,5.1170882254194074,0.12925266481116671,-0.23682192442813296
-0.043043261638871573,0.74695522248214896,5.1154538077632976,4.7325394167857198
-0.0017110260303568143,0.6639584636068625,4.9887002323809773,4.9850416346128981
-0.66493137714748585,0.14442840770548768,5.6468968943156375,6.1278746178498782
0.56111506042415682,0.49673952263542942,1.0549292571162574,0.3906884820496565
4.1084963289576031,4.6716306152740064,-0.43012583686200317,-0.3042686203981203
1.3371251390559047,-0.029149621728901245,5.3368364715994083,4.7622164217139495
5.9744811335226773,1.1613409978943965,6.2753986744873416,0.4959603868294622
5.3118587751520012,0.15215853045613617,4.4707629415219312,-0.98570138035102817
-0.81121718205719928,0.75173381169694775,5.3888732095448315,5.1716954512552089
0.25567429657730456,-0.25303354134088302,5.2037028095297053,5.6185249720388892
4.0020874488759954,3.5732044395040576,0.64266868818943557,-0.6527206785050691
4.8380338269014,-0.54149338636036515,4.5811707165284012,-0.13349329861582818
0.47447457586432662,-0.142657011685977,5.2153019964593099,5.0590459491390343
5.5043651832637996,-0.73080358974094806,4.295502129637061,-1.2832540095120186
0.019781690910278649,0.50647524686048007,4.8219717354296261,5.5564921116599137
-0.14289825230912737,-0.0050238137916074344,-0.049848741886990573,0.21929054629425448
5.1581313716904909,-0.57964707600863741,4.0798895548766723,-1.0484274269526401
-0.95507110443912691,0.64988354958646,5.8483687115614105,4.2308257818476882
4.7742589586918394,-0.19529240597107198,4.8690406891494105,-0.1023909089140034
6.0875162899462252,-0.69563667620615754,4.905154219064876,-0.19404021685297168
3.9571401904292651,-0.066033896477597998,4.6978367214216989,-0.50381767841772251
5.9774666904471836,0.093796386825319669,5.0156561770768553,-0.83164822443865838
0.3168632648931044,1.4298824969490829,4.9037581614151744,5.6795546694530001
-0.21626651195853264,0.15921364360504212,-0.45679530117345363,0.11476333415900307
6.3425701343670902,-0.21965853245880076,4.1222898105106074,0.85452998643626066
-0.024119770484977487,-0.59412940543057058,5.5019216652300234,4.4387298162234075
1.136475198938399,0.098605012204714515,0.65324332226221926,-0.12816182921506822
0.01488278996259839,-0.20024923799342442,5.251747336847119,5.3009549700616798
5.3320552418602674,5.4967667155163378,0.55645244657554094,0.22595571892099461
-0.34461056726533079,0.16155906289726318,4.0489410458819037,5.2324343737509018
-0.55700220386370214,0.87313794067072636,-0.42553954134209498,0.0971271101468731
-1.2002552647768898,0.13348168254894682,0.097235300363044064,-0.27765264507798193
-0.37324121777949881,-0.83562888397481261,4.8381868396159682,4.7248480535380999
5.4362873398911455,-0.52684070352367607,4.5748701973758168,0.13679465014864448
4.3386900180527892,-0.013112479710676151,4.3578671904189541,-0.33506029313699753
4.3043223374879869,5.3612865485873611,-0.12908849387922205,0.19184614266841624
-0.26334338385163175,1.4683552929291934,4.9983183257263857,3.8260133425006861
0.095480524058131927,0.39963531333647562,-0.74652339882490537,-0.45283152171297208
4.7032395886801881,5.351817087118067,0.41564644463412354,0.027970457777710008
0.72742070734861852,-0.76083513201002406,4.6811552788905466,4.531236223760585
5.1755794555470969,0.21513128397401796,5.8165439300830997,0.10178562427956864
4.9783745233805821,-0.78818426013645482,4.3971370755773549,1.1141370270139055
-0.66156966153970997,-0.34836845272504541,4.9767616617236188,5.945575966137107
4.4386158278305583,5.5188593115021929,0.93442078957699004,-0.44969348703679979
5.276502396092182,5.5725847204366943,-0.10784393072694538,-0.027958345679149406
-0.19941807756637436,-0.24888086760324235,5.3621617148640617,4.8314577637546439
0.66369796129346592,-0.33517094517898599,-0.63345784026024221,-0.46578178972924711
4.0197838370893217,-0.16216568946086668,5.4419114347561077,0.086909869262257203
0.20111568035722341,1.1358716559851334,5.2374631141063022,5.0464637445793556
4.6852055330059148,-1.6181918865098102,5.2995858132107356,-0.28424368776836589
5.8780226451813231,-0.079368049584412542,5.0258617030844439,-0.36929149299921865
5.2563068251919489,0.66347110999195458,4.3151837965951518,0.099642963233434939
-0.61507789210580877,-0.097784311364109006,-1.0653125314799661,-0.25662721161903029
4.2151650072063171,4.2914183522098499,0.5173741690075907,-1.0694745471404539
5.1377611319771805,5.3905007295003911,0.82955405810176153,-0.11389068977620559
4.815787233312852,5.5263995288376888,0.48513046032857815,-0.15567108168225716
4.9497001402746887,-0.73576737567850947,5.0110478767962112,-0.15524911224141588
-0.099439104366638983,-0.18791585099979577,-0.68585949794699064,-0.20149238223889951
0.39300753519810061,0.39545509297383069,-0.18673755790015267,-0.51321490572108175
-0.644900836906518,-0.46453141885317972,5.1681781471193737,4.491373119415643
2.0825457620795391,-0.024938122709184055,6.3739429180130154,4.025086751930905
0.17644853543041047,-0.14427004964241624,4.7972942837599453,5.4537634065408582
-0.3218243078078345,-0.10318503343086151,0.47896602333944771,-0.74727681719115036
-0.086864097267422238,-0.10315084160911481,5.1254837877295643,4.8943325517211269
0.32527831670433155,0.7716529832832153,-0.70286364061887197,-1.4587634904946203
5.3805051159154456,5.659645733081998,0.31116577859043876,-0.22977955564557784
-1.0649136413429618,0.28449789957809468,4.5299677701358299,5.2017817427344886
-1.2396815308119373,-0.12719202658335074,0.5045471574188739,-0.61877053301700635
4.946055854322073,4.0031017293142011,0.47977630856327591,-0.35558723695067435
0.50208130683521224,-0.56057392063471578,0.089635650708975848,0.47645740837275563
5.0997444998561194,0.66743896969911376,5.0003284936207448,-0.45447041022686219
5.6153153440676737,4.4605293378575839,0.17060458777638163,0.52820137405479217
0.24191307487976138,-0.18691853781954831,0.6551310012400825,0.55184838056888486
5.2469552719176802,0.65514841283420078,6.277138449220466,0.49145483393660255
6.008112096813468,4.2172680974456345,-0.53763830275690871,0.18818412258817913
-0.6372645439410517,1.0460138371007925,4.5223827045083453,5.4617008720071771
4.5252586101931067,4.9331787201551096,1.1490949871095639,-0.016426749313296206
0.23310736449659106,-1.4489934983232311,0.043274429371748975,0.91394723110055631
5.152399099670224,4.3798450706411289,-0.27860916823295906,0.29681843306190447
-1.3123009755515851,-0.16885149859399634,5.3978012422045429,4.8608994725810017
0.32268025997008282,0.83158558275039718,1.2835477990510245,0.7571480252625683
4.226068152975901,5.6411197631055643,-0.22056653694943448,0.057387375465033856
4.2646736179047409,0.4281417016187346,5.2911950974881332,0.36317630561084063
6.0362681316654525,5.243158962688188,0.40384070457679228,-0.75890365184936326
0.69621468197418113,-0.059431311410627935,4.9207904997657561,5.3006508215924741
4.5511030497490275,-0.30560317805470405,5.8094721397129296,0.59417049539105538
6.0000033949582443,4.3385766703454482,0.095737363624811084,-0.020327850224846733
-0.31781845474278936,0.60750306016593703,-0.62753172260520229,0.9283460046955897
5.6171890103835596,0.065539651579732683,5.4577387874595624,-0.520175267103135
5.8260307946389425,0.58803793301928542,5.5358649025910553,0.31129743686399958
5.7986017749575884,1.3835274360764942,5.2689029422702713,0.31909189349576433
0.75279356966151023,0.26068872744409805,5.3538304091700901,5.4905413104952814
4.8275992677144393,4.9083609233511929,0.64515668474127585,1.0948329776258969
-0.3280413108954513,0.60592819429252243,0.1577580939617593,0.049629430805671518
5.7523564826390023,-0.26629686176221562,4.9048928741380369,0.39003890188366375
4.9569662486245933,5.2634620725129091,-1.1770365150659234,0.17662923504996794
-0.40946197275856105,1.1390611091204081,0.3617307952100986,-1.1595262060515175
4.3850021250285982,-0.36667290692445786,4.6216753569429638,-0.29857057381316859
5.7809466888299212,4.4372090308714283,0.12388819195606918,-0.56175262159465567
5.4548364952440105,-0.64030851546847878,4.6617773496506389,-0.38349211957750096
5.8877686012257193,5.7437924759935939,-0.84148393998407667,-0.53504195663037024
4.6282625561512205,5.3583869732758842,-1.4094318861316142,-0.082466907802305048
0.15581233635373759,0.76320543239041694,0.047557657580854014,0.049295234469347186
4.3480874450135785,5.4506559218297106,0.73486455826345531,-0.56249345656603666
5.0517341379163847,0.13386046656427744,4.9897258096292658,0.23354331094508463
-0.50772146943156349,0.14419411390629144,5.5838285716713116,5.6624918319311819
5.2333435186222328,5.0494324025471693,1.1075058778994882,-0.50914729711520268
4.9774185107921651,4.59040486255536,-0.47705683414391342,0.17955308442970988
5.867360989355495,5.0764402175261933,-0.098019122645235199,0.27997693704544685
5.1903346892616113,4.817535987226929,-0.34627114049462382,-0.60540947560814173
-0.24238829449145427,0.42178225474000569,4.99664356120417,4.681355894666412
-1.0441423982851459,-0.63867518400230572,-0.48952462743893199,-0.16289927555766998
4.7283072326479294,-0.68333643222195528,4.4079948472274086,-0.07227628187009516
-0.35165250393575725,0.93908121195304495,4.7934336406178604,5.3125828120047878
5.6887514265898327,-0.10004291559540084,5.6661176051331337,-0.1468551543283492
5.2744179557868156,5.7837515683404925,-0.43222136612638429,0.035123787936981697
4.6473161827648566,0.61866756376776189,4.6919644762646922,-0.31316309199947273
0.13674896441696802,-0.48255536504204849,4.7482954624816678,5.2344533388091374
5.0804886451077476,4.4375066517906889,-0.7816732503265178,-0.66834030784168874
5.1975966632685546,-0.3612174579294673,4.554638937526442,1.0772246964643306
-0.17850732818567647,-1.1986684534670247,-0.52870899154514972,-1.1950609836532222
5.7109927838387131,0.1934081826560923,4.2274662509409389,-0.26961195576988778
0.78572123197516142,-0.31639441975328769,5.0819849618115844,4.1443308777948822
-0.70227315906925925,-0.85311903112736154,4.8229744203433631,5.5361323512682441
0.59767131978006816,-0.51219495715831753,-0.27605554213768652,-0.19203326029037687
4.5518017899859649,5.7283863167026317,0.88275647773904409,-0.64234229851354618
0.13312059387934913,0.68754121263644508,4.7152314165602291,4.298186991339465
0.60056713870949852,0.71311134575425539,4.6936188161209751,5.0284952612245233
5.2964859551355765,4.5966873997113895,-1.0267736175514932,-0.97795193487504684
4.9949333494792185,0.92821086354608995,5.545372868835881,-0.3292891725307539
5.0576821913197252,-0.52338658146788963,5.1616066428191196,0.28203092181232675
6.3504231435099232,5.3911771202051932,0.052454281963731093,1.4529090184331344
0.86198081481390076,-0.10634848109445884,0.35383172093994869,-0.28912939883609229
5.0062446497230919,5.8520227056428507,0.30829330239636077,-0.16870964199680302
4.8075248650891229,5.4171778787133764,-0.47614791485844959,1.3791167955301533
6.1050049203572172,-0.92762135443869009,5.906429219226883,0.43004950731721542
0.05395483513520493,0.87614772384405337,4.6978042296207203,6.0189905879823407
0.24167569087007487,-0.20438144987205073,-0.43517172029427181,-0.68328908024849888
5.7856362227944951,-0.41898081040138274,4.5544779334217749,-0.024368039289703696
-0.36795253363524671,-0.20250900450785156,3.9349622216189082,5.2041377308903245
4.7387119490483407,-0.729228671074725,5.3651372935229098,-0.065883925273138383
-0.22926365056248038,-0.29428243568114865,4.6738439742699507,4.4288095802075631
0.10279690566595899,-0.75099322296430715,5.3219236517970092,4.8259994865613089
-1.4499374780681367,0.8753042051736305,-1.0068507595487941,-1.5146379391859233
-0.25090286195174982,-0.045604502352274028,4.7083960650864718,4.8041328735649911
5.4243173389402974,3.6197877318278455,0.13643303677794202,0.77509766985580331
0.18708452119018784,-0.7407172871863128,4.4839335471198911,5.2843247306008241
0.21038409406943231,-0.19123711164973797,0.59564113813463204,0.082864024766441766
-0.95211924757557331,-1.6781781665081796,3.6449078442329474,4.6237360313024531
0.12991299244781604,-1.2666333040377993,4.8267381319645493,4.3011634359812092
-0.068849905727636856,-1.0238945773178976,5.134385467098717,5.4253571868768082
5.0122028739374445,0.59169479271825531,4.3029823785035184,1.2752840162226229
0.53567415716267008,0.16076214094335503,-0.44323633326171819,-0.28273278197121993
5.868850488526788,4.8756558525586851,-0.62422473650851462,-0.41137170616564028
4.8487814767669812,-0.85195325873500427,5.0984000989132205,0.0012852139965037891
-0.3584827675005467,-0.28691834911073377,5.4115199046984168,4.7698995806474871
-0.14864450384971106,-0.71930469684418719,-0.54049691463439919,0.3039660993904208
5.464619564090988,0.06688718804105262,5.7614825907173648,-0.30385798068610897
-0.07115232370204895,0.32719074367004103,-0.63780901329323203,0.98094750108760698
-0.25054876266053849,-0.1173257374714905,5.3993069711843074,4.5718693263748262
-0.031455811954641609,0.18309272870643628,-0.13282501970033492,0.60954980064774988
5.8123701217002308,0.64014410699331636,5.2538388967463225,0.25050486179280868
-0.55239085638416585,0.019913609782463943,-0.48180154073147941,-0.26698954895555571
4.8135371756018275,-0.62134654436414116,5.4281025118206774,0.38297077362982807
-0.63348178090917417,1.1334698542922614,0.34516346229056799,0.17488643808288312
6.3432465534798173,5.1457108645861984,0.32759302701397108,0.89339544658415238
-0.28383728401994918,-0.29020560291934405,5.2281525670735327,5.1966963656529943
0.54363245128852078,-0.088414393994189558,-0.67294710623868959,0.50783437967953715
5.0227501589564856,5.1496037490425426,0.12930016098627489,-0.10267121790169872
-0.10521736981425671,-0.088109217486235916,0.10387730987169234,-0.4445706611305506
-0.21696541516724252,-0.41992839436042456,-0.0254433663798686,0.62746383543016016
4.5178270747490554,0.39243441475785318,5.3884017491875111,-0.13121811475227807
0.80494581064522996,-0.055496932194645465,5.4892258305466211,4.8752276888110453
5.375558392626969,4.6301520794012454,1.1637439302085124,-0.62958025218513669
0.018678424796511245,-1.1190202859890368,0.48434589139043982,0.20830514603552494
4.3430519903183447,4.6663305706735034,-0.27005128731510541,0.16910367080663119
-0.29184843933518689,0.22404016885373329,4.9588395084381789,5.0131264561685862
5.5718562099584616,0.38857687734824026,5.0410134034699432,0.087330170146188171
-0.59670800885568953,-0.76460418897672977,0.5269650795094214,-0.41323925208598405
-0.34312219351082496,0.90679130302923472,5.6409070334784648,4.9937154483897128
5.4699039089421726,-0.64109739516055009,5.1837871227480159,0.56907298027043385
5.2288198526534462,4.6339290414295018,0.074493158945825241,-0.60701023938825727
4.6399650956257039,0.10628961066306297,4.8306717335295177,0.18646353880111091
5.9915690720564756,5.2508162340047901,-0.97462573840253419,-1.2834469777611088
-0.71446016108495303,-0.012472904308018947,4.9307115721244115,6.3207198761189121
0.84940647114151435,-0.3555392325895036,-0.00046713846964115851,-0.41502493581797145
5.4885036903154889,-1.0490025600397772,5.0348695298192023,-1.2708059715657596
-1.2585426290138688,-0.63430093790268882,-0.066030723481628487,0.15397898451495914
5.1920990494926045,5.1587543473840691,-0.12851179641692956,0.25022594405695453
0.48061507225443079,0.21190474783916918,4.4960402155704351,4.9700737958618619
4.5249916075743339,0.14776219399961829,4.5780838503995076,0.74492740401555524
4.9936002420596193,4.9578834865063968,-1.0616836792055826,0.69054357764475016
-0.97411076396668628,-0.0077087359209726839,1.0500122618592351,0.022838206630901813
4.4554597688673203,0.061448561576721801,5.2608440409233523,0.48968387793095502
5.0820600334535833,1.8154532042361358,4.5713893412116429,1.1499125696727277
0.16271277391918415,0.0033397912205784344,4.7143879122636507,4.370414089995565
-0.044196729123011973,-0.61450647783605727,5.3088390171102793,5.5777429162348016
4.5353418029431758,0.6344640047883966,5.2813367748676576,-0.36747211126822793
0.35628968131571337,0.8760190324317354,-0.74227362213500936,0.39299473615803654
5.7965027357490104,5.5031387458481067,0.2693092799949906,0.047085358568669633
-0.36050149909030843,-0.07228059892434581,4.845444884989865,5.1214270837006106
0.033904114950611616,-0.94127002821328709,-0.42997333342891308,0.17306956084934191
-0.31864577374912628,0.46191961137250975,-0.13495009553348594,0.12526136650164982
4.9514607293738297,5.6844148540994199,0.15597739960040902,0.36566307229019801
0.09645335200282866,-0.71769494846677506,0.77653207170749228,0.41829963851076352
-0.061284338798180689,-0.62874077789009031,4.0719473011775564,5.0718679994006726
4.7871500181283571,-0.41035298330376879,4.4521224239240631,0.42908266170953202
4.7172635917439791,-0.54542932288551005,3.9336317638653338,0.4780578819263025
5.0204265064169666,4.9829807219192634,-0.3084700631540479,-0.27862992880680426
-0.12043272441405949,-1.1680570746339805,5.5000081686192219,6.3641129083899646
4.6733308227384356,0.086613789672488589,5.5928609257521016,-0.71548487544592865
0.22641736178732202,-0.21604526569849136,0.76206546112597795,-0.1043036301561736
5.2422368963482677,0.79346015887044941,5.3642398673622793,-0.24224874472538471
5.1021421625258192,-0.63493816918296375,5.4241715376356199,-1.0776457100783488
4.3393520472675657,6.1169032948993527,-0.71725600239675391,1.096186204921118
5.2414818195746573,4.8962061039480238,-0.32914652908960135,-0.27387835337075717
5.2554897063265678,5.0637877829766325,0.76871552914600583,-0.41230938755415392
4.8301227686825703,4.512604998156398,-0.39578862341909582,-1.0863722942330227
0.33217924326933362,-1.0992524835502904,0.28037423030352987,0.78593506014374592
5.7586137394862513,-0.93364547571839684,4.6802999074999416,-0.49304981695847055
0.19668147791677762,0.068795558476418023,4.7765925722760745,5.455520128848609
5.4590638239856375,-0.015229132658027335,4.448232230042465,-0.013306732320241954
5.7695440752861469,5.7709656803859399,-0.15945492013658205,0.89733529833851489
5.9953321602976057,-0.070338825827954712,5.0835928030177246,-1.141557196106042
-0.28843788788094643,0.7715536754946305,5.1425088822849876,4.7402889104876849
-0.24470070875225214,1.0196555798656779,5.1582443428941849,4.40660401900326
-0.19735127503744909,0.16194185037245759,-0.017504496527121875,0.67613953525813464
5.6606459527103699,5.5906987165258659,-0.066118003875635989,0.48860638381550248
5.3490307764696308,4.7619419698225398,0.70444284414200176,-0.49939742354067573
0.57466752165441792,-0.93959416885110869,5.0216043480754777,6.0491648007731298
0.18085308260241537,-0.12191560241875304,0.098398473341481704,0.34313398554822089
4.8269233618561493,4.8921262747845269,0.86067907324588822,-0.62711728827068247
-0.8736909527361516,-0.71467116529913621,4.6076303708903774,4.6326078099192838
3.9772090756026874,-0.068465403426537064,4.4669803274360635,0.35943260118043679
6.2067327147773206,0.9090468566720612,5.6820188924215644,0.53437325313676609
0.0023767994716609514,-0.25514621958374145,1.5173636807776032,-0.90672905886682531
0.33493314394129342,1.092872705919409,0.073744504400952149,-0.47382167612710607
0.41669621136048413,-0.598695787850966,5.7066561179688726,4.2179219301593394
5.8677927420729894,4.2006523106049611,-0.46333102460616754,-0.72906174345236519
5.380081246015715,-0.88375377135546285,4.7136601890032042,0.55574355772733086
5.0158222021762997,5.2124478279444837,0.65037399468361945,-0.075508006166061944
0.44572530969272867,-0.1610169983875214,-0.66625853098103005,0.40952978515763455
5.2083820352763954,0.077120088244497592,4.4094222007223385,-0.97414473059643292
-0.37719295554558274,0.58005272588736656,6.1297077868491261,4.1805519002250495
5.5750951557793558,0.82041672234045404,4.0420670229387525,1.0144096999004337
5.0986648100862553,4.7124453328901472,0.52037619332362239,0.040094881440914658
4.979176459422181,0.99142148574515576,5.7518168195479156,0.63796809566389012
4.4475537107753365,4.9125285236670591,0.81389738628016717,-0.30020348057601343
0.68883308978232549,-0.19992950980112192,0.068516897716740174,0.14571399572931784
-0.23392806601778141,-0.81375401115444856,5.1711477827339811,4.9492638849639503
-0.059557957966432845,-0.62507776675681748,5.2512852596973776,5.3009258311094856
-0.016779637420328907,-0.055588360857611041,0.24896230672953745,0.83513709552553195
4.9658066690776277,5.1316790564527031,0.010177713785851287,-0.33555061329257801
0.33339541004906537,-0.58780811112891473,4.6823136005002635,5.6446385365078715
0.5411543033961107,0.66310722055899463,5.1628982334451248,5.5583376250591918
0.32197385294042241,0.76482066886142541,0.5515901297841046,-0.17643931199236998
-0.88271168295890334,-1.162706287462723,5.1805759498955446,4.3985337001739451
-1.4456156449611421,-0.42797646787455434,0.043010005177021485,0.85464178829183868
-0.21901042666772294,0.43193015367428922,0.0010837148128748832,-0.69706102394716285
4.8912389092195001,0.58001202024393583,4.1839037762712916,-0.26752075776339646
-0.089437765596486488,0.11821141893253509,5.5393837465976876,4.1070760544926221
4.1643711836843567,4.9325753277283386,0.18923848381102371,0.12559796171161325
-0.40761554662696603,0.037206488143712448,0.28188638149740891,-0.40432859247459485
-1.0914707811683793,0.26985680883689928,5.1837223518277131,5.0237245496634984
6.5833893310892879,5.1145841207246683,0.06536213073281251,-0.65314942260671383
5.3279649669309466,6.9793333372981099,0.39533654572506777,1.0570394167345329
4.9963076366423556,4.5484289596360661,0.53744167480147143,-0.21732290074044161
-1.134083680714977,-0.40703469212865079,-1.4293608794187522,-0.42683176847671206
-0.16007002269910459,0.40561351616189917,0.36574718615318758,0.13447611416562461
5.4922586061183907,5.6700941668152538,0.69208709683427416,0.14371273603682536
0.46691612402976262,0.060841254929844824,-0.25509525441168601,-0.1411091679604814
0.2724552141135379,0.042906896012073321,5.5115552098194165,3.6680438394963613
5.8460313038310066,4.9165082745667137,0.9346160255909387,-0.0036864484553817837
3.9133615369421113,0.74654267230263838,5.8581026479855556,-0.33632861435336647
4.3385289553478064,-0.23555927891704748,4.1203796695567565,-0.89074122687754553
-0.011500722790128962,-0.18391553825513779,3.3039545993902895,6.1717893581329735
0.089582231808026408,0.69797837461190637,5.0783318908052753,5.4007576513289681
4.6805408778410387,5.7129165253814271,0.30942752721627204,1.3124521522693195
5.7187076757221318,4.8088039447868445,0.2779214336695755,0.40565449007622895
-1.225557461336819,-0.21424915505742434,5.5149587067759338,5.2089143621858076
-0.60858651888796833,0.91711345815363132,4.1548537058519779,4.1937068414189653
0.96235093282991069,0.80212871246061435,-0.30368506030058673,-0.40972047677460277
5.5354100204942158,0.69899450429438104,5.4678524907326889,-0.27293883994693718
4.0893766630172212,4.5729043676316694,-0.49377405954157899,-0.19016951007804039
0.49411696569128616,-0.81787388051512644,0.64703907152835138,-0.33006823453639172
0.21933734880509922,0.5728450792148988,0.22934922000111682,0.97087468380976027
-0.79855300098593496,0.081739397176631465,6.2897876577302094,5.5784613233247171
5.2157456926806196,5.7607259072253463,0.14952474732033957,-0.011750836563651279
0.53579676599321568,-0.77615359344886126,0.020586384432469507,-0.2254091984517172
-0.59705939753958825,1.1104841220225075,5.3506338381027323,5.9378893343186787
0.31180315355147425,-0.19592853478883143,4.1055939501743044,5.776509284399971
-0.74144006896997428,-0.087219181418594638,0.60225322499807876,-0.8013596612706736
5.317836124593244,0.15622832196568914,5.426674776754262,-0.092097953802573143
-0.58982503257356145,-0.39244534002152237,6.1752162811440963,4.5654771284695279
-0.22544729055254947,0.11428959991370796,1.0591322115979376,-0.14044166928249158
-0.62504123069993678,-0.38490103777263746,5.094231602615432,5.105565506137232
0.41860041445810164,0.13354832016582224,0.25625816287035025,-0.31169574882691553
-0.086669282051616378,-0.53040048758504665,4.6389215673887856,5.8862014255066226
0.29912603828357626,-0.47642668080308259,5.8807858643582493,4.9998131209490202
5.3704020259260767,5.4829705671629796,0.046357529485240315,-0.57492149268761228
-0.002724684885308594,1.3183204520826532,-0.64824132804115797,-0.95859487120135212
4.9452461839461348,4.8309648025538676,0.67971518607504122,0.71638328213775937
5.239975624889202,-0.41916444466794783,5.6282298274307063,-0.34114098212325689
5.3533409939294652,0.57336575528276756,5.542968371427559,-0.77296866824944777
-0.010126823632088148,-0.1602928801191037,0.57757018655236247,0.10855560415357064
5.2512225092531795,5.4112480341543314,0.44670247674957353,0.549619328141428
5.4804367787149024,-0.97708676984863763,5.6215752009549078,-0.17278164255305239
5.4079358622967177,0.30714493881299043,5.1418262298082347,0.59860680551309997
5.7857983535237238,1.270208412989452,6.0244867626828729,-0.21775436831401851
3.8652713126785514,5.1412351406060894,0.24484731500919735,-0.043463123823664664
5.2069444008013717,5.7590330470755831,0.72471443408314495,0.58428456625340475
5.0928575939867695,5.0621553856639014,-0.36620479375291964,-0.46821629026942913
4.5401349608446608,5.5876979356704251,-0.9137986656042083,-0.2927547834011347
-0.45174902599321376,-0.22473543929113843,5.2829428219168868,3.9539949045643663
5.3145624053926186,4.7494305743196428,-0.43507044214256607,-0.11276907339401288
4.7867448212598527,0.25254820573493808,3.4915967511814712,-0.88854890197326641
-0.15615989827266527,0.2930545190800718,0.23153397098456219,0.19736848290463371
5.3043248660190603,5.7536753404121326,0.45934315139329218,0.34610766065363191
0.68592312633097929,0.56864443496006301,5.6373832293332846,5.1247524290772857
1.240090510976521,-0.4434664959303718,-0.56045237813632443,0.10507910720726871
5.4619198058512257,-0.17925264155663256,4.8255785439321643,1.0708730680247074
1.2011987673040596,-0.12116677354956081,6.058005937449515,4.5998759576913066
5.7629725452366589,5.3886061450884526,0.3468845292511013,0.55850780688429713
5.200112147510179,-0.85034757934768734,4.8013851346160124,-1.0086070184845779
5.1524436056543168,0.59552043650723485,5.8877388801251058,0.67330360558172897
6.1585485632767512,0.023143849818244206,5.1708541552522576,0.00023419415072486267
-0.60775792044720001,0.076410738311094226,4.5357001556866967,4.6567985171421702
5.0386666642359241,5.4509216853478488,-0.5347456954020805,1.0128322559153466
0.11542433481471298,-0.037687278996512773,0.10882106058769238,-0.13003499510217484
3.5959853224371638,4.5784213071878908,0.52173059948502154,0.41284233605053661
-0.21105954061934504,-0.43173664364715769,0.38025929002781278,0.40170995734001502
0.20795456320943465,-0.33167254746796632,0.38819570584451474,-0.31338079103148775
-1.6973646352238667,0.16957288243638724,-0.57456107374176479,0.12163946929244089
5.2207236221507145,-0.85363616143580734,5.322181588720837,-0.33212940906022681
4.8287095603289378,-0.75800901049273328,5.481498718970407,-1.2712623742242801
5.2656399562717686,5.5267310010764605,-0.97517354799949563,-0.48670993806922663
5.4306026780275163,-0.45467828560765655,6.1622683184567144,-1.3954085493785089
0.85433705179565556,-0.25801059643417235,0.38967498037838721,-0.096097710308334042
3.9887653063176001,6.3332876776436438,0.25100534868034541,0.19955181004149433
5.0250375897392452,4.7564726546701817,-0.16880926878829458,0.071394482877465124
-0.37976629821018776,-0.22948629173301008,4.7193833015218791,4.1139991806687757
5.0180595478591155,5.318414790052727,-0.60930965272249582,0.6790432958480016
-0.077486145639232382,0.50269400475939363,-0.21216958888075374,-0.31418831556409715
4.2944604285603969,0.47743908294399823,5.1566954368181923,-0.93295241329427936
3.9159083718806045,1.6163671019937267,4.5912645700574926,-0.2732391265366933
1.2721882347004663,1.2362095771196762,4.7108154740411177,5.4857992080309774
-0.79464341001670491,0.74455898325896153,-0.81468812839460092,0.49484465600177185
5.1650129559596998,-0.76741501079049734,4.4960261010680176,0.30729212382933641
4.3346820900402783,4.8290431691497515,0.54138919966174359,-1.0915343561221256
0.90464430296288234,-1.2440339515470338,3.9055991006940185,6.1163070221718998
3.9396207322013326,-0.83803290968403643,5.0002232413697056,0.76660395526629788
-0.53315536430918953,0.14489189648129072,4.6864020148410219,4.7053126815654531
-0.73143083196958958,0.27896812292709722,5.0151979800192716,5.4819634960706072
0.030168819766193761,-0.63420716239371222,0.59958926621611552,-0.99013651601586139
4.7055122290780123,-0.24288266307024736,4.8056060349861687,-0.0098253800180093127
6.4310359750797828,0.93119787049551306,4.8474836546658215,0.92138096180228912
-0.0026328761824692703,0.011812640742658335,-0.2332522115390096,0.34329795984700562
5.7990142132767657,5.7225300794875391,-0.34355395216959284,0.89600612259523793
5.4924852014759926,0.30067884884591911,5.3566052356903437,-1.5114283239894781
0.41140741831513311,-0.18751083560330264,-0.026367021643407037,-0.028828363571263026
0.30952856872562257,-0.46733557792224922,4.7926473342508027,5.5017955112090746
5.1642811083142606,0.28947587173319428,4.899247223331372,-0.20146101172252565
4.5719984544595151,-0.38150496033495257,5.0003850803861472,0.16095008409646508
4.7941735129456449,-0.049341522284015595,5.8086730340604813,-0.021963702634878353
5.2813877195473538,0.18862044448862211,4.1625911554612438,0.26789325741949327
-1.4854995096202084,-0.041274470582229793,5.0807595252169779,4.9740101761892017
-1.1132647730837966,-0.57506647581037973,-0.4658837743047699,-0.029487716156263583
4.7476952492639724,-0.6510268948536031,5.0577748897248851,-0.18332036358297729
-1.1196225403285069,0.18800649235205558,5.1279747238027307,4.9075340769013422
0.068102820443521103,0.38322580454673016,5.5582026463875529,5.102846916418037
5.2820112062741185,5.1861799591090509,-0.17263684098143781,-0.61005065295590477
0.5307564960799388,0.30663655653140126,-0.46357193858083245,-0.2377636244522954
5.6681659957581063,-0.6640000428646412,5.6488216056266625,0.28533652856302727
0.34011025759297125,-0.16544578495052728,4.148949128543336,4.7157766407250294
0.32761370556677116,0.45089799071804593,6.3463903153629477,5.1246814925208808
0.1439055631374962,0.84628667334066543,4.1243152359866802,6.5387385604096888
5.0204812062938506,-0.55415372238570026,5.5702707463773224,0.35499719142575115
-0.48485473158011183,-0.99568582148859219,0.97585525506333726,-0.88559237261602142
1.3365793939367501,0.068582471107887955,-1.1069888730933171,0.15415345425051336
4.5244855227719274,0.2175056291697903,4.0089834593623062,0.4884184682338884
1.0183683194111526,0.53981748474059243,5.8095410132472569,3.8101709667705421
0.56335488437428483,0.87315054438351858,4.5951453719199051,5.0380891801530598
6.2211769749728258,-0.033414242755603341,5.1845887987560699,0.14998921894163311
0.43897583191698175,-0.80568195178252333,7.596854764311745,6.3667946257538937
-0.25190840435722495,-0.95743040556339964,4.9088234263449788,5.9339667305391073
-0.18584610411065944,-0.9946418572370852,0.083707830568326994,-0.84739184961849878
-0.8164058846797887,-0.01977506879941663,4.1121359981255479,5.0392926069221602
5.6226285862307464,5.2409902261609327,0.30309094144016613,-0.11014833500488858
5.0277306963702415,4.6136839063812651,-0.98066253133954173,-0.45184050372949175
-0.034664013166054039,0.79386450990662161,0.46621625129993721,0.39422325775657285
0.046043442419820564,0.34001740512028455,-1.0100976876499896,0.1485488762447443
-0.38018469846375469,-0.14165607755802151,-0.7231652253351698,-0.89313164956257463
4.7459519227226101,5.4122224496048457,-0.51461962765687908,-1.2381168549379147
0.46601460422611007,0.27113230381197451,0.44905437928952346,-0.017117096751922266
5.7865443418793632,-0.2094520450924757,5.8523752273709313,1.4455670548249864
5.03498078376058,5.2820183892675532,0.6524212794374028,-0.72944195015695279
5.147239014355665,5.7785507274018579,-0.90868009717731035,0.40811846280872988
0.13939483102626848,0.48872091924003569,-0.20467704624588415,-0.42920587552994588
0.11326553983527882,0.36630548260297641,4.6232001380157595,4.3530218942676582
4.854910467208688,4.6959206635438706,-0.84611827287362185,-0.040705596899333917
5.3432817902746566,0.10237485960525033,4.9926438387911922,0.96244334537405019
0.42347507861241118,-0.63179456241333143,0.47664946434282718,-0.086452900137171731
0.12293976239641945,0.21090570171438561,5.2170562964816387,5.0764153090350286
5.3312620280669911,4.749791052736005,0.93512419967988769,-1.4253453525066955
-0.34132278621466666,-0.49790584037354435,-0.01118848823996663,-0.26215039948291635
0.11563065335932947,-0.54537590558892057,4.7562393226195017,5.7590846193130423
5.372808332966585,5.0355150371758217,0.10670721883759962,-0.44738831811098428
4.935670633020476,-0.13605493715099212,4.728561522582936,-0.34560184383321813
-0.074445551734846058,-0.52060736253891648,5.1142500409082485,4.5153629466591427
4.7209868918872262,5.044312830166426,-0.14199285022722216,-0.85932023475657571
0.3440446574921624,1.0377696825726761,0.075302915476232052,-0.099134486638772543
0.15296164903075718,1.0483372711093659,-0.48363925439193572,-0.50975771265728043
1.6032865207223541,-0.44133867377773611,5.1381082446858768,5.2678023799330385
4.9193029894027251,4.602296533669902,0.79392213450420368,-0.67540293785968375
5.0669444370955432,0.03957157550013847,3.788579718884542,-0.58336008370770986
4.3939983876290389,-0.2031376658719368,4.4974097593902851,-0.24808504832534645
5.5327278807896292,1.0734907439927155,5.0126974714020252,0.43013393326335958
-0.18433053548338924,0.29679346047665961,4.4125744846122537,5.0187501627381099
5.0798989955818259,5.34112380236735,0.55643954542159069,0.61257676847963793
5.5671958218082418,5.3421958279530477,-0.10168102083396038,-0.19977165651433124
5.9154120379094239,-0.17517251727683353,5.2798834072513978,-0.45126955113839518
-0.1484703409164862,0.49999128974567608,0.044090437766993229,-1.122535760340069
4.7860377793374136,4.1777487259559205,-1.1270747415837963,0.39669536839678332
0.12478104454197173,-0.0031028313196276827,4.0697684240354572,5.8427281806201652
5.7255520084672691,0.79717728492362983,5.1708949317089754,-0.096197422179233202
0.069935332244523835,-1.0787508199387754,4.9170958577143731,5.3225039994995056
0.11523971606455713,-0.62278381626245549,5.5479715796540265,4.5956376044033549
0.47196966569546611,-0.67054931839107057,0.55930582776323556,0.046411075977726757
0.44390441382653101,0.43902163649101161,3.9362236689496921,5.6982223802824459
5.6520152188690034,-0.01322742984159586,4.914598128565177,-0.069898877616441576
3.8283156201830826,4.8473056627636133,0.33332157871539358,-0.56001612076765861
4.2905439040852764,0.4408971011241351,5.4299328849872808,-0.47466904427462275
4.2915929132485839,3.9105679889563585,0.45231379329516469,-1.0792958405055382
5.2261886611256392,0.5559725098570053,5.3211490752346684,-0.65307341903327631
-0.81407462440995926,-0.29260442391131014,6.1773172162141581,4.4134557214244206
4.8628350369946105,0.2253685477050161,4.1411860456975678,0.47984436192461671
0.25395393894280927,0.60297759261214867,4.1870024477206487,4.5490023346679322
1.1645449557987719,-0.39163727831229223,-0.62102634007323065,0.41636300663475007
-0.14461160884040303,1.0285028286351112,0.59621211110237127,0.54103186894931721
-0.012582343158295246,-0.10043057640147818,1.111674972213254,0.47919748677490831
5.1413882337781907,0.4868548028904679,5.0160891908073566,-0.0071451306635302719
4.6427931106318843,-0.97434245541122544,4.4286646709322195,1.2906149306022281
3.0802649397465283,4.4768577828190859,-0.66472114617079348,0.28167067520743078
0.90676708297625952,-0.053662597152370851,0.52360974655119263,1.0149937373540143
-0.20615220208966042,0.56796813957479897,5.1898676150315506,5.70015228889942
-0.43015746917884162,0.064557562170077937,0.18992883339328254,0.76175540915594986
0.17274548837848863,-0.84706203910968159,3.6941651739823982,4.3485497348669009
-0.37048365374659492,0.33933517739111108,-1.2589692577332936,-0.57473129013828017
5.5521004441474728,0.14301783802262291,5.1627150447405006,0.016118802212602968
-0.27246039914131093,0.61948945114429277,1.2220798239003774,-0.2055581324747339
5.5134567947028108,4.9281986410099012,-0.020386518783699376,0.10971641458909974
-0.14012570255329673,1.3196213203073328,5.3724496892081293,4.1221919444556541
4.4129771126612276,4.3337794730576693,0.13112893965724623,0.2257272895605387
0.44232957812033008,0.36575714780454738,-0.88269169703124151,-0.24102489030524327
1.4649621748082784,0.96898538403000334,5.7398242323323565,4.5653917500952046
4.4045044091060488,4.7250585394738991,0.76900736813165493,-0.62600708075485967
4.7355583132968002,0.38708266843351796,6.0285021472130307,-0.34575716189864164
-0.7016325193786429,0.21280428806986362,-0.85064602585816718,0.7806223036349117
0.95519279367023058,-0.23449815330673784,-0.49947962062371482,0.25574282336798482
5.0763648300325848,0.99777786386043066,6.3985080821348115,-0.43641015350892548
-1.3962591933428918,-0.16467285539041085,3.8934741369017858,4.9740187943262413
-1.3180649503963904,-0.48241453918869148,4.7393721241019069,5.9202704486858551
5.5634991586570743,3.8542104807376472,0.42449662665432969,-0.75233199630008907
5.1794972933436005,5.5490181145838688,0.17428175094490822,0.60882683924204839
3.8060439839033693,4.254890194672873,0.17628699463054628,0.19066504654619229
4.2775191197558478,5.3468618558917642,-0.49749818800221085,-0.53780261520363026
0.23900744280093111,0.25723790901460725,5.5021240792304722,4.0642285859039635
5.0268539516141741,3.5332649180270437,-0.87133142532494123,0.88085326491378091
3.8803035120985392,0.077165330857056583,4.6717260715353444,-0.96152763435009769
5.4515137027946441,0.049556796780131383,4.865334758665842,-0.40881391743672041
-0.25541062472543719,0.46614786690472509,-0.53558548546838691,-0.04666050311657962
0.74650218980106686,-0.54489409330887606,0.5300742732788094,-0.62451908193394134
5.2702095675692542,5.7580289879040816,-0.018706219625087603,0.42759712033839581
0.70968448955875807,0.6258190546671204,5.4487297945729427,5.3575496856104579
-1.1783868666624047,1.4115660409108457,5.0842860630165809,4.7150861629245941
0.44796772122085438,0.87823794455245052,4.7571169728233542,5.242656194973689
5.630794248261175,-0.50352239794454889,5.4808355904331734,0.57127603332816923
0.31450265103823744,0.043870211594998772,6.2134872634507428,4.6915145803238714
4.3306494321652913,4.6722703878484575,0.45056250752540095,0.018415143264457031
-0.028659732991895975,-0.8790334922029327,0.53605657488383174,0.20881914787460004
3.8497826347523456,-1.1134734588889934,4.9856099298754017,-0.6545283654326487
4.6569618572961913,4.9908470345607716,0.74330368299210825,-0.30087653167566658
-0.44891798018185258,-0.70858069346677643,5.0865897518555299,5.3135898817269274
0.20710737384576225,0.19950707394845021,5.2190667953763787,4.9266550380264835
6.2983706626640794,5.4851951131873182,0.15096144930985969,-0.93319599937153686
0.20198780532264704,0.74198639891247986,-0.29975264623242276,0.088518959979180092
4.7492816098785084,4.8466892947272617,0.38946770751908538,0.50376690301942395
0.55421461242377124,0.66426017810371851,-0.89590735320216164,0.045258437348493191
0.46005995540112421,0.68051267290620088,4.8391999855010353,5.7203596212830767
5.149248888742358,5.2254981559654476,-0.73108135884978487,-0.10371867626829324
4.6056691790301754,4.6740049889971438,-0.84490331565116039,-0.40943756320605929
5.3498745014803779,0.57171077323351893,5.1970871082038395,-0.098220114919559384
5.4144097206000943,3.8813211890155461,-0.85227388696359652,0.7056224677425883
0.17511880799756888,0.80327162392258711,4.9554771221840124,4.5574493143298085
6.1538445004780291,0.7474409585746481,4.8263714459358305,0.40881925968177851
1.383677849099249,-0.068808033355201359,4.0930253505528951,5.644093543660869
4.4064828392941342,5.152139478113976,-1.041702996140917,1.5783721926648109
0.24085644510585469,-1.0487019034324154,0.28307490209391933,-1.375630543556092
-0.73943290395295114,-0.41015964982023762,5.2439003791251864,4.5542224301944891
4.6731863939163674,4.726134870329278,-0.22858222707928857,0.070811372747583701
4.7392802245867305,6.1197567606839982,-0.38207364130629212,-0.43989430077733316
4.9154928848220614,4.1002237138400073,-0.87918455654064032,0.76782363441075374
6.054884762039161,-0.58391471261112604,4.4334964497456166,0.94910556151400427
4.501915147653647,5.1586755202291954,-0.91150788058658916,-0.028070644818444908
0.30865665367334622,0.15046052006599689,0.83240429789378323,-0.31123968203762853
5.4722786459766546,4.8700957777028835,-1.1348527867844223,0.63101027346649097
0.14520930823051492,0.027493681671742237,-0.88420228395371259,-1.0954067068642344
0.33595008393698211,0.46628571607514713,0.32759203390531366,-0.23827534800937022
-0.39025110540735847,-0.19000193671915691,-0.99796638886182842,0.048776765704515009
4.7249644301570344,0.64887749515396176,5.6528304398909857,1.289571628676986
4.5917082069715862,0.46780863482887319,5.1215251929291368,-0.91906945583376121
3.6845376032171084,1.0464142009014212,5.8739586274820184,-0.049466174467893427
5.3755922569128991,4.8408825506577351,-0.046393233629607872,-0.67662648182074892
4.7507229902648733,4.3740760696570691,0.18038752167364608,-0.45031728872085197
-0.10578230026179009,0.13776740203409679,5.3256759365563102,5.0633398576799413
5.3991554981353502,5.5529268314857472,0.14460098569174204,0.33610828742653964
5.0299301097035016,5.8319008740718177,0.14027704146677908,-0.17768385523580685
-0.066870175730195366,1.1698971337766799,0.20235498685578007,0.55970855502793826
4.6825091768610774,-1.1707046278602065,4.6922071667825778,-0.14733551323021346
5.9695173522678608,4.7645018478217516,-0.16707900054054434,-0.64084895188785496
0.083706356000032608,0.78888128742537056,1.0088490213860661,0.51936929065526982
0.071750218455413406,-0.58568344745115508,5.2166367453302529,4.2448157319501068
5.5879194532032042,-0.21556982336915423,5.3992339100113371,-0.36720744757144008
0.2276306087593184,-0.7327864537417409,4.7666622734737025,4.4894505054246689
-0.52812757165621416,-0.48953599920328905,0.59592635446174325,-0.29990379593063937
4.7561282167720691,-0.43160143344202712,5.4060275442662507,0.678383960616326
4.5337249041867986,-0.49985323615851629,4.8795661340204672,0.99940842634018745
3.9898987833411104,5.3353227191195387,0.17308091732493719,-0.01762243460612584
-0.1001895360611727,-1.2706102231229714,-0.39723973389860762,0.62715219024247482
0.35636893746965143,-0.0054948702158858836,5.5475170065319483,5.5549475745448884
4.6891045155504969,0.87206790660633315,4.7102930090712771,-0.65689564640981557
0.26471901816458421,-0.81620929447315771,0.38182525986588101,-0.026571569039469806
5.4533605190296743,0.28067879113342742,5.9297560272162944,0.58231600479570278
4.9322234838935923,-0.69924645564568022,6.176644641063926,-0.082810205273901996
-0.28477523262673804,-0.17497868697788235,4.4813651586825625,4.7893971214943782
4.5787268417840394,0.097561522685292251,4.6107172058219339,-1.0431206759723717
4.8323773784972239,0.58435957304286856,5.3024964240922321,-0.35675558232592458
5.9385258495335345,0.14157786419907878,4.6280520782481309,0.64060099179560026
5.0546561657411448,4.5734046124134791,-0.40078720863475981,0.55291975363045887
-0.27731278861472491,0.45210039567389199,1.2076115436243884,0.054852643680679714
4.7297367489032576,4.037684886959557,1.1691557271256388,-0.10432490913792723
5.043857969246476,5.4420525833019422,0.42558505566526189,-0.4228663817554596
0.078811805417166522,-0.58757574439717264,5.8318348937759641,5.0254626602929786
5.8073818393354371,4.3059634282924177,-0.38862561393056499,-0.36034955390314388
-0.25401688324340516,0.064769097262494926,0.019114297929863255,-0.4364636375080409
0.58616537026081295,-1.2244569107846364,5.5542532673460832,4.4935731344143406
4.6214117569727602,-0.41824403758408291,5.7548962478097145,1.0395699229136974
5.131850708600604,-0.49272008515273302,4.4604590786699125,-0.38949943515907098
-0.2074034910547343,-0.6744941226074489,-0.81178364688126936,-0.014055739091471718
5.6035430265231811,5.1124851704704604,1.4666167282395908,0.39640074950227461
5.8383894798003677,5.0645588035039335,1.4162135183037818,-0.97132117745237034
0.92121664845194284,0.32028801176798011,5.8938852262489299,4.8966121933346489
5.4107169485314213,1.0334407123155946,5.5588517877235955,0.16972547399300333
-0.30321153981105503,-0.094855671570991729,4.1570466116190641,4.2883145825483231
-0.074539855276673631,1.1930476636925376,0.79147423251329119,-0.55498609342831695
0.18080084710729591,-1.0930429524036047,-0.19165429003177506,0.78041342251932055
-1.2524202881047453,-1.0262324977535855,5.0807555299164049,6.5970268233853382
5.852238237615861,-0.599305809445001,3.4163669672010464,0.37657841069486087
-0.64138760839152409,-0.15966578987085325,5.7422092375124612,4.0082618574206279
4.7243888617987153,4.9460255690432318,0.13648468112484188,0.21168547076484201
5.7989996657295091,5.983812672315544,-0.64850199576600109,0.0063607103488132468
0.24586576661864681,-0.2726851307040381,4.9570266875988338,4.5291977237919534
5.2834019025326091,5.6242305633337946,-0.80139571878460292,0.014105396745791799
4.5501808224038047,5.1021277662577305,-0.34426808299421852,0.7701834197521058
-0.96101493841459407,0.52303787808013669,0.43477724293581416,-0.55579188199956131
4.5251316046518184,0.67854396214043189,5.2192585382376482,-0.11642704982601655
0.30120632858418767,-1.1001977089987331,0.42245497469723237,-0.1989952546002747
5.4303171623125621,0.37960114152962138,4.7710675352552379,-0.0040575378448402567
0.026013114370145848,-0.27296015441040605,1.1705980919923016,-1.616379525854615
4.763513392133496,4.7212260342268433,-0.66492260338456555,0.35236032663927114
0.22800289524477918,-0.64347600576828545,0.57491274590140629,0.099406276353693021
4.6265432284570851,4.7866367093100903,0.32432945472725078,-0.067170083403956776
0.30683232360443452,-0.80315997282754448,-0.32036118506934869,-0.12841795094701902
-0.66082383397916489,-0.49520729516305995,5.425642569347314,4.7981307742743278
1.1168493597404852,0.0040845321400678081,6.4388398502282422,4.836455805625028
3.3770065265693949,-0.15137565285034091,4.6993062866889295,0.55346480588562919
5.8507626898205114,0.44750114118911283,4.2692568554017924,-0.33994079736041849
4.606814301130397,3.6467708281073019,-0.62303498382452049,-0.13155238443215639
0.75136982845330447,0.49916503573256138,0.061801115711297247,-0.45072929410254015
4.1238275406960021,0.27603760017756457,4.4978314265118637,-0.083603881023270626
-0.19844092607600353,-0.7820551168889136,4.3389627610327803,4.0129557398963804
5.1264906743161935,4.7057065930430779,-0.43521099045510442,1.8001114759739802
4.3943004414666547,-0.20018064745549985,5.5877067918758767,-0.72206206743426793
-0.32086598770263686,-0.024769208488169273,0.19414332451708421,0.20374775380296159
0.29703496493156428,-0.65305975609616929,3.3794316086723737,6.0373024746468804
0.32909642986928528,-0.72584521382087863,-0.072863964430205222,0.52746875136334459
-0.7366455685313692,1.0707969217941542,4.7714299254761254,5.0766909090266834
-0.60396758661628025,-0.5624956730022147,-0.26743815592523806,-0.18779920662164695
0.12430032096590275,-0.50766476603689392,-0.50069669795654559,-0.16791583800264678
0.8504407082034865,0.024129514936415415,0.82896785751051083,-0.20049463946359466
5.4482536379331528,5.6059913971245967,-0.58697967622286396,-1.0058663331307882
4.0883401565908848,-0.57818938413546572,5.0495472542686883,-0.15015350829206819
-0.43204244359458999,0.16553393831262683,5.6455311589973078,4.5017278455730878
3.8970727793623192,5.7126741900219296,0.28572440683104222,-1.153209225366314
5.4706375186117953,5.0919365166679302,-0.0041564665632727923,-0.19464509163213908
-0.52263128971625517,-0.12305942369753047,-0.66971954652697996,-0.58758245449462498
4.9934802121900814,5.2041648881187381,-1.0441660199468465,-0.57794873578878769
5.3654849349294551,5.0649987765571396,-0.44691637024063441,-0.2373767058733954
4.9201690111647363,4.3915711847585959,0.49961346592580336,-1.012353155851127
-0.50971863772803794,0.18596911197143981,4.6972558049284592,4.2383420563763634
0.069083235104535498,-0.52493860953284333,4.8767644545948583,4.5110870714269105
-0.79880229240720191,1.1588393769191683,4.9980712265408078,4.5165672323356905
6.4246749630390152,4.4651455037904189,0.73053117643258225,0.6375544069455592
3.5024981496129985,0.96690655444394946,4.5846350576550776,-0.66532123056805625
6.3222056924371302,0.25966816268140314,4.6149232348613909,-0.56483101928580326
0.3428381562415036,0.35462416156313764,5.5621398919902338,5.0639903012091061
4.6497528576686387,5.007505299487927,-0.12725357156260095,0.080487757316391573
5.1649162145734504,4.162923996269436,0.40464342748128929,0.62718428667369408
-0.028973517576609476,-0.022034696811872253,0.14681622514711587,0.0050499310972969801
1.3514811850663451,-0.13549140967838078,1.1699056968580954,-0.083150554808305674
6.3247893333104335,6.4236832130097516,0.42207358438032261,0.40676915587764545
5.4601070087875829,5.2329474186571376,-0.3286467025345316,-0.2999275612805527
-0.17051504627572697,-0.068272355759730105,4.8738522710291292,5.9741569980131093
0.0909871755248116,0.047414652418406124,5.5626374515814794,4.4886620705323548
4.5313363480141762,6.2459217833231939,0.1258323476484981,-0.47443943218275147
-0.57443901794839447,-0.96622688470397189,-1.0138257027172062,-0.53863850401178415
-0.1826046707706542,-0.048965372971514091,0.084464177165688797,-0.017712119763935021
5.9185271920421574,5.0907812265760946,0.57606759788451589,0.38572004766014012
-0.28698356198681496,0.17175896245813729,4.3840830528927288,4.9759770428643355
5.1655785731155497,0.82829697452340512,5.4755463662387127,-0.72528175414881424
0.77566791356109421,-0.43176291800104044,4.3849810795362858,5.380077882090867
0.25440642394846436,-1.2233031322298415,5.1725607158393663,5.9908919545872097
5.3166591522623499,4.6835893215691744,0.3140776770063915,0.32238116699489383
-0.39229798928614373,-0.47548212931797512,3.9129836032094434,4.2835842533703339
5.0730053316043913,-1.1465240201688136,4.9044871392958838,0.55986503321671854
4.4078821671623274,0.11715082636841255,4.9899170758461775,-0.86679874710918769
-0.45335667734916441,0.079930421608987723,4.3004091268449081,4.9870809025338305
-0.69659397506402598,-0.56801817126462884,-0.087283484008139081,-0.26223145696358252
4.7343190858282576,1.28802868375269,5.0129932809196589,0.46055153825244216
5.2009686704237446,0.87842927979612118,4.3852864680947201,0.37448083202581117
-0.06039514088713771,-0.37478234395568721,5.3146047490967474,4.5066009831417704
-0.58532210577629817,0.80192843689409077,-0.45455981277663793,-1.3314488317680708
4.4160700246273565,4.2956417753462528,-0.70094879322554771,0.43015384599688239
-0.80447191587931632,0.088092420827894882,0.6312743866112106,-0.30395230878063095
0.24846144123264491,1.3662964021665793,4.8868830923863857,4.722693903221014
0.16449745789504883,0.55793184498281145,0.87239810100116921,-0.26748621032349029
-0.84837777031155082,-0.23285883060670995,4.187421028745602,5.9788148454274461
3.9908416560865598,3.7007115269456392,0.055582489572109428,-0.70373034878125351
4.9579483316305319,0.43533477456870456,4.8594201129337327,-0.4993825280753712
4.7238145824270203,-0.49818442875859537,4.031034961255207,-0.28710921020460933
4.2757125779135414,6.0084196196058262,0.43742388410414401,-0.6912865397934006
5.6242647308771607,0.78825869932482207,5.2678118049500409,-0.040386195003433926
4.9602769926884749,0.21082631498287074,5.1825479015291291,-0.20720979259189534
-0.011914667122088052,0.8461162494198381,-0.18161246917848062,-0.29952561580957443
0.3693337340268808,-0.92157684886285285,0.73451954887368098,0.25356765121732361
0.2522297819517606,1.3041608622659029,4.8352427974050531,5.4129550916747702
4.8032270735436891,5.9706446900841481,-0.48345854512656439,-0.12956571436538628
4.3193262187398789,5.7378400786363715,0.1618777100037864,0.0027522756366770854
0.70936098307002993,0.28014277068938215,4.5959239110112993,4.3485575452212419
3.9735285180126789,4.5148499564139719,-1.580871982324952,0.1976736124500155
5.8276694266427622,-0.28894515534506116,5.1652012332571076,-0.14656892991256604
-0.32460319749451683,-0.24213249064056624,4.8664760391762698,4.8194964338284727
1.2452800750399966,0.81558637218724439,0.39187818685384246,-0.37104229918878312
4.8771436981923566,-1.1542248775838531,5.3233413532509681,0.16505331448090152
-0.33085019131220139,-0.19540083578721756,5.1474131630647113,5.6438561887555663
5.0247181200639179,0.33859256862678749,4.7822919698359021,0.31387645291721711
5.7902285786154781,3.9805729757586583,-0.46158027104708482,-0.14113597705430944
3.9142098779537715,4.680227621799343,0.40174702940543433,0.2569469482422006
-0.18479327677240157,0.94756006399868531,1.0727084319211408,-0.18900107499922028
0.17673671675123229,0.1019483271510909,-0.53404443123565304,0.020043753620133671
0.088662490269988251,0.67226923850795128,0.74023823640948938,0.74393368253791048
0.069570919185067123,-0.045581787552872628,1.1192456995759672,-1.172304150310745
-0.19399910913796783,0.55282241902399942,0.93988417720828588,0.23255951701827987
4.3157799656614353,5.3363925967539165,-0.25011849305712208,0.2125994419316784
6.7167916945179025,0.64341429760456015,5.0713682892198308,0.24342163047827339
-0.87083216690038034,0.018476056377917827,4.0638543914112262,4.1727665289425806
0.59024641213199114,-0.60495191692179928,-0.1556802142347328,0.97976977589746217
-0.66470479625119061,-0.81514291533610761,4.6856163801490682,6.1467398336700914
3.8006644058911818,0.45714369282465994,5.5319460247264027,-0.42759107344242386
5.0904334981746917,-0.25383247667577336,4.5415050920542868,0.03490926060699346
1.2653808553160488,-0.49038820095019886,-0.39091020745884714,-0.24197146547005483
0.37751440370183947,0.41311648141396712,5.0535595999502227,4.8981997743968257
4.0174126747040555,0.23502974657695483,4.4680798724696569,-0.18514121492051847
4.604914571589612,-0.69182372201493714,3.9747569614875706,0.63964586454311678
4.5498150404532298,3.9926830693720428,0.2621435771787064,0.8125865789853155
-0.68707913731475678,-0.8867378808923525,3.9689559428423138,4.5891040701612473
0.61656796615289899,0.89696394558467141,-0.19863930430081403,0.73913620771609123
1.4868242530988598,0.2746373841154609,5.6826293704955813,5.135615906832161
-0.87198981859176217,-0.16296479912757128,0.23392184786290379,-0.24813545077839652
5.4933586672170973,0.3127644295453384,5.3490753517085228,0.033013951860389815
-0.63986879618971726,-0.056702925381745831,-0.60118049243694904,0.33869426270598685
0.65658403950892574,-0.90215163850911395,4.2382770862916113,5.0185525255108709
5.1323577093976143,0.5238301248917947,5.4947402794172113,1.5405377398457694
4.8300562456775129,0.56780154189853049,4.2685958648194706,0.16275891291281772
0.42603045206013668,-0.80501054694079999,5.797015834711253,4.1377573680582467
1.3262861198772651,0.84519626832062456,5.2158500938541366,4.6883229794406382
0.84723994537285208,-0.085703321605379426,0.028952676182568783,-0.21533500198871491
4.8820411519086662,-0.45529595434831333,5.186347096628328,-0.38705028942884201
0.45323074189173618,1.9487857602445486,4.2472316089611484,4.4562215902378801
4.3435394778815271,-0.10272700057375779,5.2886716977418535,0.031429232050276971
5.2581080144876893,3.9854556406155019,0.61625128237011462,0.63444924623014343
0.57632982694995272,0.05739544624563863,4.4303249299135778,3.4005695599455086
5.2754357137425929,5.366090366404503,-0.10532527404470732,0.33398747744485813
-0.35787323671069465,0.67037235738793066,-0.51053847942601094,0.55533224859955332
4.9729482756567531,5.2286923384233983,0.057585068733791676,0.40659784310654401
4.6510888431334543,-0.067716436316332881,4.7376220939280911,-0.46329867312635653
0.26571794227572115,-0.34622446434178356,0.58805189991883344,-0.86490556137283747
-0.18613841372628709,0.36328511036734085,4.2914345999122752,5.9305398320234941
-0.13369786084949328,-0.41571805148613222,-0.060636388700855193,0.6168054065336398
-0.37955207561523968,0.54146227419000659,5.0246360107771535,3.6940086337852662
0.64031411949118044,-0.22727386184407947,3.9119932235112902,4.061188786952191
0.20243755287882179,-1.2576804983914813,4.8476052900664772,4.3658522809149973
-0.57218739819271269,0.49819971629840976,-0.55204750225864052,-0.84541343768915478
0.15070414448214667,-0.16549019260620951,-0.39925528415333156,1.1899693383214391
4.6711107778713004,5.015320035275348,0.42725782160643283,0.84995141289993326
0.061941610561838778,0.96942627224875111,0.48112284922908521,0.21663470714961364
1.1196099030838029,-0.10450642998117295,4.2334847361899799,5.1591322848676899
4.3754037168289255,5.141747356580332,-0.058046034199712791,-0.15062027759818539
5.1319902722764539,5.0897037525371811,-0.9495481551983449,-0.46193936181541456
-0.85427694388124997,0.92135618780085593,0.50403302749012069,0.015918037529010193
5.3696104460182106,-0.18587180411943982,4.6652439235503707,1.3625581725769209
-0.86493790794844794,-0.48110034059889495,0.5923516133141159,-0.81310062397464922
-1.0210588937123464,-0.44388897453786497,4.2418787449087265,5.7481342329384795
0.33432777468045904,-1.2583665239087376,5.767320048528461,5.757102327841416
-0.45030667027672472,-1.1213591145197757,-0.36558818174596841,-0.075928327930117195
3.8174402325667165,5.7812060183133713,-0.48022882628140767,0.30748816513694965
4.2053219294364004,4.9679695511058757,-0.26722901932189563,-0.3105054744725928
0.64531973609963489,0.045726762339181978,4.3484985979303472,4.0935175609287535
0.10550105651100943,0.13834491580231278,-1.3172903997834451,0.61648349351910181
5.1247548795714222,0.72286933491321059,5.0072614330284475,0.25119890900501579
0.53592165952932025,-0.16609821996087107,1.0889196072324872,0.42544433890646227
5.119165949994958,4.89839188086499,0.056787938682229137,0.98992120375559167
-1.9087695388253554,0.56051735423903837,0.15915297377030235,-0.15085364268244836
0.011809916822541818,0.67522524252695526,6.022042212711189,5.299104867767702
-0.83650284282406151,0.58711938063585212,-0.15215303472278988,0.25504162464919355
4.4400584688956073,4.304793892249303,-0.52841856012755162,0.42602810485982157
-0.97742452888120346,0.1194446129826071,0.20368361202106036,0.14657457509457392
0.22145858346567249,-0.26835724762578606,4.9668756028288978,5.0894953573194117
6.3713938310178841,-0.27115259138431425,4.8129439270991057,-0.56205034285284683
5.2919269217490665,0.17134620373238393,5.1409931608207566,-0.65143978565808947
6.1592913324215557,5.9270285460531378,-0.17241006514233101,0.70344561779862458
-0.13927741363923737,-1.0309776118243741,-0.47132756980765544,-0.51389814983681603
-0.32246703398033089,-0.50320229614283318,-1.0268199281321511,0.13704005834231653
5.4716611420253294,-0.015481586072830573,4.419754309180405,-0.61781816911920118
-0.75142374613488372,-0.22966690510624047,4.5754217827806398,5.2432023244779575
-0.79449897290076554,0.51055849876160353,5.1660920074365642,6.2969166723230714
3.2190600960076194,4.8805267236653913,-0.14526066890992864,-0.88428492992246166
-1.335430906284425,-0.2860275786628988,4.5488188034976833,5.490919873692504
-0.26499250345714054,0.84805243064168401,4.2040231552967375,4.4121785807166356
0.074786477093697568,0.55951875419176611,0.021642577072424889,0.82436815363959859
4.7900016603924582,-0.60929809927317924,5.6816881597448354,-0.097964249587578586
-1.1420995815125126,-1.0657311780748215,4.5356040736087291,4.0278992104768996
4.3075733948209933,5.1405982899516065,0.71092755775726912,-0.56605631941352508
4.5264899153754383,6.4402917818371224,-0.38573059817252364,-0.12867043125851277
5.5396413669163627,4.7052146975980573,1.5059243935059563,0.038783839220531781
0.18962399944600741,-0.83079783703490728,4.7564727091078227,4.9288810286599523
4.5038076349022127,4.3559552348040746,0.57496334873421184,-0.9725525022166448
-0.96874232610426969,-0.79583624323489854,0.28482947843106121,-0.41635653873031436
4.9001407279472264,4.7920689634021469,-0.09185156888765128,-0.20067067513654682
3.9341648468642121,5.5811402359856821,-0.6479711722906405,0.60319622837441422
4.5998695908683231,0.1863169145315329,5.1613806219965896,-1.2026118397924712
-0.18477904175160501,0.61515407954800017,5.6112296243150634,4.4624236617104103
5.7335152491708028,0.70352406111053511,4.9243851942433583,-0.86809119061689677
0.5375173575836929,0.14380752136039301,-0.13684791716430508,0.9376308286280437
5.1223430378227413,0.21534678026598028,6.1276485232834883,-0.55003522051197018
-0.12959904733776062,-0.58287748562528241,-0.49236629036161456,1.4944780122827315
4.7071962068387672,5.3992212021259141,-0.17712257209725432,0.62760595406067943
0.36123138822612139,0.049381247688181654,-0.35388770114685586,1.1322296462526724
4.1635398718858427,4.5355055015029961,1.1006969761657397,-0.99178585978250722
4.7875017973331317,4.7950931545080158,0.59101382317843265,-0.11590220189239475
5.7386297467654828,0.12505116304594596,5.2081290776341085,1.4357141603947301
-0.48804349680901066,1.4525150244454927,-0.20300929133146542,0.34638084787326506
-0.91600330899299942,0.76870422120013837,5.7269584234775452,4.6908457187391139
5.0005478924114337,-0.54971913398738292,5.4577831890496871,-0.39668111282387492
0.17709474270271799,0.3926309616758249,0.23026047489255269,0.37195912210345733
6.0239225395227614,-0.52744070663106135,4.9254446325007999,-0.95046593874623619
-0.54449762411081581,0.34734885945088129,5.133492901701513,5.5490800511417753
4.6840317138211356,-0.74978025246672542,3.9255388666748239,-0.95660831822216275
0.7440051333013854,-0.85720432912230915,-1.5294249695421418,-0.38331088805185765
-0.16074109151322694,0.10900105897167325,0.36656798114059302,-0.20149655430948638
0.18254180963218261,0.55065044924105178,0.8590623631905504,0.16260567605639878
0.28218207340859491,-0.5561934797379593,-0.36918224041949382,0.64444471763269207
0.77171530460909721,0.56844000668529027,0.92302728807372936,0.60368959771378639
5.5501863560179618,0.7471210398589766,5.4213609123778967,-0.18812006315536214
4.9754164012220539,0.3942881752335789,5.869421854672753,-0.98032895962220035
-0.77349768402912999,0.67050516442312669,5.8631847056229143,6.0718590879378702
-0.047578421967671536,0.067246642231784851,-0.17411165007783713,-0.93232076607367231
0.44393688139148763,1.0476114150688118,0.31326261871421579,0.6537137532069931
5.7660561381702085,0.56719815528893247,5.0971880889803955,-0.29429432036595604
0.39907969026357082,0.12549562859588972,-0.52756898232408533,-0.14165983619459446
4.0863857872430387,4.6477377151053174,0.1794708622584878,1.3328413596703776
0.075733867011219244,0.10811115336525415,4.7515577819592947,5.0778786998943435
-0.6788292708005168,0.73812307595536175,0.52682505602722285,0.27106995251286181
-0.28645514124975974,0.397384653272778,5.2607206552832064,5.9904403872726144
-0.65908367668187018,-0.4091546783490197,0.059477300333339943,-0.36653273847497503
1.0244654198529786,-0.49192139687722158,5.8378442790529643,4.9096774913193366
-0.11046177575994186,0.32176836276845416,5.294180151263757,5.6377451536861578
1.1168557324201176,-0.58937354682263665,5.9705739664658841,5.2695746470517673
-1.0452282397586614,0.82345532897462848,3.6053703865967663,4.5027080612719583
4.5299255472229634,4.9726975106357783,0.4624338630275085,-0.40404504391738932
0.47716232538650061,0.11567060781716851,-0.90298565039790157,-0.42505159595892511
4.6806379940053908,3.6906635453656422,0.31764051848991287,0.3484437968968977
6.1914826056433387,5.7848578639837527,-0.54786626968989138,-0.20460780529645337
4.6089197506973605,4.7797895374884281,-0.065722232562803337,0.66909675998512819
3.7058227589170252,0.49617442343258344,5.1531662865570622,0.4025363427603747
4.9447835018451576,-1.230352752361483,5.8348486462690889,-0.59933466356159304
4.7615599298008053,0.32502868264676121,5.0057769811585739,0.2267317625909874
4.9170036184574801,0.21779341057182322,5.7732771042807478,-0.13414499414652098
-0.4954589995427115,-0.95494789466031849,5.4290117738434374,4.8802876142632714
4.5886030013018999,5.1036993666471693,-0.55328101309614341,0.032277063017244555
4.5243713188502541,4.2362218072330249,-0.29749036248516025,0.45205844849332483
4.7557975086428765,4.4792627442173618,-1.8662773547256744,0.14991028971575471
4.3107976331246123,0.37579266301176834,4.5843436471072989,-0.26646290229232517
5.6694562793280321,4.9366216153278693,0.17934070539557942,-0.030162094013672588
4.4723259330979976,4.8462071402337017,-0.041203779703561046,-0.28066750962283593
5.7675937625189686,4.5687605500447486,-0.5210279362171486,-1.5783463022388788
-0.87256635290829621,-1.2120822683754142,-0.40088573637230118,0.14770641379616994
5.5053372615161127,5.233767806915874,0.10164753722454406,-0.39874474989869707
4.6380709953123604,-1.4351953086411229,5.0435065249762596,-1.1900197453077863
0.078933016405523221,0.63753950890644429,3.6809803228718367,6.059830547051015
5.4586667340077515,0.10120543211820884,4.4474627528367989,0.47756390826270789
4.4497189000448456,5.0586513250468776,-0.043089470476110926,-0.25349913257734086
5.1424367090857821,-0.28453763976888441,5.5238318242615536,-0.78148857427620966
-0.026813439967235553,-1.2801754926383875,-1.2305260915252945,-1.1648084290976939
4.3288698178625102,0.28854095810780972,4.9562493662464959,1.0361101860023965
5.3460230136944036,0.18377081080191199,4.2229432696757199,0.61201143865527041
3.6189546739736933,4.7653138645104152,0.47634119862623692,0.15211708154856415
5.9264068305136917,5.1664668244511684,-0.26868891321785748,0.40311167913089235
0.71779274338167409,0.48530346327245122,-0.23644724857808025,-0.31939681036020334
-0.12100612791875363,0.28509593574873049,4.4976994151480563,5.1702582155458456
-0.25936294791157855,0.39257723227651287,4.0676686977928558,5.0300199082340082
5.2081691863341799,0.29404295126097757,4.230185143295154,-0.1751579484521289
4.7087732397324498,4.6261393047589436,-0.27108694421919532,0.46042651082272151
-0.11718364814085361,1.1615731089344774,5.3205443358281235,4.4974111803322776
5.1378784470295029,5.3352621437089081,0.21252360495572403,-0.090305188454787105
4.9432077451778911,5.2265839736010564,1.0576967664924171,-0.31178865503305059
1.0261197242910984,-0.19888024918917471,5.159604748703841,3.87520142720328
-0.20144940055270724,-1.026820835038059,-0.29695150183007935,0.23296561033613614
-0.52519489460120605,-0.14380294088060669,0.32668256132648404,0.95892489548703108
4.3204673049719116,-0.28346559298537521,4.7982071999474023,0.5910337669025465
-0.33961237963901419,-1.209564736447571,0.8050334903617643,0.73785305155479508
4.4153693581227662,0.47586881232128331,5.0437342667742957,-0.42931800038631124
0.56704940450775831,-0.043345815501741713,6.4126675847210155,4.9231705463025381
5.1486446631800131,0.82067310334961885,3.6380419638983286,0.45475708630083955
4.937195227740526,4.9127501914399403,-0.76359725848392423,-0.22971029639601415
5.0166570079422277,5.9060131019857849,0.4479035345227651,0.25845042821720271
4.4556341105956729,4.3040167710619848,0.37196146508587474,-1.2305327770096732
1.4105602512154778,-0.65728949332764297,4.9942354502653181,4.8164360539619757
0.48526183468862699,-0.19478334769038197,-1.2703569140444497,0.24259153832702371
5.4704842513080205,5.6650503695816399,-0.51369560650651724,1.4559441280733827
5.1021418944771995,-0.90097078051096513,5.6356370763155672,-0.21885350959151481
5.095518590918461,1.0592505543500739,5.6018618958437933,0.28683496994618285
5.4068108602480223,5.3423934185204178,-0.3242075416856639,0.50122721845249629
0.26062319975079057,0.33839524390699138,4.747813052300196,3.6627584271753841
0.46833265813845759,-0.48954929691681887,-0.94009839841014187,-0.40365691945561033
4.7332593449273901,5.1030268518817241,-0.063955105656745295,0.79752411588509908
5.7629098471073013,4.5662856468478683,0.24200116376408054,-0.4097955623360014
4.1159646635007396,4.8845245351579392,0.3590432098806644,0.2368559943444809
1.0956062838860932,-0.19320180990258085,6.2005339836403435,5.2822940781619909
4.9507036734690688,0.51132886141021161,5.8486151033784317,-0.41364565797039293
5.1242396943024344,-0.23661392228197603,5.5101572000952244,0.81262050690772936
4.9651046025544607,-0.37270084933915754,4.2582277110523297,0.023797091931244154
-0.50583120567252293,-0.0086487200220662901,5.0262799654730168,4.254318843807539
-0.27989236772341031,0.36254519548433539,5.4643798513291282,4.3833588022129861
5.9098694174569957,0.50874697734667917,4.4839911847822504,0.78952061844613364
1.2443768367777344,0.38923505806099512,-0.61239299043838746,0.39839997028960511
-0.6340480589562848,0.78244694565328798,4.0738118200442202,5.5722771138415039
0.21314927693601204,0.48964496777274497,4.9861409202720628,4.9603994418219273
4.6774239942108489,3.9922265007336106,-0.60168481493221482,1.015024690109948
5.0541898195150159,5.8537805602072002,-0.53225183630553152,0.27038750161460601
0.20912297076155231,0.58972410353357474,-0.30843310450069883,0.13539563555598477
-0.31051139705990699,-0.30856140529051007,4.9738278322798459,5.6690193686796775
0.17238078144916041,0.80079651116854811,5.1886549259115071,4.5687745251019845
1.0008449981074998,-0.96196770833330669,4.4879988106154762,5.1283673634052143
-0.64856203475188212,0.018805586079901678,4.8967395239672058,5.6144729423937632
4.7612893372265761,6.00495398233004,0.60034809212626317,0.98397138568416276
5.1783252898660432,5.3880643451123493,0.35624782195263627,0.79785815700943463
5.2240574355598639,0.31012329817804002,6.5179073095243831,-0.49888664087213008
0.040550688925811033,-1.1412641524778009,4.5032057057133112,4.5945441967217731
0.20798041829681729,-0.76125385104631682,5.0640637749868391,4.774019653819094
-0.098742823680351824,-0.52186231581323272,4.961804530311567,4.9560901393499508
5.1139896839514627,4.6576188800365941,1.1681579667673154,-0.13458532864554515
4.9587808189166402,0.99170185270850419,4.6797701604474762,0.63827630865921203
0.54987012461655926,-0.084547094985181689,-0.43565414255151408,0.18062837248344635
0.42632976885727236,-0.40593252380437322,0.54320839582938862,0.12147439567477851
-0.011453811675482565,-0.080615190984567875,0.71941147123263116,-0.63480274204571274
5.7878761238468632,5.7541818147265538,0.58299801762930414,-0.045599841428973956
0.10223169348270379,0.23199219160044543,-0.58179651320849102,-0.35862789068154494
5.3472899633202724,4.7803004455069251,-0.20534803405964344,-1.034078962114793
0.136742924998599,-1.3199031854282273,6.4611839979318368,5.2158041443921972
-0.36747591935839019,0.42433963474426056,3.8828424967629909,4.6867671727231945
5.4404180798183743,4.7883286411887624,1.0948245010641222,1.2380742824375719
3.8896988824813086,5.1492584782331789,0.48800777299477938,-0.30062916071943802
4.4188730961376601,-0.08124664008011348,4.6284964468958361,0.28080819324913381
5.3765758814301741,-0.13358939475531414,4.8276213439911091,0.88216233926182896
5.7441665776288655,5.2698714623623868,-0.59615158756191855,0.37503547559207662
4.09585816572182,5.1464120187744271,-0.22049818674542621,-0.44862155210322646
5.7095581362277334,5.0093883699389812,0.23681768859650268,-0.96397446563978317
-0.80051313561770032,1.0697591987909545,5.3915657423401822,5.4474125315636739
-0.3577921764094279,-0.58693274089418823,-1.1832455294464768,-0.47116679071180556
4.2023047009781713,0.29819907592572237,4.7854045074599938,-0.29665934381662368
4.8907319488296714,0.21944522082185641,4.805136797867946,0.0022942095269651934
0.02948312678239667,-0.40071464750403957,4.5692047281982093,4.8973679835577819
5.2472458589680473,4.0138132899567456,0.48550712484431785,0.67362666792537784
4.7465878721689405,5.2556718266236997,0.66454464850803208,-0.56740353837772162
-0.011792195840680007,0.39749946641940559,0.36442705839990747,0.15491616946794201
5.1818098552003029,0.43461660151409826,4.4649968210468414,0.62735272112890794
-0.58345340607305196,0.14269406463457165,5.0347659259826818,5.2743070578653688
-0.4206930321699528,0.22129714557228988,0.3433099118893852,-0.16937992131609464
0.82705914036425521,-0.021178197310009694,0.25054427340912333,-0.29769918316208932
3.2281176118497448,4.82229611982177,-0.75492732477981117,-0.10397856673734306
5.5735019378116446,0.44310427697611005,4.8355242894302775,-0.51306678175350218
5.6360205409523134,5.2569412011316237,-0.42147029615335097,1.4208820087634966
0.81057633959913711,1.2153433663459587,5.0262575687791138,4.6392588576296871
4.7590665552928044,-0.15183514002650808,4.9823570332548854,-0.22385467139718648
5.503992188112397,-0.75124456630835368,4.451420033976289,0.073534410552924076
5.1292635546370606,-0.28538325315446456,6.3935442641749738,-1.2914790717752092
4.6172136788250526,5.1738078843338853,0.84789186509322323,0.22440822175710012
0.33170878923041353,0.44794471496572269,5.7675490621438357,5.6805427065884828
5.2222104949944512,5.0626990601906936,-0.88921980011948476,1.4748842662619619
4.766585739480707,5.2442640190485905,0.59986560994782212,-1.0176937413990561
4.7239442908212528,0.18088893628493702,4.7267824792178406,0.6142002449189593
4.8404682839676383,0.52322333194112536,5.0490363870974049,0.090908108831495124
0.30086481799294135,1.1407204827670934,-1.541122235796746,0.99081918201110131
-0.031411696193768511,0.72062200653844644,-0.18250111437533323,-0.075038960272150887
-0.81130280608156269,0.2991970627138143,0.30912230015841791,1.0022712404854848
0.18514711806342751,0.19678959080616948,3.7572339773135548,3.4130849740625147
4.7798021577118091,-0.6221205910692934,4.9822834636751852,-0.55757755262104192
5.4564891539169693,5.376842144662354,-0.29213358880937501,0.61623321572951184
4.2747330251133135,4.166604490361193,1.1098068191498789,0.59651686369620427
-1.1451340392142677,-0.29810550378257228,-0.079528161739407882,-0.23457233971251809
-0.29864963161492236,1.2387745173015579,-0.2311369216808398,-0.14403150530528669
4.6177732936217923,4.6993435422612357,0.18363929212730057,-0.066574992290085455
5.4057391592182933,5.3125538159690393,-0.57960920767656754,0.983611939357388
-1.1216466181547982,0.32633598751715398,5.2339305815216299,4.2020419232701949
4.358868508246486,-0.27415188319510364,5.1791878127599063,-0.039759450464830821
-0.075603249560613664,-0.3788223994501716,-1.1938360077578529,-0.12310296080742729
-0.4417706510571992,0.53312122850500376,-0.16443804571467949,1.0012438795631986
-0.11474508551069305,1.1129883543325148,-0.34018817222675335,0.083396066299538274
-0.71898015803082127,0.10666938639540398,4.7236386971580195,5.0258193327744669
-0.49455277110364604,-0.51432444375419495,-0.39486413046328944,-0.34614595691303246
-0.55171960270474096,-0.0014822184058047262,0.79444022217776544,-0.98367627452902617
-1.0463210062331414,-1.3119274489076067,4.6324070659382279,5.0361914103187484
5.2298224545570609,4.5594593249184587,0.36915907791180819,-0.39011172487890811
-0.32464165395740735,0.6917249669324641,5.6774746652921637,4.0297669026178315
-0.33356465870090735,-0.87462211213298435,-0.39655771962071107,-0.033376418248853117
5.6653751187665087,5.0474798106636625,-0.11213656487904905,-0.26388300567248463
0.4006461569020594,1.2575861093505771,-1.2532410413105517,-0.013250599268268775
-0.41620742181718967,-0.65820506218540753,5.1875406293599298,5.1524215954128847
5.5279956828271892,4.6273070549525892,-0.59808826294440964,0.22623882531111392
-0.22738401431311214,-0.080686598255956851,5.5232571510165904,4.8057468433283237
-0.25874917956222654,0.67589237377839828,0.18259304738890489,0.63672283272213748
5.0998668198092094,4.704302610416712,0.33468046178910427,1.3872546608659257
5.0843117628000751,4.4212997684268283,0.52113277195682106,-0.47848017072131332
4.9354722364069685,-0.16153914506711611,4.9387189201464805,0.068726189561056236
-0.15119256558691166,-0.33970631974679294,0.11383530406425821,0.80598844936939196
0.24001223066841579,0.2021456386501638,0.34485942617051712,0.68916708191202181
5.5965021381752802,-0.080428595178831691,4.8311064211877763,0.51033539587138921
4.7636758460269428,4.8594006986265113,-0.33420407132283036,-0.81249796279029984
5.8710573652281566,4.2876577210334856,0.50405594168491252,-0.087797570349835125
-0.50099827774418737,1.0386303140857402,5.0166831718213389,4.5394931026364613
1.2008742920097621,-0.55954738570754814,0.4482382228225138,-1.3459197619888632
0.49217581441138403,-1.093034415166442,5.2268663188322808,3.6200934346542337
4.7830847850927531,4.6730406149175483,-0.27135197607040223,0.67097809091654326
3.7246089080599822,-0.61650690300446809,4.9312116493094784,0.96045869229114733
4.7611703318712442,0.79015043771792592,5.2095612683723953,-0.23383500759946355
4.7914412460855988,-0.06492497772060625,4.9439031646030225,-1.202307430072991
0.86697138529999973,-0.48292886284186137,-0.32027690709321821,0.83463384563260734
5.2257416443392781,0.17184085609828043,4.026223492118473,-0.59950333466880001
3.9073306807553148,5.2259369872001651,0.51888064503324138,0.089786971850761718
5.1636123626692871,0.61073623434865487,4.479138912296964,0.6158626106470787
4.4343153593010474,-0.35309619967615419,4.7431702043719994,-0.073609961410620386
3.9794641386611662,-0.72919429278936243,4.797784838669342,0.94874349808610003
5.5514220579375797,0.58992003496324863,5.2522036756817947,-0.52916183349380741
0.36102342945020449,0.031629214716473668,-0.056043791627675851,-0.75735620751336652
-0.24001363453340502,-0.19199765572704883,-0.22267802932083183,0.40053552224055261
0.86248300831724367,0.19160119800524922,4.5408461450878042,4.4589594187451693
4.812676777841923,4.9721292827336816,0.4401426798878198,0.40141591142105765
-1.0112306368292512,-0.29086548646861055,5.058316453609728,4.8914583733283887
0.54657125464349587,-0.3107984250126164,6.4921023809912564,5.2281521931582402
-0.40500049714592712,-0.12164840892292275,3.7935926034215752,3.7160176657897672
5.0823869399887762,4.7877998929227035,0.96664752932963693,0.29378741533123764
-0.55394507849172481,0.080773200930114961,4.4966006194867338,4.4685716568158798
4.2173241507561929,5.6111451717144938,-0.15907733311987951,-0.79814599080346227
0.26485957516472142,-0.55802092247268209,5.4337905190272657,5.1858913741767143
-0.53921221837590982,0.65442031725572236,5.3827102013159696,5.321250958223561
-0.32494325985058337,0.27528659829198915,5.1690900066296201,5.2910994120446126
0.43444914183705585,-0.52251783211633296,4.7658855583052384,4.6427561197997731
-1.5374272960675086,-0.20615345112016159,-0.37635771779566601,-0.046422970755118968
4.4376693952848925,0.66081994311686565,6.673089600256727,0.43923804737483124
0.91773638894183551,0.82781311709335059,3.1950872059322233,4.5824606807715433
-0.0032316828535787303,0.17157121197719497,5.2266526320938045,6.1415787246771076
-1.0099102142160954,-0.11257877912963442,0.25237584712806671,0.35987628827344081
-0.029651268014958848,-1.1110357650147247,4.9580162533210075,5.4173234484756314
5.0272958653686635,-1.09906551251717,5.0968148454840234,-0.50670135410405903
4.5344778303188207,5.360613973865008,0.24045311536798533,-1.1924511532287085
4.5887971362548576,0.16261718020742469,5.1936680639168538,0.083792895891424649
-0.023414900612388174,0.5523508669172138,0.27193519359074653,0.17692070576537774
0.50384572220549084,0.926166107882756,1.1287662053102721,0.62443369513638314
-0.50484481022625227,0.68087724647787617,4.2422731109213494,5.3156283239220929
0.4297369656968506,-0.25306293224314474,4.9483665155563319,5.0186421140023585
3.8795206082253744,5.5753849057137845,-0.19823113406808227,-0.25189577680213643
1.1945140318246703,-0.31312266807232686,0.088801111536052024,-0.28052582459841152
5.4626518975160057,5.4803674213725566,-0.030021059212961512,0.33684385358676683
-0.3735588648074597,0.86354300878868784,-0.67022127608901794,-0.48282931033376308
-0.062156730215458485,0.033306839931937685,4.7781248211130594,5.1098106100930574
-0.73952299234788166,0.50216317738274752,0.15273113221380699,0.66342861040123358
4.4402552823360564,4.4354109528924841,-0.041259439405842431,-0.56843187399875617
0.17851110871588213,0.0060068697667153143,5.3628191019897464,5.2052001671114958
-1.2387155762693189,-0.51938848699769025,5.4338111812614729,5.646932727032512
0.40634953349462982,0.097259639982107862,-0.29835138255169447,-1.1397508695133622
5.5018298347486221,-0.36127998104943876,4.4704790154484275,-0.67753304344224397
0.073346325894252537,-0.21029773905612525,4.7422486731074436,6.0472905171927369
4.5270502176862477,4.7129275813646725,-0.14942649902660518,0.99840549921273547
5.3801822093833467,-0.18752811371411401,4.2108581410956401,0.33598692375291678
4.8780239010916171,4.5329892548565471,-0.84296057688377768,-0.055088565450191265
1.0654650075515948,-0.39571795940618965,-0.66995178047425996,0.89380948162659213
5.3020124898067316,-0.15445938755515162,5.6311144373880335,0.11472606392675508
6.1159674162186723,5.7004256029938585,0.40336057199672176,-0.17335496365026229
-0.36569582734218042,0.75985152463817596,0.54216598339466227,-0.19137022643755908
5.6918331934926627,-0.017965556979382066,4.7491943794662017,-0.08226174864249243
0.58160949435502918,0.37573604208678835,-0.61068850578565426,1.1770855597716645
5.3823818942445589,0.68620697340444292,5.1140121590274994,-0.37675839195215011
6.0633006155051037,4.5502711681810695,0.72579285507129354,0.66249260074366756
5.7069863387732065,-0.16057663786482379,4.8553360141967712,0.58867301346223688
5.660421581696804,5.2766311778332993,0.20453403543223636,-1.0964104963468086
0.82616884551284986,0.38373849199441318,5.1591480429973817,5.3622954700408112
4.5696407759300639,-0.14329003287524686,5.5288704530155979,0.89702076787816853
0.41310764254676707,0.15957018479391927,-0.17576739173046974,0.11132296159590074
0.76086087407046987,0.049157525929005304,5.1717007093402954,5.3843551095646074
3.8767467329333489,4.7193859586017002,-0.32171966512108058,-1.2288082949379091
0.74884976887613408,-1.3260130626355324,0.31972608803575409,-0.042529581264974962
4.3536197543332866,0.38157788056177799,4.5497939195426298,0.35579012180709829
4.1154982600058885,0.41361013423608922,5.0668149048131585,-0.049631260580257699
4.938343248293724,5.5058836455694884,0.73911261842092613,-0.28420203410081291
-1.0289196883822862,-0.13255720935426668,-0.079579666645210059,-0.92669668067981015
4.5353590176719205,1.0392729050966829,6.2987237125017739,0.11795176229348184
0.50853238073381712,0.50711732694732337,-0.1867235266764749,0.53288474638857797
0.049941141994220166,0.74625569681594228,0.31658612570776934,-0.086016743055679482
5.7710509811499406,0.033515664195228674,4.2231777705092011,0.86454773215784775
0.16562695077214329,-1.7640834468818591,4.9249469802502945,4.5809329678162269
3.973314352745545,0.60151822764741769,4.1807305774132031,-0.048002195507675621
4.3102699870737986,-0.41134385759153053,4.5499976950125038,-0.90928763316338335
0.095871791784708574,-0.59499024998577321,4.2628929839002456,5.0251202668653105
4.7436723878508644,-0.25272047159973193,3.9720939508387181,0.15387483903293245
0.54420132234540408,1.0814613250257146,4.7992197656235911,4.9112000582057265
0.090539377698503523,-1.334761496742741,-1.102293167588875,-0.60504786616190964
-0.66571635809312424,-0.3692315736269593,-0.17632867119391549,-0.14069440624030868
-0.32928523868380316,0.74817577269790991,0.6156787981782389,-0.2706363767858645
0.61127307300025802,-0.26855736892456356,0.10601160271250389,-0.47096511169197175
-0.5672472481969244,0.73063685837111303,-0.58380089628825782,0.037816303256532437
4.0998104881539428,5.7415570078184954,-0.58409118817680883,-0.2395970285943344
0.33909843783550397,1.1768834475950642,5.4537343137828387,4.4057693305939383
0.10964326075484661,0.52126054132734267,3.8523851109243021,5.6085257060619114
-0.47803684914499545,-1.0223215326082984,-0.040970836382186751,-0.13973083405915576
4.9722881089702824,-1.1986688622144019,4.0859875982955032,0.40557282573239711
0.092176046900838027,-1.3459443659455643,0.061750056227648023,-0.38576010220098006
-0.45997464862104809,-0.7159101975435086,4.0149509676649027,4.623626592757895
0.21885199940322056,-1.2940718555619231,5.208465581814246,4.0945099110664938
4.5838886182050027,4.7794485241198075,-0.67190630658787676,0.37518740285245605
4.7941063087643645,-0.76681288750021326,5.2429811849293904,0.41261844749268228
0.44570960276046073,-1.1893636064071784,5.7395264889229605,4.4684609870816736
-0.17132262477668256,-0.74259995402258827,4.0630735719259707,6.1777757764726369
-1.0019302054078565,-0.3245353050572804,4.4899792056742927,4.31091202020436
4.8413659751268003,-0.1315548493038608,4.2980793301681555,-0.3070979524806346
3.9800273622342375,4.2205387683264748,0.10775689464257207,0.50244507687229212
-0.31609968819633644,0.86982792197423242,0.58336295432062357,-0.24012321716868529
-0.38220947810667399,-0.11805206233321988,0.096189954169790079,-0.37883122073652165
6.904711870568045,5.5347598493055834,1.9798030875447785,1.3772975263456129
0.29472335392408555,0.41463323894170434,-0.060676660147780358,0.85814186028560813
0.2652096952390442,0.53240249706304321,5.0913002703502928,5.8677639620174462
0.12011890994561999,-0.064471644683673585,-0.090229188711743458,1.5950168311188242
4.6824828728490795,0.0062810728226119598,5.3699270655451095,0.5144746410973231
-1.6063013129222685,-0.71813471579909782,-0.08665235549228692,0.57148311295442467
6.0876271587782629,0.43929133237543461,4.8501687281920027,-0.90304616948937899
-0.3097502320070466,-0.69169282074390004,4.705186479582685,4.4381099481367663
4.4827749117587956,0.32163336443340779,4.5295998041892949,0.09520444814244243
-0.37798138205645648,-0.18264679635138967,5.8047243517740332,4.2159333330768902
5.6449774771201398,-1.0140117979531136,5.3704837758037636,-0.52039618703454293
0.44741391240137307,-0.32788606070569332,5.8198928616086683,4.0831405854121225
0.79295148213113142,0.27285884465365962,4.698259823567045,5.210375227237166
5.1676814847843975,-0.3897206859836887,5.1762088520866785,0.51613263549937027
-0.069003747328911277,0.44813898540183933,0.22445502591947111,-1.37720881649416
-0.15014075254371248,-0.59407787646981591,4.0182095813941618,5.3539932950058953
-0.93430457983273563,-0.045988413804501554,0.5895425824129481,0.99433970272238303
0.15575727920555391,-0.99723973869719129,0.032666663102503726,0.24695660409919717
4.7975753734758522,-0.38992276692930411,5.296802546131322,0.09728389230409519
4.7702208979694376,-0.5173205905753463,5.3843312451831915,-0.73341785417010652
0.63161535641971889,-0.34497638922377016,0.10898166691204818,-0.4546036122815762
5.7267280841232759,4.8466931721009798,-0.8682665996929988,-0.39233048811345328
6.4722169233330984,5.1826389222740277,0.40401203748632186,-0.12714457106603594
0.27895640205255262,-0.36992680866937017,5.4164857050022954,4.9759235700042899
-0.056909884951798287,0.41681039848159662,4.888260439202857,4.6446875661040155
4.4550011155086953,4.4568843079231781,0.45045001994774969,0.32608004143989261
-0.020001961976093916,0.27464915174122034,0.027011016737785654,-0.37985692662105452
1.0323583478436258,-0.31220666315960105,3.9990447925031716,5.0415180196672376
4.8582490258034703,6.1372065333927166,0.37906661770859823,-0.0085092310128291326
6.0252191847953425,-0.045392616010653287,5.1960003342453511,-1.0021779046745558
4.8663459202726465,5.4296126217139413,0.65536214355688627,0.21735138840028417
5.1261981098737284,0.50389214715677466,4.2741784770885376,0.14592496781932801
6.4885522303153316,-0.2998566733709227,4.5587457691993798,-0.77796356544839884
5.0162989054324596,0.34470160155636598,4.2048520872385362,0.061038064802612389
4.1283768959278744,-0.52713770798034343,4.5578976738216204,0.67750955574087079
-0.40418568445016817,0.68113181164595171,5.3863679831310485,5.547364599216043
4.3658501991617893,5.5196244919435253,0.51092962255291341,0.55515324997719484
5.0539021094648007,4.9710291324423785,-0.17295047203864242,-0.0012692318821522603
-0.3433737016959067,-0.19157639938593726,4.6161253775244653,5.0890398424463026
0.22682366319399044,-0.88144746044204092,4.3370248859634355,6.1724450094322361
5.9742929077242426,0.18461364005666672,6.1003231807375418,-0.37179699304133601
-0.58577613720705735,0.48112766758166975,5.587087374984117,4.5143381522998487
-0.60502469864741926,-0.62816594033785,4.3368045425702437,5.3172606937719396
-0.15383970742245934,0.39612894042617391,5.0887610228932232,5.2949487441848184
5.5296900439472161,0.44304387617345475,4.860873726192307,-0.18074544102829457
0.22561627410220875,1.0905686278699533,5.0126965134482679,4.323770606219683
5.0626705330721817,4.503324622035942,0.21935224605462317,-0.081451763571817687
5.9430496566497393,5.2314514183659089,1.3121986204132774,0.94672449544637693
4.8388154010871132,3.7054315685342574,0.64413637440568128,0.63551231591970347
1.1091131316496687,0.071780022607488295,5.2380146464172901,5.1407232744016023
-0.9063578821573407,0.4192902869233181,4.440843867057664,4.7150643482481822
5.168636737216425,5.7669431348321174,0.94692709116459173,-0.62390768005685204
0.54257607919202411,-0.67391733007677346,5.3795509462751223,4.9997586766529256
0.68319445657679312,0.32603754082560998,0.18503881319804896,0.030435911700970351
4.1285971137846031,4.9769876680431357,-0.2109974688622947,0.39059430722183375
4.6241880070747312,5.2402703718932182,-0.89078682442797197,0.84166658907558134
3.840754654413856,5.6521280355571051,0.54532395334772577,0.38027739378658099
-0.14343695418696278,0.034471855336603525,4.912479144948346,5.2674537404170803
-0.30016290026007636,1.0114891160256476,0.67885333130656644,0.50426491750577673
0.59248303822146509,-0.48381756247842167,0.64957845682973203,-0.7897912093647842
0.24925273634547246,0.80053466322461375,-0.040347763693652589,1.561059961874127
4.8223302085086326,5.6771111677863333,-0.26636765044328525,-0.56295447488811401
5.8173330435473289,-0.97449617937427502,5.8572447693937022,-0.34840733069669677
4.9134221229687611,4.799633747004596,0.36592741831567965,0.9140122084841853
0.78943672532668618,-0.72690939146425515,5.1322352174941006,4.5123557561279393
0.39996645986707052,0.61201455366095625,5.7791515042857124,3.8032580502698328
0.39681826559567251,1.0534849104391812,1.1853200539055786,-0.23470271226925324
5.5440322235485677,-1.8224119809422588,4.1483650507573371,0.14131906681325349
-0.3723596755766328,1.3109884898900295,0.2209514755073114,0.60737586014022582
4.153054227904013,0.085060128114978331,5.6411516145069633,-0.93998022814195781
0.48614657213519447,0.08241258490252347,4.6105305171575228,5.1421856444048268
4.2194011980539816,4.1628243509392426,-0.31263178209577785,0.61310780432003809
-0.54216708107315503,0.077582808635162689,-0.79592741871983619,-0.24396324610346248
4.8687539212106978,-0.36095866299020773,4.9588284934634723,-0.079162517483165287
0.33875279830855431,0.60364006062038966,4.6144008841301636,4.7944235384454243
0.36555383506294925,-0.81609564695794845,4.290102638740187,4.5642787683272008
-1.1016125212725971,-0.62937486655125841,6.0385222140302721,4.3006376561744162
0.14648796580083956,0.29909748167524647,4.2747625599547918,5.0513574488004203
-1.0628171002949423,-0.054097909850953002,5.0319838732379658,5.3462353475921667
1.3503661616710709,-0.18084395223405089,0.054804044752065711,-0.19954182485132083
-0.5658053122756489,-0.63426816667467223,5.3338548413965734,5.6497814279985565
1.0121336737177171,0.26092934841706994,4.3334834540457665,5.0763144835526752
-0.203287155860014,-0.33899799490364385,5.1931475804121172,4.4204744641222558
5.3724281549132984,4.8616729180001572,1.3969339884486727,0.97647958696999237
4.5183673478855617,5.1595876477606808,0.89308679198284679,-0.64754070199825264
0.069956329913312049,1.0193984744875253,-0.43424193642309722,0.10507972758447913
5.3648404352538686,4.9947721188552476,-0.16968388546322014,-0.5494697139442245
5.9167651012732323,4.3343737969945124,0.17996656785163651,0.19804217592441573
4.623754403649265,4.75510288748732,0.43222839651292022,-0.19172098264534201
-0.93856004758738965,-0.61067580451038017,0.2475868684878324,-0.58928655157490339
4.264650800705966,0.31697900950111474,4.8807762540006552,-0.34941274550921192
5.0755802990684682,-0.47359041698391385,5.471394368388439,1.3971212204412204
5.1555984926387621,-0.23646105198888637,4.6706094412309884,0.22766478289561545
-0.16517190529951697,0.016493830706384226,0.073961706282487799,-0.55190605694316497
5.0298603293057811,-0.3841173148435903,5.1963980205462361,-0.25320999109256515
-0.18641863497044261,-0.07298280656968413,5.0415405470447991,4.5948226969225336
4.7471387312718392,-0.44701013071053947,5.5114799577808462,-0.27510679033755836
1.3477246770677227,0.12973147186328804,4.5546267819653172,4.3785623343139237
5.0519944237954952,6.0443417494349312,-0.36408113044476953,0.45297080435098708
0.73410832528532444,-0.20379494915695429,5.1536640221150467,5.4168027626895814
1.5709396919470231,0.34685332464516189,-0.27477355912969181,0.52007316175152873
-0.79522858635235827,-0.74454515539100308,5.3679538885136964,6.616030818491093
4.9173447066952045,4.898901212035045,-0.73965320794787159,-0.37667573964408735
4.9983986092967667,-0.26489631277148618,4.8173174365151246,-0.89556992584151962
0.72354567011063142,0.3262687138534423,3.8708636221023536,5.4948482273591219
-0.19706944541881383,0.051889677018782027,6.1250998251162923,5.4130518312772153
0.18857134038574358,0.017451024234669439,0.17225182787549348,0.055486250982942971
0.1088791522224213,1.0566124075782133,0.11633785437103263,-0.063373005006644362
0.22487045522207411,-0.15193027048126487,4.7557813865200398,4.5247196703133454
-0.38551511860955245,0.085125898463063732,-0.15892618801574693,0.013341216309365156
6.5452719911869446,5.0340833124155893,-1.0748162594365822,-0.22741598647035649
-0.68441430733334541,-0.20134405298195032,4.9527316813830051,6.5607539812638533
-0.18584827380348917,0.53636494633486598,4.7878504445079333,5.6464922394739485
5.249745828315505,0.47162301545008156,5.2593553117109968,0.33646760073005616
5.2589183424202934,1.1802608347475767,4.6514421050213919,0.56114882692442414
4.2985178563795383,5.0674298840297309,0.20221258859455415,-0.95730036435520138
-0.090103434823748343,0.17959085428107482,0.15456982696892929,-0.27932707290406034
-0.83947327082781209,0.2226655863866,6.001669384237279,5.6442244553826129
5.5504035282098334,6.1092756638166783,0.29911487701609668,0.13820453215866904
-0.55177532740492019,-0.30019985278534012,5.5847781502867182,4.4979677799836413
-0.67571613698258293,0.03640164608846011,5.3532919094123681,5.8021831500755656
4.99649897668316,-0.037246858315352516,4.5635162123152222,-0.53093538241935123
4.2463202110513869,4.4636198092375432,-0.32757018575407715,1.364629831066154
5.1276748844152458,5.0768255220550946,-0.1153172635760645,-0.067320082103484058
4.6666282223181934,4.3009934224078368,-0.73743036761030334,-1.9346779076497964
4.6230139465739173,-0.5447008194710623,5.6120193059884027,0.21634356815480157
4.0429991279575894,5.0516607531226505,-0.040090626576620179,-0.23396201424172325
3.5141297032864625,0.88152228791371978,5.0367162216686028,-0.098531659294073565
5.6661772470481102,0.3922720437584124,5.1483544564508144,0.36336006130312271
6.0563105567456139,1.0343494575633485,5.7295361254641239,0.47249987594344239
0.75389984789936604,-0.5142958134420319,4.7993094961921132,5.9874982083351753
-0.048920338811785744,0.74819065664663209,4.3974120854374164,4.9756106340106916
0.088362950798130543,1.0007673014835001,0.35582547433847761,-1.3552836084525952
5.2127585357254249,-0.59518628898888792,4.3402426338994156,1.2421659024987353
4.797715337983381,3.8150804548504942,-0.10090494197145732,-0.39702907094023532
0.29559237099388863,-0.16202315572663795,5.042640878524745,4.8140179082900074
0.49792007615032347,0.3661007478425492,-0.99414655275163877,-0.75223318370832182
5.5685669237619253,0.20659309400983805,4.9724128935074283,0.74056868701997713
5.6992573006796148,0.42220847041984494,5.6661882049532224,-0.16276899423862437
4.7473001802257428,4.170725888872675,0.37132891053720063,-0.64685937002649274
5.2007616538621937,4.6124533067799396,0.34435378186053772,-0.57247132798864653
-0.0637335929839037,0.75278785214884825,-0.035552609594200639,0.55071295796077069
-0.77225189173088638,0.056132978879415443,0.26445267403925116,0.082208826303379265
-0.54483591602997128,-0.040681987629027548,-0.28169989676797624,0.29606571180114966
4.8296385507925992,0.17073942601821282,5.8674237191587366,0.018872327984890518
0.15995547503950952,0.62100937904699816,4.8861609539502462,5.2159586978906596
0.73459158537436764,-1.2818263108519732,1.0314485830231226,0.030287903184388464
5.492915316095436,4.0419896003939195,-1.208515244845324,-1.4117463783342943
4.2513399246427905,0.45976610856233624,4.7206284673506964,-0.36552487975137155
0.36076500831501807,1.0825805756663807,0.15913337665887717,0.096760007921316657
-0.54525132967743062,-0.067310476979620823,1.1887374857664113,0.41689715081581719
5.5402069326483776,4.6919125737762482,-0.54779890666487596,0.49326706019246802
4.4276770916323436,-0.020264691813566056,5.1483323623496453,0.019313741671907768
-0.74453502864774335,-0.43537468091760662,-0.41117085693655259,-0.41043165103865509
5.0489300574810345,4.4971627389579414,-0.43015620760764761,1.3058768285921083
-0.48784614686985961,-0.74653376992452058,5.6160367916382796,4.8689594286914524
0.63887079528108892,0.27601240382223674,-0.062563680850021341,0.26911769472326574
-0.62941153109756764,0.072790337088897039,4.3096425543096899,4.8566959560742688
0.30960559510044755,-0.60663808595889368,0.092487801663003286,0.52173097885284059
5.5914481906510174,4.8949918123056122,0.24747832080988891,0.52537875651388333
-0.21099418678923573,0.28207910569407213,4.5714521161013799,4.3406158527329577
5.2710495370830488,-0.49298578110871433,4.8217173842496868,0.027826480480357307
-0.35614330723855914,-0.67073931364697281,5.821140218343249,5.1302347637163699
-0.68189716095127006,0.080824193688994198,-0.11694775147691083,-0.44260049109171379
-1.4009830687630871,0.30514849808689043,3.4065778826505957,4.7888575333628971
-0.55595835577853103,-0.56314607411647855,5.4943871529262056,4.533985645593873
5.237102960895756,3.8665610139518778,-0.39194957925503671,-0.59739586290076796
0.044502840329634814,0.28929829557475695,5.034255602032613,4.9749498261746625
4.3661039998381757,-0.31690360624125519,5.3448368592203579,0.69891337224236272
-0.046532702111038014,1.0191339142788554,-1.3877023083716458,-0.50960213379463581
3.5503818547240589,0.066296647734872677,6.0265381442494608,-0.48057463996140548
0.48571192708963118,0.63626240913492749,1.1661963886985225,1.3393353576009988
-0.52184991197654651,0.2412289107038241,4.4883833100271193,4.5597505451594502
-0.075046465106116414,-0.049129173563252394,0.57884154936534515,0.1599913565081417
0.24669097127072431,0.6853597883764887,1.6448397612019034,-0.68941134089599776
-0.51026118302806023,0.39001455950256653,-0.64134222780411743,0.58403745796912887
5.879930642725042,4.9705119580039723,0.4772755296457809,0.21458228985113939
5.1841271259258264,0.70580565729738864,4.4049606265112935,0.44976477083595795
5.2578084996800314,0.88657599475770987,4.6343438399905743,-0.16379999887974658
0.48622623884879324,0.18201426521815123,-0.22026639974671353,-1.5560698660900261
0.55270374667451949,0.56799854229539437,4.8934850294280592,5.3305368780239082
5.3268847299168147,4.4788914838091074,0.92310649332259431,0.95338122789337509
1.4217570141318137,0.4772751556718331,5.6934302235464713,4.8494172707831664
4.6381434431846538,5.1485973351104555,0.63577920469475335,0.44070345206695405
5.9365037760500003,5.8128778411555082,0.27244137496497844,-0.62223756750343973
-0.81230168878954478,0.060775502013263719,5.5589679094623587,5.5217586757568933
4.6951972393541945,0.0063835539019466139,4.8934728628040025,-0.45197943301621496
-0.28698667945138728,-0.77704289804634519,-0.3087061393418033,-0.32126731460251395
-0.53890216933894375,0.48426290415660062,4.4398342621493949,4.6101310885901912
5.0649647142475187,5.3142173447521852,-0.55238498189951657,0.22044830283361586
0.38992773756560278,0.050949454624464312,0.53351771728255959,0.021710108226106757
-0.49228403564520395,0.13659021658311621,4.7049058788215463,4.8857535574071331
0.21585691713454885,-0.110890785669837,-0.71589327490499177,-0.87038920978708323
0.37999495706278913,0.0016744835737390214,5.9710591520360126,4.829267336808039
0.058689551319321367,0.53409621961386,5.9537599804812711,5.2036788227298887
-0.48071025356999525,0.56327498461042202,0.69689998906704553,0.84469897020448625
-0.6613758920203977,-0.50426550567214889,-0.051851843325367963,0.63674938211859378
4.4890057924565951,-0.6895080956753934,4.0065398518828941,0.30258847366218805
5.3116509038288013,5.3251052634850069,0.55982348019938066,0.27506345781233682
1.0693893679774378,-0.69565481752032154,0.08857254645405109,-0.10212601872474307
-0.3600162061297083,-0.029525553776631696,4.6150303568846116,4.4748802434381192
0.88321729123324544,0.21306020077322166,5.0402673749634239,5.1894743303431037
-0.62252826725061428,0.29639432154576528,-0.22182007445526927,-0.49194352058344515
-0.34286960627321916,0.20178549577977065,5.623747118747473,4.9234212459674609
-0.046073466260941325,0.047459173165008646,-0.79930262721368683,1.063770364382258
-0.25798342828453336,0.31008758503071754,5.7395616814046866,4.2680838099727989
0.10700709095372518,0.69305138707105984,4.7842288774415378,4.5232664297391949
5.5009528047002352,5.0685709638877903,0.38888669143454652,0.29711424754891608
5.6279904541011172,0.26388219834854093,4.5523581588166993,0.48734389972054426
0.45749762265427096,0.13491568959364308,5.3945950684520962,4.3138826142441538
-0.90331120517983454,0.77974794668284286,4.0389246493833051,5.4606766877305786
4.6455743530628313,0.84508648971296763,4.3631704789945598,0.19720611572273497
-0.21203065085275385,-0.41924559172820597,0.79372233438677875,0.38500148504398896
0.41596674696968411,1.1889809910365368,-1.5545894034712142,0.31445416640218221
-0.93952367098351441,0.60915564488456031,0.41466562100371335,0.59514972665861421
-0.40673839611062579,-0.12291874165513367,0.0081235008461069871,-0.50752400711238244
5.3991295990466188,4.3440070961344377,-0.73665759598494152,0.87354847150185355
5.5731470250841939,0.1596684087927141,4.6683892930966016,0.39513554097108766
0.17460268240421192,1.1823267139796845,0.15679582255125996,0.52073242252689389
1.0107143907490668,0.17992963994500322,-0.10475624856169327,0.50497338405656511
-1.4484989172473632,-0.36393203157746618,5.2676715064913058,5.0534091900326406
5.1379385801723245,0.2503520096723108,5.2450593708604396,-0.16324803179408864
-0.040826747480754801,-0.3416422076402762,6.358148387828729,5.5579664457836948
4.398958967616573,-0.27504887221678925,4.7113938639725479,-0.30530728474377228
-0.33600927785481871,-0.17570115979929915,5.3423596022994797,5.012568243716105
0.14434081631016271,0.80011179198316396,-0.13394547326664677,0.27609588203752689
0.72836490871132054,-0.49612590895896358,-0.80215326544939147,-0.26376938637483327
0.15141509109841586,-0.42352664452215055,5.2389886167313957,6.1695195834548819
5.3914484628154309,1.2351986643313018,4.0013056485822034,-0.23724414506839231
-0.55733558697601604,0.14111189787431569,0.45713767877787442,0.97797401365797165
4.7331836294560254,0.13431512095215925,5.0485453674222169,0.30433812328141779
-0.023605311254260544,-0.36050370944883153,0.37936224856265882,-0.013272209011820482
0.08584803429612553,-0.28978869586824685,-0.54226522917007114,-1.0001762944129331
0.31751998732609871,-0.61725535325875802,-0.20614758161006366,-0.80030525796962304
-0.1113350929908006,0.51269936295098018,-0.61153640920570629,0.55053529423196357
5.4600050351727463,0.68393225816210179,5.6216180726907607,0.14354171389672338
0.15859380958925948,0.096955444845882727,4.1273178235607437,3.5188443378335643
4.1865066342027184,5.6908240946434638,0.49805330682953297,-0.19390758860044829
0.21544292899301506,0.20993626514586147,5.1759775360682259,4.7113387549007566
-1.024951703667798,-0.15851106715088029,5.5417933059437621,4.2633241965980515
4.6184430335868658,4.2492821934447411,0.15287402446846818,0.086433760494971604
0.17426000889544027,0.74818240170381456,5.5057922420727614,4.7543028714702471
4.2177234603741276,4.4037437598620759,-0.092234851938574794,-0.55742286375893935
-0.068460359596604375,0.40101339998884583,-0.57922253026985848,0.92083906601201393
-0.055777251014248817,-0.075924578570912796,3.7654812848366221,5.1345629303870544
4.9264636241315749,-0.16533748350921135,5.9450194762645205,-1.241913500785268
4.4700135372089225,-0.52175457617140908,5.7704932100941422,0.61538776036817966
5.3601016816407832,-0.62156400380712762,3.943288773520635,-0.20924641738422964
0.43028061937977324,-0.18697647963529068,5.6541457999078384,5.4783289584373982
-0.23452486948459836,-0.2797133054250705,4.6590839169602525,5.2160769733929246
5.2567355102517155,0.30374426887381772,5.3102765309963411,-0.42122822231786672
-0.5022631405777811,0.49976467609402347,-0.311777868826909,0.5449164709215899
0.0135359205200959,-0.046505437784738195,5.9662541083388909,4.8987713566947866
0.45603650849142358,1.2674969394617348,0.80376003586346223,-0.63288999488848829
5.1474279992528649,4.6146176125393294,0.68229242049727024,-0.2475592040424095
5.0848348081110073,-0.53103632628205188,4.7305767433901149,-0.084348823168438461
5.8043463954048793,5.1217258179621084,-0.20866736881471179,0.090802007392427428
-0.44946338244962353,0.60286085056020233,0.097787652256234842,-0.59442221030666231
5.465950722541689,-0.5165407019382795,4.6913224054085898,0.44936650604285405
0.13690896409782632,0.35842364805359395,-0.69444301775575668,-0.0028911189347493515
-0.44184029362772737,0.24372253773998312,4.8849059086387809,4.9097012934193707
4.9577435113184078,-0.43808891271041461,4.3599150389553971,-0.92366897698507289
-0.22567595384827616,0.57721281661842438,0.1968359235848117,-0.090569862849291874
5.3979338411491824,-0.37718975858687231,4.7218551033457699,0.18457605936933821
0.24641753036403546,-0.088339254207701765,-0.19401939287650233,-0.34448168007528479
-1.0991094081106261,0.19076739542058987,4.0013945674742626,4.1442512279396695
0.98905429281762336,1.1619320612098063,6.0247691122520797,5.4331238420013781
-1.2797507606677778,-0.85095024289186916,-0.077158896063366136,-0.19353598724599985
5.4122037000850192,4.318482691559951,-0.16809317791849696,-0.21024564665368353
-0.44925698799911534,-0.93764799690631251,5.7048386498196546,4.982222369373865
5.6414676555952035,4.4122963003717572,-0.60340940308054425,-0.38576728257114512
0.23809759793083471,-0.069666840305031702,-0.43622435233756784,0.65064672449872829
5.831211955527781,-0.51811951226750252,5.4316815705249795,-0.53568128961543549
-0.10684807106213597,-0.45463536268481419,0.49279974638546847,-0.0092251231118110205
3.5420715964933107,5.8485388253641659,-1.0282041304257565,-1.0737443657573948
4.8607928257645359,-0.18414666047488615,5.0657450508884141,-1.1159443828132853
5.0635622971551646,5.0938909113704662,0.10629447654698225,0.47999799593225378
5.7305418703902582,0.23187361644021892,5.1041746839258488,0.6837552747995771
-0.70305815966262475,-0.96365685174061877,5.639837607873722,5.5268009106064095
-0.15988549433703678,-1.6956618027957442,-0.83918717117119723,0.36960886859646097
-0.27281133334642077,0.44580022726847968,-0.2376217886613102,-0.65999166105931617
0.90295930088842802,-1.0256223089683814,4.1648220729116927,5.4581842858585148
4.026476995923189,0.35837197584300085,4.8769254732693961,-0.67363884526765105
5.6354329868456281,0.13222199892892153,4.2958183205810423,1.0224833079609796
5.6941880212575429,5.0348389385408785,-0.14758583491075214,0.94849044315797704
-0.068375315399578668,-0.082164600889463188,5.1667471123450177,5.2124598265659809
0.51311458206414862,0.83693800924187289,0.37391255725183314,0.42220522646212305
0.30668345531383473,-0.16212967780352258,-0.10552562157724221,-0.20275083914660216
-0.42865139110369715,0.24839236208478602,5.0097778114087212,5.7121053503789856
4.5830170430991721,4.9442485122211455,-0.031694522838247544,-0.28550080504510839
-1.2135118633184796,0.3529050159978826,4.7580176485436638,4.0709743069644047
0.94887619301637804,-0.21116141267564559,5.0066241681746995,4.7161577409599396
5.7780999174710157,-0.40574888422186617,4.0702139878017043,0.40439760737186148
5.7622127224237074,0.94969794033283872,4.1610695350193607,0.45336812263267795
4.9903532792877092,5.4009018584243034,-0.18770492619217383,-0.63429083312614953
4.650942227961079,4.1885270718790082,-1.050082555956618,0.78764493750825515
4.0078547203121113,-0.62740019590857676,5.3456193424866036,0.058662044006620402
4.6553547366660055,0.04181122365482496,4.1719091229008409,-0.093254100823672303
4.4554267472527416,-0.48550469601164903,4.9386748697741911,0.76618968002946219
4.1806762601568535,-0.16835165477051042,4.9371893723691702,1.3768733476214832
5.1849799560977585,0.71037259064248226,6.098778617744518,0.36057572087788359
-0.28357650145347896,-0.26059558757065665,4.4190905700276462,3.998438999060796
5.2677333414006151,4.8440341643958096,-0.75940049172254764,0.45724053028145573
4.5349053374890946,0.11073555493305895,5.975825645027828,-0.37051101309119694
1.2364125705108813,-0.84180378616137497,-1.0729901820830536,0.12341502138084401
1.5512378241133091,-0.3838893777804161,-0.25423061352806714,-0.68716009460889005
5.8998838418541766,0.25410183465998382,5.6102236364850846,0.36413533556629524
4.9398844353268183,-0.27354838120931513,4.9965795034644582,0.60048245166601888
0.38831148879812222,-0.2913306948185021,0.083213200618377767,0.14206284703537883
-0.84275385888970622,-0.46118899927467338,0.76399568287765818,1.093321896474664
4.1995294113388333,4.3849609762736037,0.3313167092516936,-1.0516245139108105
4.7319623929683905,5.0939021710183043,-0.78175703636463678,0.10045673853633146
1.0143719163706251,0.10980637219180406,0.10517065992037743,-0.23881383000562467
-0.13401908741777882,0.2240585677141079,-0.47938931585478584,1.2513357049648652
5.5540631064823467,5.5303477737052606,0.41613379296187808,-0.037250503991673824
-0.02971541630607228,-0.26960609534226948,0.081626162116692533,0.21818303409964909
-0.20813453057052048,-1.1716675989334819,0.0010804879836582052,-0.12546727428872131
0.11955115176754838,0.33597761392291958,3.8607708272591656,4.0376498597114976
4.9206033289688715,5.0904456354758798,0.33326387031034438,0.33344621916874845
5.8725390336193604,4.8357934346111913,0.18550882042839548,-0.41142016142726778
-0.79238350401015778,0.60327871720354331,-0.92091832640023719,-0.28143552339583955
5.065524298086526,4.170942649541491,-0.44246052989483126,1.2233851340009234
-0.015283330752599252,0.14633571555193892,4.6649479195560826,4.5154863966091927
-0.081094554558208617,0.2644974803870907,0.36686719121573386,0.21296424293363911
-0.38431518847873875,0.83803925692000492,4.0588757859300992,4.9252583611847909
0.43048953344492386,1.4730974853297483,-0.76670635044921687,0.035436481029444911
-0.8861458878124352,0.79972101083584646,5.2522281844175192,6.1090193366740797
5.4524628788979133,0.020214552879816623,5.0147025082827659,-0.11931356207535748
3.6861144950755809,0.34848181694536462,4.7941074915841222,-0.081480459659801982
0.93185990862723034,1.0589258412338161,5.1624173919858913,6.0572956950256795
5.421237199385061,-0.3159089556988996,4.8489954751814794,0.72691501934646496
5.0309142875211439,4.8323396900837245,-1.0904225448481029,0.17567148227702506
3.5432157740247057,4.2305794515830133,-0.71826829206714216,0.22634151275421088
4.9483575605278887,-0.7331063306300567,5.2917200540288141,0.42128522211817432
4.5569855325446476,4.5209163970723312,-0.69673877079930424,0.47126337540590862
0.7006344158115555,-0.85997520364600577,5.8678208766255402,5.8298744187407365
4.0204102302482552,0.11585245388331673,5.8896563235074453,-0.25402994749429247
-0.96787749344458063,0.87740665875727086,4.1174658032912461,5.0378344265661497
4.8652043889271122,-0.68923338482467067,5.6299643146565588,-0.85810009274673604
4.9668991097924362,-1.2845167412810723,5.0806711530086446,0.77955006038528485
4.6235804258454891,0.2287048093753257,5.1519436832953849,0.30539895856617583
4.889390371752337,4.441031281729046,0.048162705847099106,-1.5967060267974864
-0.15782679655056148,-0.8148115837907558,5.2160546171147386,5.4658287051925551
4.6846122552489975,4.8934807626072727,-0.23950666179209998,0.56067313070346192
-0.40513649864287188,0.52683560993458878,-0.34147308548663635,0.3033450008794325
-0.094073162799428969,-0.72090887459025188,6.0472045349032895,5.6317063608363025
0.58154564501360362,-0.2554510955119409,4.4757221432416472,5.1612045957270389
1.1179596789013702,0.13406118480873239,4.5792589019738061,4.8479730992625116
5.6113144933032482,0.17802020548214006,4.3296927093819786,-0.33008058949088787
0.02741509297589843,-0.44624965153647017,0.16827194568118481,-0.99449300826789178
-0.72107500348665432,-0.19849396544203793,-0.37686652242327284,0.12977538709722392
0.54561249313856675,0.30639425129873493,0.055070414897175068,-0.52977758536554098
5.8771749323000959,0.48727474304543561,5.1866854789686068,-0.16905534628717275
-0.11077605237102316,-0.43289640819732184,6.4817708027631049,4.3445583838725721
-0.11410096102949149,-0.52617949513809326,4.2270549662873096,6.1179214342195518
0.74597688159772646,-0.19888555129556534,0.72569304331688189,-0.74651438374183465
5.1113524989098904,4.500808027140871,0.076309597056680459,1.0463542663133032
1.362613367572356,1.2825011576340175,-0.73145299323028223,0.06409889110774461
4.9690670480664858,1.8352317836299032,6.168449343078561,0.55108919271233481
4.0306707024824924,-0.05586574337607382,5.8327097505543826,-0.37335026482487699
5.6347735039683355,-0.81028557513340782,5.3013837122743412,-0.04188190629486354
0.2171368537091751,0.53627855324009321,6.1120288842437578,4.6622951883607735
4.8404739765496902,4.7288089208561246,0.20343619390373283,-1.1142934475685582
-0.75346884104121792,-0.52813607521672334,4.825350910886983,5.6669321042624414
0.52589050030336826,-0.63277051952565644,5.5870696706994476,6.1307205740199482
5.3555808001342911,5.4618033676150892,0.76252865364808053,-0.65253581150899376
5.1629154085254703,4.2026948293972382,-1.0969584705715676,0.17147455800698272
0.93196408270588338,-1.0517382614723292,5.2309241418832118,4.5617382937489328
4.3617158741956743,4.7271562824930662,0.64330512967722664,-0.18393658303527682
5.1240934984080466,5.0367629144172836,0.3256462717401859,-0.23129786559914453
-0.14935995339333946,0.46255262900730998,4.8231826876798163,5.1974688904060615
5.3092332043512585,5.9115499273845433,-0.3324861867924051,0.042364939162356528
5.2656714920362413,0.10056111017208665,4.7970636681854675,0.097947121959057221
4.9297300288256025,4.1730882648281824,0.11079895082893892,-0.094452897793015494
-0.89870488364518175,0.22795966464992293,-0.19098806271146163,0.32160770495830343
5.0283203635817122,0.63375231331195303,5.0600851504875388,0.030883295666107979
0.88815472056564093,-0.47137222126094647,5.3568777976798687,5.1695680060008637
3.8212670225041068,4.4705854363212394,0.44793228272448726,1.3755288833245651
4.6768666239703593,-0.010998298146825894,4.9102247584211423,-0.091662240067025627
5.3016719557111758,5.9237791326079519,-0.56874698023508852,-0.22046411903670879
-0.65598766467236191,0.25765407228484793,4.9499709338151439,4.9160871031186222
-0.61561566625916175,0.41931307177049509,0.057837701663040898,-0.62166735232109172
4.3927783138004042,-0.82092522432317527,3.7549229907317727,0.82057042800703395
-0.46958050617464631,0.70414407856825545,-1.1407463787624321,-0.0081815982782507696
5.2157376872343466,-0.54413644297432295,4.827156600845659,0.26887331249653496
1.1991721313492156,-0.1052634644277495,4.5259965035031575,4.9782149701002387
0.33236088025520977,-0.39386173959620174,-0.28384026988124983,-0.21277946908092607
-0.48498200935830815,-0.24889961295521895,-0.40718626999020202,-0.28380547257563932
4.6657889133119905,-0.48940757123081918,3.708925205216747,-0.32773184536394867
-0.65136211847246106,0.52212682114368902,-0.16620708936286147,1.2070711806580658
-0.4318764105943978,-0.22682379198290847,-0.25756925815004028,-0.60937304889020372
-0.41554010596045898,-0.63040425355727614,4.7985621184805396,5.5483419406979868
5.8481028227294622,1.7049922186643629,4.5454325256480583,-0.081603120469639689
5.3845773134739163,0.2770811373666085,5.8361333215506503,-0.87060203695587668
3.9694875762100983,5.2331819648561186,-0.24789014985348143,0.32125692000541356
0.49571315688140416,-0.92769346624098226,-0.41770707975160909,0.0047825710737767202
0.76846518507947337,0.40768246419900861,5.060283450567181,4.4413313942677366
4.8611934772576264,0.51289629397685577,5.0928741897014573,0.010094635485871695
0.81529648870012261,0.014891822163946933,5.2453143373709077,5.2358867551139143
0.20474343271328602,-1.0753847652404371,3.9684060777971046,5.6365782416668901
0.38534170874649809,0.6723968246510057,5.5334497571979195,4.2710037353219787
-0.192726430717472,1.2415316007948447,-0.084831154568990763,0.070003163763570783
5.8641173968102036,-0.040926409514820496,5.112643913360797,-0.36461401488699335
0.032240472721866781,-0.26286178532514332,-0.2277886614490888,-0.42032640299896556
4.8381718621526311,5.0204130715378081,-0.27242049709579197,-0.014692366109671836
5.2800537612665162,6.0322398977483775,0.22245183270866253,0.6792653824337862
-0.066426823277711891,-0.55576341803768825,0.17113183089611853,-0.47246718790968961
4.8463607472625521,0.50414899809362712,4.9369566542896806,-0.16410021156091745
5.4356553144443351,3.925930252786074,0.34832321315435277,0.29613415553675804
-0.12058921336076216,-0.55822347766815583,5.6978612027123763,4.3883363890864375
-0.25360317672689808,-1.0525746085259944,-0.55296245055321358,-0.4259564477296609
4.6746981465928767,0.13252883337399773,4.7333901045571452,0.36023808263054485
4.1658932567353277,4.4218613812329979,-0.095844064831997658,-0.43579139366857689
0.96428124633934043,-0.62870577370755032,-0.76180303209661926,0.18419173816842091
-0.39170291455346917,-0.53897468257976955,5.5436280428320961,4.5776756342755593
-0.2282211055766013,-0.32500202000988165,4.9667222179920092,5.5850728953286088
0.052045821929779086,-0.10416947725896879,4.2846352655905795,5.3122159871548096
-0.38943477858753822,0.99178669471544667,0.1236024088808951,0.61758271963047351
-1.2098944247238401,0.75630787948182565,-0.13577362368593879,-0.097642780591185016
5.269146433247986,-0.23036836215476031,4.6939758747374629,0.68519061315162333
5.3140328955152976,5.4306050045620253,-0.44551070628173917,-0.090314345160212237
4.8523266562005922,5.0668022708677416,1.1334036870166722,0.40939238791974852
4.6732725756898903,4.7486982520210868,0.74019212970979043,0.0042229215196030838
4.5177901911543366,0.2749085570423167,4.6597089025451499,0.70613033279482162
1.1726826302842888,0.073782295696985759,0.15196049678078821,0.78862877364908079
-0.17813246573720745,0.41914673429618027,5.108438538400331,4.7608329097671884
-0.021242812326012606,-0.19326840833195996,5.4462507253095147,4.4294218741468434
5.0643138286811329,4.7464635432909255,-0.28938773202563367,-0.64763974528739743
4.8616276810729797,4.7079033348264323,1.0122738740086814,-0.43990897048407285
1.4340420243573937,0.39463342360478781,0.42422591962469497,-0.99769886615942727
-0.0069794062396196415,0.26193114762810105,5.3761058786103781,5.8352857058734298
4.3465643560048495,5.4730808371723452,-0.25662176014836269,-0.25707821080329313
0.18826150990264609,-0.36718157640784699,5.6086678700573369,4.2910072172397244
0.65743284201720731,-0.27230234035854789,5.4152241526310965,4.0286880114199324
-0.61133676099115364,-0.73305089456882422,0.37731365816042156,0.28689454035165401
6.0025250846228353,-0.88321035847135887,4.5568209102442161,-0.69632773868482101
0.16511008243104741,0.36560721928293988,0.19575130512807457,0.11694883927800698
4.8908801601635563,-0.86273926511379084,4.9154600910277111,-0.60655546584800912
5.5204132584332415,4.7550142187325148,0.034951532001491419,-0.36591532940668897
-0.84167814374156469,0.020184867190031243,0.063766667788469067,0.12123068961992484
5.8893808473834008,4.3213409001223493,-0.77091967802699823,1.0730791232967525
-0.35507764119741742,1.1995026927330481,0.16138185723735787,-0.025630290197777458
-0.53100105208463133,0.093213862216809898,-0.79454036352134871,0.20372484229239193
4.6835380648043037,0.12392343277236575,5.1303308800759293,-0.28842920334116884
5.0186224431681055,5.2311018664239688,0.95130373065950424,-1.5352355643519142
4.4320907099938553,4.884280164891333,0.70009281242226373,0.43851199780325756
3.5006178228518987,4.0529282465135026,0.22509395185974548,0.56368868405895434
5.0874269186024019,0.12082145394748167,4.3631232771549611,0.56488854716680692
0.51522203606244799,-0.87107166625077914,4.6892186217335832,4.5767972057488002
4.87403703027024,0.30882132951980668,5.0165612944015576,-0.6524208298129307
0.23929441255538855,-0.064306398046726276,4.5990695624465507,5.247988002237137
0.45667664171855094,0.19754382553933789,5.0361968537964241,3.8407353711334209
4.4207560209069889,4.4504107917882383,-0.58133803248868565,-1.118927365998293
1.0225521118282044,0.047264408669111933,0.31704660389406192,-0.39427908680128204
4.5105128950071318,4.7554233535583963,-0.072514045126642709,0.017810427126647509
0.030301910836970758,0.27794900450472815,4.5646593829378421,3.9643977708748008
1.0910008270373197,-0.13753122107469762,4.5583918275541748,4.6950305454260928
5.1402428640459705,5.0007485288316422,-0.24062328104730571,-0.58181146623831093
-0.017273861504487842,-0.2863047224040377,0.128693415204338,-0.03469678714246846
4.3187852033355858,-0.78343645062139899,5.0875870706175919,-1.0933442116431367
-0.69442668655699491,-0.0039899374554899841,4.9202114054215373,5.7436107651066521
-0.32840454368293487,-0.0059945527318016794,4.4921774002539205,4.7753474389450243
4.7398563704463372,0.004616946447042772,5.7417661559902466,0.4840430410422355
0.99749156030029063,-0.68765545177855647,5.1651459571415357,4.9718408275277275
-0.33787851086369269,0.58742508303311658,4.7121621977010451,3.6578942436445465
-0.68733134702781762,0.36943261930892674,4.9254842357656754,4.7434578920779229
5.425574794933544,4.8557997385220828,0.30767984534050524,0.85894641401608463
5.0961408157304557,0.36601777555058479,3.9220056604145213,0.46523861820629842
5.0680115562868924,4.1347880654569504,-0.74838895785388537,0.093647921254321129
5.8971281036500898,3.6250496601772921,-0.56159396202893441,0.41764992367973902
5.613941975636684,5.1834050893401882,0.51495990598725738,-1.5118509751856612
5.7046769723120896,5.9521588551967559,-0.11927633979524879,-0.027063216081990447
4.8532977458415285,-0.35464659909300594,5.4045011368957052,1.1483897042980791
4.8998407213965205,0.053800573425075028,4.7391877303611771,-0.38728823949069896
-0.050469302487713488,0.39258927758542428,0.75343879089356181,0.40298769741146345
4.5041010330075633,0.57732169905685859,5.6732109685591183,-0.429866860426935
4.2863018930835901,4.1246544920151509,0.19973756276628049,0.53536968292726872
5.2360111165885854,0.0013832541361039512,4.244363448989227,-0.20496313770226804
4.8915298141083161,-0.61547753532712712,4.8597673608043808,-0.032992339604828162
0.001313040776027127,-0.14845643020820135,-0.82024914764672852,-0.37075193259421163
0.7096603726343188,-0.43062101800945402,4.054573783106739,5.3345366114158708
-0.4132950232350206,-0.10912060904385422,4.5005464167483957,5.6976872527253697
6.1781652066121451,-0.18275796086069251,5.5165141994887623,0.5603373583452832
4.7348537462446485,-0.7352509206758352,5.683418013365924,-1.2049974646757511
5.4686047700382741,-0.22668507777993399,5.1450142540453312,-0.062334259193075628
-0.68062048925911534,0.52595619967071949,0.39696510419128311,-0.90599622917471423
0.1638248336813613,-0.14064995779684342,4.5442721497510599,5.2783953507861936
4.5417760649660348,-0.694510696252569,4.8900863539486075,0.30159875733808233
-0.44256479039355828,0.016346573250292956,-0.74924423139074225,0.35290447718701307
-0.75394568455583089,-0.89415705796003953,4.8969193044788195,5.0046118360622041
4.9897580626394316,4.5009909693903136,1.3380837565576347,0.58931598417316777
0.45633633052301126,-0.14169379644909569,0.1752632556166159,-1.9330149660135612
4.8969044508535395,4.4517038575628884,0.079214825543303655,-0.19158905141479851
-0.15915803655674909,-0.18350911865697916,5.8857919180334264,4.8016676740635145
4.7456024018760745,5.7026609457835971,1.0946543563361542,0.52097827838182187
5.4135632709681705,-1.1229819330583291,5.036118738045948,0.23074117868731042
0.63027025743609233,-1.1411047871088797,5.5529482469584117,5.8325634710802019
-1.31641499792015,0.008473641455064549,-0.43064449392648335,-0.59451072923295645
4.6982206620214502,-0.23145853433951563,3.7095261650085769,-0.68881123595595772
5.5281914705229696,4.8983030766901994,-0.060621750424230243,-0.25626286232437362
5.9290116976646541,5.285985622944664,-0.3347218882664208,0.43322224419341759
0.34680371035692925,0.62801039018458904,5.6480917010477061,5.654753983054273
4.9214996988299182,4.8027465817400969,0.58309656737966908,0.41690239525398082
5.3647142161434784,0.57790951005198943,5.3029638830639394,-0.026149879376625898
5.1305122324355308,6.000942906854732,0.31979947158671729,-0.37705777970892446
0.31571473389982035,-0.65061187493289363,5.2555437480123546,5.7510197557180875
0.2771877227707647,0.66124938454984294,0.087298226975124502,0.15381377199322727
5.9023947239005325,1.0324378286853129,4.9432354977397326,0.23595539755196315
0.21180576154213138,0.49312693602847935,4.7311800670537716,5.1225761260377647
-0.23934144284084025,0.53581627844727597,-0.11075254103241843,-0.1506486049758203
0.61413575972414758,-0.6072699760048077,4.8727459261553072,5.1028752237527053
4.519477453654078,5.1092266785817504,-0.23467199461784294,1.1758308857752384
-0.17866809234137912,0.22452473928674646,0.20602732123602893,-0.6880835225271581
-1.440656809462971,-0.13043752992976074,0.26464921749923442,-0.34379434674553627
0.11639893734043145,-0.48545232846869546,1.469161210338467,-0.51052708442389494
0.37832924759150427,0.12699139869973172,0.30409756432762269,0.37775528612792936
-1.0334086454066924,-0.52614230211216795,5.2280723073406969,4.3256137000416288
1.5234278472807885,0.77023107705146598,0.23476795633396141,-0.21124165981100543
4.4407834083580342,5.9707396553649543,-0.76046098241787663,0.56276004367129095
4.2247833151164773,5.1077148141786584,-0.086799587832783409,0.1463109299578445
-0.19747528151936211,-0.92553497848914912,4.5905812516701765,4.9822076784617666
0.17958131660684051,0.5781318930432009,-0.64064929343076382,1.0244766183768552
4.7358874479126296,4.4738420288350973,-0.91674288921321201,-1.1679593957350114
0.29816049747312512,0.6135608732139769,5.4822898916068796,4.9499233454091494
4.4656574872390458,6.0312384626168427,0.32343624453700076,-0.60061622535103676
0.43898389957867945,0.1991941559635631,-0.016431223393773387,0.54198976316546388
0.076197877202877629,0.35480230722636735,3.9473379761084457,4.909208197956767
6.1334254016404621,-0.031981867298452246,4.7784038803447935,0.24329139969929583
5.227860616282733,4.7034285156982012,0.23158985751653449,-0.096964245002794158
4.9731103316076917,4.4695858717661681,0.12239248598521484,0.54234807457117962
0.081626386105471599,-0.070287739844579741,4.4109028072643728,5.0023492412180124
5.3301659214515427,5.8335785192249965,0.66602353309313167,-1.2990388386966087
-0.4848482385204505,0.42073349430177714,3.986056719779731,4.8339357306539474
4.3958023804886635,4.8770936829499378,0.069357302808007643,-0.99977827159750521
5.5149213603659737,-0.61933442626450519,4.7774640119746001,-0.61348498930415973
5.0506498064352403,-0.1965826984568608,4.5093854017048418,-0.50074978292638905
4.1109249431595067,4.4757074530238263,-0.92476798102029445,-0.21328177397624096
-0.57907596971969988,0.4164111494877295,0.41007110359460774,0.041822906183613534
5.0621600872525745,-0.80326431658288056,4.6899559474684862,-0.13202432746281481
0.70639419924924041,0.10118136188045886,4.5174237559421782,4.3123573626435823
5.1155398729370889,5.6869296031272274,-0.85708450816217385,0.75755955812704434
-0.0043434532708179511,0.34061749201140556,0.81708279467957146,-0.2913272514887934
-0.27738630795555302,-0.15866040398564643,5.333832794020064,5.0494492714995207
4.5653674786115177,5.6202933424273969,0.18501251472605959,-0.013373006696531858
4.6165898480742511,1.278883450426932,5.0786259926537607,0.30715598785760817
0.2664855143509588,-0.0048616183590312967,-0.19349383890829916,-1.0369641483043031
-0.35043254290695958,-0.51263247157848324,-0.15697812055181079,0.72181736391389317
0.11175920865329278,-0.21329197787662305,5.5910806727548144,4.7213810410251194
4.8197943717615654,0.68683172500387357,4.5095789301892255,0.25159946908354847
5.0958202482525099,0.98751680140982134,6.1986117679014647,-0.37299550197992731
0.61199705127583037,-0.15304692601244327,-0.49493875757082723,0.27004300161586264
5.4790111272245499,-0.23279318198882432,5.8373484208381416,0.10712770497666069
4.9735458370512307,-0.21614711426944247,4.6567823067118947,-0.096963227541270708
-0.59531605896304607,-0.81332671167240633,0.30737184670687617,-0.052571592674774667
5.3455115136613172,0.15762023905389974,4.3878615571169899,-0.46057828813388435
5.0814687426803156,0.47613520702075429,4.7192338753890892,-0.45222177089335175
-0.60724917634303177,-0.04718512177236734,-0.68072092150948016,0.076352220226657733
0.60241389830148673,0.67970197286199829,-0.12644034586705971,0.051035308803113827
5.5256575321991157,0.25681095723817216,5.3627805172532268,-0.25900216720574576
4.5842191305434632,5.2089885048934006,0.82425785685327368,-0.20824101716224178
6.6090856900320736,0.39232074102119696,4.0073461303189761,-0.88927669894288619
3.1166041226189503,0.22454084267680693,5.5017309972636852,-0.076894724163379599
5.3875739633018336,-0.43178800374303361,5.7610130644651347,1.0792182985115095
4.7116339196862276,5.9240806928133187,0.060491273101798179,1.0133719086170863
5.1156844362115228,-0.44903140669706954,4.6077516471659772,1.2139231090426652
4.3704463033975163,4.1704107256921299,0.44509488230281108,0.41327579146832782
4.8524888784400702,4.6814744589368784,0.58286527598812454,1.0782821837124845
-0.36823757460639178,0.11935664059720819,0.19226990101349245,-0.10872826271128662
0.29861522333804291,-0.62534665874813278,5.5017229074693512,5.1214880025767044
0.27410505465652019,0.63563463241794005,4.7205938604741844,4.6360184350804943
5.4382244239069308,0.13018669179906273,6.257487677108962,0.47846100416668957
5.2397112879110068,-0.63221942872593206,3.9925069465545775,-0.70836964964669857
-0.051682672270481948,1.1621438371159443,4.8055969961692862,5.9211487372098484
-0.057828629623681342,0.010912296990037337,4.7575244786787403,5.3774904189048609
6.118240293403904,4.2969441526340608,-0.71225226882353576,0.14728002129846229
5.510770094647123,0.091498458747187802,5.1894496878607415,0.55906152589658842
-0.035571277101962458,1.1306357759806831,-0.61328448622835574,-0.54165055093321557
5.900401718101957,4.500847015272293,0.19720463849571093,0.21085292400110719
0.27061376492174039,-0.88623569137027236,5.0589738367548103,4.375710689659579
4.9402621804975668,4.6813970731021222,-0.057102988861475162,-0.15919277192913242
4.3873834912217156,0.25753729364902023,4.5639352227948269,0.67292723096936735
0.20796420316800976,-0.17941581961785671,0.09503171403163696,0.32614325043938691
5.3103799557053488,5.232719065787518,0.1604419426397054,0.37509426463517953
4.6160114539049424,4.5802389070625678,0.10684486983291393,0.50915700664404429
-0.59892222658623839,0.25876879248033335,5.0804346676302208,4.1771562624270819
4.2024103701267723,0.27404461011765052,5.0856505089188113,0.05645752385926666
4.4758506238773075,-0.074315078332122614,4.977352439347281,0.43876620683568984
5.642628124825313,5.1569952993893615,-0.80300362223452504,1.1284437083499728
0.28087768930348023,0.15933070161128707,3.9032367321764374,4.1189127343213885
-0.55639307585389386,0.25095200655147176,5.5188782531434279,5.6026884512639148
4.0509105969983601,5.8214085071052128,-0.42676284151614768,-1.2146538109668799
-1.6703952656758447,0.66762052692569107,-0.14778433749868719,-0.7248774154669213
-0.56195713276554515,1.244655548294564,-0.16607537248020224,1.3857705689919542
0.28672501910024872,1.2727586751170497,1.0161719308749448,0.64634238226782259
4.282825133886254,4.8731598528411775,0.84117271703037699,-0.20056047945335015
0.18318099656946768,0.066288396400503574,-0.15252541445418302,-0.38951070406161653
6.0395969787666761,-0.60798195343207728,4.8011685108297044,0.44612103933436481
-1.2978978410975821,-1.0512520446002056,-0.79416980180278696,0.32955663942552554
4.9281083000060502,0.62177510409907544,5.5078215601993987,0.50263197777013358
4.4146835481092008,0.22664683772876204,3.5254374386641532,0.92259186963022033
0.57467067790545279,2.0025279096123043,4.782814775507787,5.6576493132142422
5.0029685207005894,5.0361506962337845,0.10564444400321897,-0.66317648951657138
5.2125227576278483,-0.12774665560330309,4.455995471567066,0.16745718721191524
0.10572360242587049,0.48122122989715338,5.7417897024797711,4.9741884822230178
5.1384092303212157,4.0635199735437837,0.11877048679126676,-0.34930629480371661
0.19763838358237565,-0.49481391059854385,1.1086669617602563,0.66715018577010221
-0.58343585147137778,0.64922018910815371,1.8209779643118245,-0.37146659803105608
0.76901617923245624,0.14804134656409113,4.7874035591051891,4.9179492409767382
0.91748585155815476,0.1949475678588054,-0.47962252157632601,-0.63177252425582409
4.9094722817927545,0.067571040116199646,6.3672978197538406,0.53785181222262834
-0.10894120178561202,-0.73442042012333486,-1.2460092057343941,-0.13438695448683419
3.8954364828169137,3.9342181415843847,0.17002879214144384,-0.77681596815693343
5.0991155689371315,-0.99936808904817398,5.3334328794892327,0.98781609994656672
-1.3520530035496741,0.44974435272907665,1.0596882078133905,0.44294675584062843
4.8779734773208672,-0.026086300438016182,4.5756214790424865,0.041716901580191486
4.1065923921037806,-0.031580703833426108,4.3568515663421525,-0.010468375943775771
-0.48355387895585367,0.55453421971098282,0.075693129629392522,0.071508081192260653
-0.097944037151602492,0.71485557043984593,5.468145037531988,4.4450025580742185
0.31550147075473167,-0.81919016154949043,5.8203237458602546,5.118571588238277
5.8414442200449681,0.2897518485755734,5.9415579382621724,-0.619602007827049
-0.25574718180783407,0.97043116467939783,4.7491119972421467,4.8008610299288641
-0.12755807704196259,1.0147222540176015,4.0654313249435043,5.5790697648042125
4.8615097885405927,5.0026657970057409,0.57043140803961057,-0.3676673255255582
4.7047074751043141,0.55707778406993513,4.7478748678505358,-0.31593937616105644
-0.18443965205765603,0.43889305775139603,4.2331666876163183,5.854056102362768
0.42803820318621694,1.0577375204543922,5.4727501813592969,4.1831997084591341
1.0539574941888172,1.0561836847262529,0.49261378398289096,-0.17622043766024745
5.9412417763950627,4.4230473838505606,-0.19407432541002875,-0.0082892641283105889
4.9313743634748128,-0.47269682868443108,3.329016804786634,0.58527181906036319
5.3513673477284813,1.2462359849833702,4.9920110743026775,-0.56943582077028299
-0.3503224436335648,0.26756681291101253,5.1852360317027566,5.4504907232350446
-0.90466973482790392,-0.25070175338070244,4.7981297098690865,4.6193310624546182
0.31117903273235498,0.3450840650335073,5.3332839224723676,4.9306063121983339
5.2205864412308758,4.7884085527869154,0.45884065744170116,-0.41670948354291532
5.9584640275563396,0.41683984984554656,5.0494512820251947,0.093515159985705129
-0.10410346765420675,-0.40678295021422023,0.39172544693089395,0.61348320105053156
-1.0283807790222634,0.35353691896209055,4.4735755184236243,4.2725227648886817
5.1709139104833284,0.85547424817523143,3.8029861498363626,0.35460384352308372
-0.9092757965540792,0.29457857955779138,4.2116233547209747,6.0535184104167943
-0.67033705502853658,0.12959714051484852,4.4645407839770135,5.4117694773303686
4.7226582480446329,3.8678329841734147,-0.9549941194409487,-0.90887126752645675
4.7297607533796535,4.8665150197108744,1.1886281852033855,-0.21263829937210282
-0.82633670082264798,0.01999381475319309,4.5250082257359789,5.1560369192430491
0.62915490815542841,0.31260917964209062,0.069822654166637702,-1.6495629632140878
5.183333730059684,4.8179019549131006,-0.34677758087774613,-0.20574706191815959
4.4487508301291889,-0.043000407080821743,5.9936114895393819,0.61746230457451701
-0.50713355223153267,0.1943172573060484,5.087466719246323,5.0588376488959907
4.2636045948909436,4.5927101902546106,1.0227054342515831,-0.34151009569395924
5.2109175852142249,0.10376726307034374,4.3537714122162869,0.23699919090569077
0.52849594938595512,0.037602808963623287,0.31863997797692584,0.22837741824641603
-0.27238012775164627,-0.83849657003179112,-0.8467639789405953,-0.49379811089107034
0.61082772540147368,-0.30613050603364722,4.9699881256022413,4.2154479376954095
4.8084728720736702,-0.13411237621826758,4.2696441839132477,0.44055895332706313
0.15488130639506556,-0.13546175090184226,-0.13498987313306848,1.088513208013862
5.6698185598167194,-0.74889303854034939,5.2956364637793758,-0.29336021527790451
4.5367350202582282,0.46854825666021632,5.8672742735478112,-1.1959442178040358
5.0675565837523697,5.7066431989390649,-0.56803934898612807,0.64860415160560148
5.3189373436229808,4.9005633766729613,0.49206149899526752,0.047200577590000771
4.7462584096297231,4.2884680248118894,0.51989371153547659,0.14732345573042621
0.089174395204662929,0.33357332661727002,4.5074448384776318,4.6656892425468373
5.239571785257799,0.32466584296143547,7.0032212613863845,-0.052069955899427617
5.7112712331904643,-0.61843634978664275,4.7273574749026199,1.0225797705083379
5.5514571991293193,-0.10942862256059467,4.8205592339082681,1.1824791946073439
4.7631381792234224,5.1997688888679896,0.10586943155666272,0.700587203273493
0.3655445454661625,-0.76275522902609705,-1.7308604938134224,2.1977781073077494
0.9316525939332021,-0.043298367523783667,5.9632772566072143,6.5464496798723726
4.6226030820774655,-1.010257406753573,5.4006209591464955,0.31699815677002624
0.85154972322158495,-0.078700688802399679,-0.089415138332935851,-0.30746916915246564
4.1776007941416937,-0.18186199438534187,6.1079155182932361,-0.18236441021220856
-0.5382186121071808,0.037736586546601433,0.43029024284572581,-0.74733612047802989
5.0822676939167772,5.4385857917859211,0.181504057668607,0.41959773442962384
3.9773745438319708,-0.20292275463962908,4.224124158785485,0.41857581928096055
0.19218483527678229,1.1011819346768308,5.9281724370132203,4.9665140593868387
-1.2786261708584794,-0.43811988910348726,0.0013034542583990952,0.33301626240096766
4.5545291399588397,5.4895041021772606,0.15312529872711642,-0.16452774517075722
-0.57116505943203211,0.10098273553559604,1.2144922589542404,-0.77407523179569704
5.56039275183476,5.305796815016846,0.28596493081793695,0.040819367242998415
-0.6596897293411379,1.005965353257692,5.0736132579252029,3.9621334319100807
5.7782660607344072,-0.63249168528890343,4.3745165919052154,-0.33922385998470628
-0.48712140687606814,0.61716853428559459,4.9182950319094374,4.8547030450094866
-0.20291532824860495,-0.78844601578630036,-0.37768034501227304,-0.78665808952285354
-0.49744808507065297,0.24689543654471199,-0.38630111617279506,0.39704705242020832
5.6459913089896414,-0.90839126679122983,4.8347978732376635,0.30143309212072905
4.2032631166933418,4.4891929113893667,0.45002423127793134,-0.32425894772103669
5.4439444990766379,4.6119936816584088,0.76707649819186663,1.02726262982341
0.58600389037373879,-1.2506088446243788,0.007505140668307677,-0.39160674195615963
4.7739108508112782,4.778026323057464,-0.20404751607360735,-0.29217943500749932
4.219465247008368,4.1879349176014324,0.47303322636990242,-0.13210743140161907
0.43512260695497201,-2.4259658096769607,-0.49193856390971807,0.046077556298653025
-0.58219210616540362,-0.099476421818502733,4.0013373882898158,4.6041975744493078
-0.5324474155909984,0.40122785395569111,5.3536805669255862,5.3077956925272778
-0.41173006632660153,-0.71540426274780056,4.9419977778177593,3.8410143615501546
-0.56049412581444225,-0.37431038454283966,-1.4378842069636546,-0.27178263752412446
0.99499639688667285,0.10331838609553662,-1.328954166117579,-0.64442508428902545
0.36847899236814474,-0.16921010046858512,0.17060651046464007,-0.076261730655255752
0.20318477248469544,-0.25261068155671995,0.61640595565249579,-0.096600042054291804
4.6543946236925011,5.7410812222887069,0.33954064208547174,0.067698524379243785
5.6304053510613583,5.8263319448452435,-0.19756609804749242,0.25064789808325266
4.3901316613219628,-0.11295549774603394,5.9585241040058232,0.85464132700623441
4.8738978781907623,0.35577408464646698,4.418230240272095,-0.15021920693762084
0.66179136156268725,-0.16401784615456158,-0.23972898555530492,-1.0245900051389485
-0.56025393886169939,0.086283476614772245,4.5340310549173033,4.5727176023752403
5.0224037970687574,-0.38256996520620823,5.2661006706088775,0.67486289503591645
-0.4614456874550823,-0.55390959113615146,-1.0271048651806705,-0.54637453366790167
-0.2325397379449792,0.91519941271194238,4.0231889825712903,5.5474074916971814
4.9676961547202083,5.7446979490424521,-1.2528522170179464,-0.21323670616350004
-0.11312548558591851,0.32446884087754313,4.9450816686891015,5.5939519860718638
0.57941904795458121,-1.3454675083822563,5.7948142275589127,5.1721018704111641
5.3755439581344131,4.6611348562772204,0.98253088032393698,-0.10793103885694322
5.4907356938247283,4.2471867275763024,-0.57156609556670213,-0.032079499273930043
5.5078628758502202,5.3865093927276071,-0.3079825362527151,-0.76530591617265775
0.79901839389466878,0.34681148076734186,4.4153168480460812,4.2801672199363665
0.13618095300169472,-0.37818238782678393,5.1889656303157006,4.7003457814696645
5.3921058918756497,0.62581753406613205,5.2045194904700773,-0.93074383579128128
-0.20438660683863927,0.52158698928163272,0.45653103991278227,0.0056592031539152068
4.9304125625939639,-0.55124837251964243,3.8745490792703654,0.23588696458249228
0.3215102873633176,-0.031157878136186885,-0.87133182998364556,-0.58745597579347197
-0.20261205757797382,-0.036249986147246914,4.6786590620210005,4.9038417429970309
4.7753487309777478,4.6927783019646476,-0.44714077248781681,0.69875788555002527
5.1636701331108545,4.5718328891311888,0.30840450179020457,-0.30230559584498012
0.92155068100832738,0.23783282620317187,-0.10751111708327654,-0.10319244888081403
-0.8351338118431848,0.78097710533160236,4.0106450267902867,5.690329939292126
4.7170189948835466,5.2095448484801414,0.70243562582587515,-0.7457082475756176
0.22895101085092731,0.53566389090759425,0.25847137426380162,-1.1569411345987146
5.1916046517578849,-0.56305010457175497,4.5121771918782114,1.2078515561921921
-0.84885970946970668,-0.56861386272036518,-0.7726905715382717,0.66709472513557788
-0.44382855074996602,0.24724929029685508,4.7008981727928054,4.5464881702445377
-0.6730386916063037,-0.53683693044128389,4.3445268745043766,3.2863853240003706
-0.027338758195337678,0.098149648679392063,5.8726334503398592,4.9804638574609035
5.7881378843946427,-0.63408884938492505,4.8109007864941882,1.2376477008143372
-0.00094922538295797603,-0.23228908482451685,-0.0019444229571331365,0.12605992420095566
-0.12725474028953762,-0.66251831493487134,5.4645550635630764,5.2927261448840834
6.3520850055535263,-0.10849426818091483,5.3012188542166161,0.70824192964074906
-0.36374827926554376,-0.35289252250366332,1.0420378946574564,-0.54325301254979697
0.068293653061982318,0.6429710170446381,0.29684944399925128,0.86178875377805952
-0.20084427252501907,0.24363552809439842,6.1686555194584649,5.0850508655564743
-0.54436901842716712,0.002252578860073825,4.6608044603605485,5.2419281931660162
0.36351463105424137,-0.49193317044237167,4.1108590284558266,5.7009787522008954
-0.31368950649989558,0.28997067126582127,-0.17939583363109732,-0.060703697706368034
0.51026363562587762,0.22599438034782993,5.1287898984365317,5.2659500344959014
-0.24482164288261088,-0.36171694367796692,5.4639404285271809,5.1829125928564963
4.9149148060576788,5.8498048609150866,0.69786536891026174,-1.0802579488036304
4.5116611556783335,5.3343403910078999,-0.1141407861143324,-0.063858270152931926
-0.19532435358759942,0.58874478794369822,-0.17367348044654565,1.1000806693190184
5.2268944382992863,-0.35170971541552881,4.760692530159135,0.61434043723912601
3.8033087827711975,5.5635023453323473,0.42554553814940843,-0.0025715560072829559
-0.59961401594573827,-0.038820631650627171,-0.97358836399296567,1.3679477634070858
0.17029345388045364,-0.152655124181721,0.46307067275874286,0.074071300108843385
4.3392836138941044,4.4798283617807844,-0.77278451295963591,-0.086447475664142376
0.5900081894157172,-1.3245340861598771,5.5349455285996481,4.2089050624237716
-0.60997524332823605,-0.54926067085231156,-0.10670005892755736,1.9688659395299541
4.4816555029168139,-0.14697832680789111,6.0226428101506029,-0.45812360649278738
4.8638079984077889,5.645746911032095,-0.77190366877347283,-0.85499085350325721
-0.16343283567313335,0.192061030674582,4.7026630588916589,5.8402009520133991
4.8477257370540574,0.07726479074305756,5.1291652643004024,0.055640814550236478
0.24946582406582174,0.06468455928266939,5.1740443209459803,5.4409356350487421
5.343465121774944,5.1605109875450461,-0.85459245260036676,0.26977037261942594
-1.0909417447137164,0.070716481127969327,4.9480363500393691,5.1655734417084762
0.57200210949684405,-0.55362186456981821,4.0711058516104695,5.473227491358684
5.806548723627869,0.79448933810783795,5.3258552190395356,-0.096396152669857904
-0.45268212915699435,-0.20025024878998041,4.6930328873653604,4.4500718502452941
3.8678586577775187,0.90822086417463965,5.218454286710883,0.054817087184611091
-0.98349599766698792,-0.76281028624810177,5.6655641375166335,5.5168377058267559
-1.1476919360414248,-0.34909871823540867,5.1071823279247823,5.0359368288155943
0.18523263705438667,-0.6761651695725952,0.48593621653564689,-1.8071373487675659
0.38049455522762088,-0.0028894091669589583,-0.056776424033901811,-0.06011052205610605
5.8843806336507578,-0.038037108987647526,5.02144874173531,-0.31032402402033626
5.1941432573346136,5.3467794035816212,0.33627752222396112,0.3506149528597341
5.5541060750542286,5.3576086337584616,0.018836360456278848,0.4139603964370977
4.6658705364043334,5.0558696578685618,-0.19419648764102906,0.50692003975261979
-0.59575851217718467,0.88324625506783094,-0.60786634941618778,0.40679002178198126
0.16041760876753849,0.39650009611771414,5.6000999733162962,4.1342979870573329
0.20232176432703822,-0.66498531321554422,1.1844319561762982,1.3236641344392912
-1.2439845581733975,0.098630102576773071,5.5752325423460425,5.7536883139732176
0.56276215939982699,0.5210430698178018,0.62555803248522368,0.42225398297656797
-0.36783875979172559,-0.22917833176423444,4.6287545547625024,3.9137126022618984
-0.067255742507395272,-0.67721744875111411,5.0669200489851329,4.5350322404905334
-0.60835525417423308,0.80456770561072799,5.0627981158737514,4.8580418177102782
5.3818356480614584,-0.20301935020952439,5.3591038961089277,-0.67253343852338954
-0.22243368504893943,-0.33250465130525175,-0.18918182462687044,-0.75006982676013412
-0.85279980783146236,-0.072673898047426799,4.5200506656528301,4.5743381689176648
0.17345413823715838,-0.18309803395857974,4.9163682420729131,5.1515054445801711
-0.98872240542361645,0.44264620488329504,1.6888965054242604,0.562473603258835
-0.11414713366365381,0.26771045429258578,4.7916925811229722,5.1881253400173399
0.011642418572567748,0.74397683594449016,5.5919499509645156,5.9993756136034495
6.6210986362397026,4.927137839963363,-1.0098709491170959,0.072933168283127639
5.3065829334217529,0.080632002048576401,6.780904331167628,-0.33136198573508319
-0.76400636582604142,-0.3234587853206487,-0.87989556271139502,0.32512505885819071
0.22586274798748057,0.37880009834320316,0.084306183957806577,0.61047096027246861
-0.059259594028982621,-0.69862378784227386,0.02662600523835202,-1.2860672521746739
0.13232669735291133,-0.0067850801902392052,4.8917428005711754,4.4072901942257205
4.030443878018203,5.2333871032748496,-0.98598019332162323,-0.40398940760838076
6.0085418104948092,0.42814049866277631,4.4077495077057129,0.62399702737620821
0.3349414611642384,-0.38346428267409999,5.6658807334080006,5.0089453442986818
4.7741654967591494,-0.20550871970539855,5.0955352913133316,-0.44022608067347435
3.783460349062981,-0.30212857551598488,4.9717205211194297,-0.10296107224766682
0.23874318594409699,0.41948418816480132,5.1906246531503406,5.830805650523553
-0.83813835914924517,0.46816522841322605,0.10566055624550941,-1.1987491661340697
-0.70936231318021148,-0.20711045807041809,5.0997148875433522,5.3976350161906508
0.32539496024440695,-0.36789906967683511,5.4687259851238217,4.6231887686838258
0.44083269018343341,-0.1671739407492556,5.3700969116770336,5.1242451122276131
4.7728974821531178,-0.98072427338981105,5.7812595706275562,0.35014625704347729
-0.98568334305363736,-0.93889774218799871,-0.049728656886515267,1.7778782674963789
-1.4121805812216457,-0.77160221665639694,5.2095986647782633,4.6873663249163684
-0.84011070589177572,0.64786751335547133,3.7027919359364363,4.2396839676602083
-0.41807590475706397,0.47250373030897164,0.80309585858564825,-0.89602505426104095
4.4157959140247662,4.4641131996283452,0.53680993839957969,0.39674274688301137
5.1928258542187073,0.38871788938951152,4.8782471486708072,-0.79465798292736534
-0.49140622415130286,-0.15558637177486048,6.1361671558137871,4.9543565127044555
0.28362275386809443,0.24521146864308335,-0.14470810213866009,-0.23826314333589246
5.7172502741086397,5.7242531483452543,0.21122141654895535,0.55420960978289668
-0.2673950071412895,0.13362888938257408,-0.88518352655043453,1.6106830666922063
-0.81187799207621048,0.4781978489016826,5.1276035224021275,4.0341445685183466
4.2889815952863257,0.46876981857418532,4.5352434581589138,-1.1259536518924977
0.45636417860815276,0.75497702043633641,4.6226282353963866,4.9075002129652772
4.0655911443548307,0.57855867082680601,6.1407788518479256,0.3041160117275844
0.96132422342321144,0.62904806600129448,5.7058739245351981,5.5067100987519746
0.16752961522064708,-0.31758240340309574,-0.41423000262926879,-0.36937146796609194
0.57489402870626094,-0.13738162012003288,5.5742041767891513,5.0940322021796733
4.5572630214079677,5.4199621737020589,0.60954895627238359,0.43769696377668493
-0.38463113767796175,-0.093464255437086016,5.3592882935512947,4.2822021126373979
5.2678771084887481,5.4871835937904851,0.0072697739043523961,-0.52628940737913865
-0.11352735062493885,-0.13991429529522673,5.1623925502385362,4.8457585098489258
0.35285445358003426,0.40711079387786625,0.51658078207268521,-0.064384637116653501
-0.11282775539025472,-1.00196083198279,-0.22800560605360157,1.1669526847721268
-0.10982846672425335,-0.24796638347524833,5.934574854358706,4.9146971663514902
1.0562226516810045,0.15319127633355059,4.9289449386635136,4.2695815088626698
5.2950914115596435,1.3828343167513735,5.6815081463426473,-0.64989479856981536
3.603859177387764,4.6580423777188686,0.16153914124962607,0.46684009301585699
0.43034043202762584,0.33989890528111466,4.6051661392116747,5.6283875985397325
4.5905967349521015,0.79057085128400217,4.9620348375828884,0.28448723047552676
0.023168653875703191,-0.45812252722025859,5.3269698182566581,5.0018443841603872
5.8120659634249083,-0.93334048794494417,4.656445231386221,-1.1463418725336003
6.0148338880174581,4.7133440063726582,-0.35843964558046665,0.05387707185737186
3.8136504657757042,0.32662836063801581,5.3552747341365166,-0.36044735445077108
4.0847615054470001,-0.55709581000824937,5.3545648420042422,0.3046135430237783
5.2626481405295316,4.5761030196871388,0.65552365086225794,-0.16133079101041381
-0.38587519161250894,0.42570055362083636,5.3276717337745305,5.0295798892188515
4.7143532279727198,-0.0091234203671066594,5.5541297327036139,0.11708039465445895
5.7376407611600264,0.7396917459280975,4.6961214441382308,0.30089244059826675
-0.27693476039752268,-1.1038585148676778,0.9984526093367736,-0.20772261020890112
-0.70027830918864209,0.044991543191022831,5.3953451938047934,5.2664074402272005
-0.18021146487251008,0.0087975832952985177,4.8427902271043468,5.051960388485405
5.4619843894202269,5.4360324268483398,-0.27375416434018407,-0.60445017933148437
5.1441576795671971,0.78420380652457766,4.1768065637653056,0.35444826117280309
0.45250127838097626,0.48158874857074974,5.4684690550034967,4.805677852435271
-1.06144893856822,-0.3466728057300798,-0.93391957006224524,0.45022150006767075
5.0697993922278286,5.2208593894061739,0.82364711535555513,0.34491486684288891
0.41521352384508886,1.2205566651401409,4.8341513594492556,5.0330311663954408
5.8267916151125831,4.7202456756414684,0.23363648727878028,-0.26550513285816107
-1.6415821264169086,-0.39499931509437919,-0.56809578827522589,0.065574101132635926
4.5304608857325546,5.2887177119193103,0.49871293868082545,-0.90093438860577679
5.4848260039920866,1.449448071866557,5.854684043352167,-0.33209149525361675
0.31444115158788327,-1.1269608709544412,-0.13920416808775193,0.21841237610477068
5.2136706646201461,-0.70854421434555415,5.8285026216070657,0.35292175062820563
-0.96297300799877672,-0.2209046914442048,0.31806301051135805,0.31639715322706885
4.8063907642246884,4.5163713162520054,0.28754798397479892,0.10137741794921643
3.7031243650871355,5.7096029017594248,0.36464580269842889,-0.12681196373855674
0.011458021369503508,-0.23997957026780264,-0.42593832034656959,-0.90392887157447599
4.4043773716522425,6.0405921679919787,-0.21914045358182105,0.22536913619521631
-0.86385924572121242,-0.7869076602216436,4.1151743411013504,5.2446622678527604
5.1015749317183232,-0.038862864924975309,4.0636631417274547,0.20990616603234027
6.094895516645721,4.9328047846154348,0.11155835839385933,-0.71048114510255034
-0.95066506924946781,0.74617260123870011,-0.79371513071467448,-0.13404271593242667
4.4757019894298153,-0.55942459471548789,4.9045567104595635,-0.70443285658995503
-0.11746856817586648,-0.21539392763423673,-0.99445472685771696,-0.46770218614684839
4.5760083905084574,5.3171180243544347,0.69645228955630756,0.2193907410104434
-0.62621046322978036,-0.29837602983325928,5.2957182463669312,3.91930641307931
5.366001041125652,5.5934213073171,-0.52971183376518161,0.23554289354954372
4.3956849127006183,0.22701354056351447,5.2287339279252469,-1.0742221884177734
-0.097069873914747543,0.31045864245406413,0.51694672301539546,-0.15822793597776671
5.5880311258013755,0.04988651206618195,4.0139473128014309,-0.21888100260077079
5.2171653553736501,5.5046862094215339,-0.10910744744316084,-0.94290706456426343
-0.96339475144097475,1.1627235237412181,-0.068765150716315004,0.5701932935573012
5.7866338426855322,0.097050405630545303,5.2456348647923763,-0.41523697477035654
0.3236329040452266,-0.22416260688520195,4.5634892504134958,5.3727626888
0.13127653446228241,0.00558311643223529,0.4052199517208015,-0.071336677665394935
-0.077980135953157587,0.14665915152552753,-0.16063362720403937,0.56175443791233304
4.480968265072697,-0.0035443738391981961,4.6527221921408826,0.85721327813092751
4.5046170902655005,6.1288820842814156,-0.8170250084962587,-0.11922674939811409
4.4275165549437379,0.1074221505609492,3.5253451768393709,0.51573690874162437
4.1646657554409172,0.09420336559158099,4.7197403710257966,1.2074605400492047
5.3195034181421512,6.183729885488912,1.070999883082024,0.60860553197554246
4.1839916478506565,4.9061093397570028,0.40161637758615504,0.27476173454530395
5.2507996934428967,0.13124002908014501,4.487796827616128,0.28953279535087256
4.4898451062238021,0.59835415403024717,5.1654634045904793,-0.33534214400727619
0.52171581581567228,0.059717082887643852,3.8810819246692319,4.3777395850964727
5.6206882617586533,4.8774782992222718,0.45876696230984992,-0.47177716077444576
5.0124420724637808,-0.26649668596673476,4.7040633031165866,-0.28337986005875537
0.23707158289385277,-0.46042006755065323,4.2794612843445963,4.5711524637901233
5.1658112851251454,0.62963228754402822,4.1641904686677531,0.15343910400735464
4.1558551000814195,-0.68754244431371692,5.954290926621594,-0.22034314428648022
0.48281120778953274,0.081391181264309526,4.7786951109062779,4.3275527621227878
0.46503240648426125,-0.1838788626711933,4.985468161520056,4.6094609892663918
-0.54488741463779744,-0.85730340898055857,4.2632375275803254,4.9053931565803133
4.402387930437822,4.9107967902234142,-0.16740823865635737,-0.24959414142314126
5.2175279870888955,0.61257684015709835,5.7737477557599544,-0.80128062234188258
-0.65164941886249439,0.24028272138862217,-0.67907042441781618,-1.5492363651851215
0.10515727730858943,-0.46145646933252382,-0.11317077624127722,0.013147272546141049
0.38071405261313646,0.37213534125695052,6.1065218716540963,5.7782392191275926
4.8390170126490455,5.2426998561185121,-0.34196182864135999,1.4234170297078854
-0.086051157842173764,0.061886848873613468,5.9395618830777845,3.8155985423223351
-0.41119572967378815,0.17986102290171296,4.8600777628806151,4.4459995456553383
-0.18627728210177774,-0.32347304237870594,4.5928604813422265,5.5544677438458994
-0.34210172963856506,-0.41875807046912361,5.0719000870405333,5.0625218637184739
1.5206077382232854,-1.1147931912820257,-0.10686923462637965,-0.15389508121012482
5.3609215808804453,-0.47595140958878268,5.3010708699109825,0.38852784557925868
5.6765367252990675,5.0938743594264384,0.011228758571179328,0.51580505500961471
-0.28215093922831869,0.013182043020410135,4.2650476532342081,5.2479325837095265
4.8755428986996181,5.2581717229312837,-0.54340233515255554,-0.71764547645779386
6.6474040176205396,-0.81138004609962944,4.8189295457303238,1.0194684621284518
4.5018255710746891,-0.18211208707022511,4.5964433214281115,0.049617633436027431
-0.38562007716333502,0.013841472050153536,-0.71642665181437348,2.1219734036496782
4.9150328113596737,4.5252506882834247,0.19702440343323496,0.028942787139144936
0.6626196905572147,0.62966926286477498,5.0669954159748132,5.4838977538199973
-1.8006148641040518,-0.75800742184428038,-0.054401770897894261,0.28641016781176082
1.2321562962405179,0.32533651540594716,5.9018826952951677,4.7442342591030728
-0.65627763137482309,-0.37459120514901006,5.2217702465468294,5.8416921319105608
4.2640618909139718,0.12051083893289881,5.7349497144132444,0.26864196248808359
4.7946336637146283,0.83233731081460605,4.4233999636077819,-0.56601378013938319
0.39511954691745471,0.14611072124086144,-1.0275525013369378,-0.49910530392346913
-0.51086706165605822,0.017085461978367134,-0.25707673963804423,-0.8186073732845619
-1.1255898179581862,1.0754796585574358,0.19687889631696043,-0.74272755426598647
4.7060860151307677,-0.20801999724285195,6.0434784453339994,0.096448804054553514
5.1969460416256164,4.7944836017412031,-0.042547501497265723,-0.66894965154613084
5.5190972310836726,4.888156059612303,0.11256752714621442,0.48674496677777501
5.6838300301094167,4.9830328690604935,-0.95646658270782792,-0.17153052195130106
-0.26037315793560539,0.38519259229045621,5.9961042929171073,5.3372011065015776
5.8777854781097858,4.5618836706265489,-1.4842011946102078,-0.43721419669952144
5.7186846265793436,0.43277146829096003,5.1018848393051242,-1.1704329814498193
4.7226280043323756,4.6683404479096424,-0.79701253177113907,0.22357663863538166
5.5477086540451559,-1.2187137287783203,5.8183305694839706,0.040064224862992513
5.6339403647995114,0.01727451056368912,5.2039314623847499,0.66161620335135796
-0.82893256566453954,-0.297179021481148,0.1174434186151383,-0.28312853233254887
5.9134530027974144,5.219738737196395,0.29084103615809265,-0.58316226792376724
-0.046811570433979398,0.86675202354588121,0.023839864599863998,-0.72929109395922331
0.30140778265876983,-0.5806351164879372,4.5580381317700063,5.5023618223354012
-0.052327877372861431,-1.0857719089145186,5.9424663637116186,4.4514002700254922
-0.41457203153688399,-0.92023587540779372,5.7942419149885502,4.8067905454747324
0.91585375746525988,-1.6375643066634402,0.52364669775978889,-0.10779943544540875
0.7884400093596573,-1.1742681138924047,0.2420410851415826,-0.74172431739910416
-0.64185246814725161,0.44975383907657351,5.7257025732324109,3.3882047805994384
-0.0095423190061426754,0.44387629570059839,-0.11604811175582758,-0.22687644466592813
0.32335843043898138,-0.33371412182799753,3.8552668865256132,5.1393001376299079
-1.0708299758206226,-0.34894134018048567,-0.29912915476482543,-0.30140218426583093
-0.27006320869072342,-0.19726554772952828,4.426347962783205,5.2329767402555065
0.28709788458370089,0.57344527316366667,0.1876862413027339,0.014182604928731735
-0.20785714364858873,0.31583879392745712,4.1739043945948326,5.289121866254062
3.7734280530314859,0.18825721553748773,5.2773651569454634,-0.93314472897790812
4.1098244036676261,4.735394380573581,0.27371502970449796,-0.16040468605643507
4.4462261166549304,-0.27661267004199641,5.6726274420642655,0.28939522302233334
5.1045467184003552,-0.85870204272090178,5.7430191810231301,0.08845314625864599
3.9096060890214881,3.127669182499182,-0.48388129331935881,0.78606170276463039
5.3000244074737557,5.065047792097336,1.0334447060276553,0.39850115625426213
5.6381278121473928,-1.0144463035589457,5.1394740151537768,0.36899631269227967
4.660878403657458,-0.40083156140045434,4.5581209254737249,0.47658518882623813
0.56645579936333135,-0.055472232792977534,-0.85055735754113593,0.11247570850585295
5.5838593618105987,5.2522712367917173,1.2535103779160663,-0.30695997898192223
4.9897003579336054,0.19329148085039974,5.4737312040712975,0.5436452252839501
4.7840435894786566,4.6992799922642812,0.77887923450901975,0.1650292975880078
-0.11411057131651309,-0.37817560220838159,4.6507374091651945,6.0265024006367289
-1.1265318565616218,0.48147801759952441,0.50317403691582518,0.17294560263988748
0.33620971955255158,0.50006609348874576,3.9643117270794646,4.2889030229400253
0.20123084845952371,-0.56750459811642939,-0.49487827183006028,0.35043032855761969
4.9081863334612121,4.4357207571401469,-0.24622962413756758,-1.2888790173976805
3.368907525628094,4.9461870040017182,-2.072014015414549,-0.33909852216810443
5.1753306719544572,5.9312182010387478,-0.66206911267688306,0.29122141717151934
0.33919332473310937,0.063460779108861984,0.36905542371751826,-0.063018365410393726
4.4754686214990063,-0.39979942927122714,4.1465088109585722,1.3204297740338988
0.60542032080432084,-0.67404328838635175,-0.24638867727170405,0.078745917620870506
0.3462330655950846,0.11972318700416548,4.9033766077222047,5.2264054221682112
4.2872015527794023,0.15050483406388052,4.4717444161275868,-0.27673430621203737
-0.57515648225003013,-1.2270087560951726,-0.025819142025826629,-0.48314047919059533
4.8675526742747142,5.4286072834343608,0.20338568036779961,0.49409415745790897
4.4056974056551432,0.1569818269778617,4.4934990021484573,0.2589806982382325
-0.62763313299343793,0.55153944957493273,-0.44625136335019155,0.028216145410947822
5.8157887487931088,-0.066651074909788152,5.2477725147445611,-0.26051027647228453
-0.69355439776923433,-0.35476842214695348,4.1643832662457267,5.3299715854939151
0.15650589467782228,0.073075600672792382,0.99188299720663686,0.52459998092053528
4.0650581149666012,-0.6012274087797369,5.9134613697825991,0.0067112981541722506
4.9957157274121942,0.70748484210242635,5.1714846794361442,-0.047737421473432531
5.3406333365219885,-0.79483659019682895,5.0119589785556009,0.18949540955477953
5.6666265121555641,5.1469921860902215,-0.87176164582034388,-0.14957906661818801
-0.671606838109985,0.23601164494657004,3.6048981968168752,4.3819419051171975
-0.44720141359339705,-0.21647953633928049,6.0895852115161571,5.7724648193033108
0.53741116141500589,0.18092094702180953,3.8917747654907111,5.2854080707039532
5.3541466564067282,4.5321740321194008,1.212264576910087,0.34288372777937587
-0.17307736770418328,0.98810126612065174,0.22509260221856731,-0.41068367133491152
0.028898079844122588,0.73228046374313072,-0.49445337181968246,-0.017489014145308204
-0.29335563347454202,-0.31994793155473605,0.062543604570776942,-0.1303027855448215
0.42779195096223488,0.75779357584897833,4.1238948517449838,4.5242157630295914
0.20915469268478276,0.10714570274053042,-0.061508344925933461,-0.44240592551413127
-0.056136871940758074,-1.4994598932862824,0.49692335944506905,-1.0317126334621958
-0.50723098757811436,0.43538908754662203,4.8954528089749045,4.9772782724472773
0.16656373983369369,0.22229846262944686,0.45240754302987785,-0.33638796889198175
4.826659220073914,4.3155035737407719,-0.26478210654833012,-0.92203003769878467
-1.1107960485760788,-0.13802229465490914,5.2544241186768765,5.1950635604037343
-0.57328115999585494,0.78501384464230795,5.2404901957941989,3.9674184453803463
-1.0122815096179907,-0.04533326130090172,5.1908741243619634,4.7455784438992881
0.55995162830883638,0.44305803975392716,-1.1757483335501979,-0.87931948472475308
5.9083705253046794,5.4008255736597093,0.58844866826557796,0.17872147314140718
6.4125711569874735,4.3814976924134337,0.057668455279395119,0.50623938498125354
1.2819701264277885,0.21462265804063246,0.72882429599440868,0.22011409922680436
4.5484557249945343,5.2962654516032019,0.09240509783741814,1.1884676928080247
4.2482385624500925,0.26777529289244495,5.7223594738520136,-1.1293429197020888
-0.37489685089070063,-0.85066129821251113,0.31750603722285758,-0.11605477732275263
0.76323868146517138,-0.20828151882965346,1.3033173411839913,0.6799621737428575
4.4037101741362745,-1.3831757881808247,5.4541598096921247,0.31715995816492742
-0.42506309310427159,0.35574960786493398,0.34305837734519939,-0.2957975945588901
4.5519317402593282,0.22950992626739197,5.3840897221927628,0.045065356235258092
4.8336138739748487,0.63596526053561775,5.5197112736755027,0.71753836977767727
5.3959380205743157,0.011181743382404524,5.4045970631206082,-0.30545417300154792
-0.90728332822481972,-0.058783177520213024,4.9519851156371537,4.5089853760808971
-0.012967013734739578,-0.14069174771710705,0.70468183052418809,0.13142082106053288
3.9472579735951658,4.3828138982686635,-0.27131697769522661,0.95750224209257651
0.62127975063752761,-0.18599705892777829,5.9213481187613635,3.4631037143113135
0.5174385651928527,-0.65644978534276099,5.8455994987623292,5.5017692046789373
5.1593268602110287,6.5331487196211171,0.33007753482010638,0.40997141363550493
4.8612038136417093,-0.037448809797365423,5.7316752235022213,-0.746862521723196
5.6146146608751222,4.6244029905278081,0.36716039268921202,1.175424287441736
5.3704220255443555,5.0242425896908633,-0.34433861162414686,-0.064644025607419303
-0.70261849004999222,1.1802533916470881,0.016966219962216603,-0.3144326153698096
1.5115137403249868,0.51419727903456425,0.46871347396781932,0.29274799798030482
4.6201461127413239,1.8772765417579105,3.6733527065389309,1.2369757747397208
4.3858818877050734,4.3133320485701825,-0.79261751156722848,0.53302669296322347
5.2614163644241243,0.20849969395677889,4.5622627412118959,-0.65181382039833291
5.160377925515979,4.8021034903404383,0.91536780959970598,-1.031486397627366
0.090920866556046115,0.13800524169877557,-0.61685563066000149,0.043433484629987341
4.1425351403343003,0.31543445795184377,4.6032012881806539,0.24563436602064448
0.055346422842959424,0.40374434140861953,4.2692796473814623,4.3715042499667813
0.23240991164824237,-0.32403517752358862,-1.1976904681161409,-0.3324743113476642
6.3462415537965562,-0.38588610484041924,5.7438615176192069,-0.43299499042417022
4.5311202742944294,4.8068014580445784,0.29890571250119174,-0.4132166769321467
0.4439806022897726,0.093487512822414034,5.2622329204895451,4.7136337921422413
4.4849469188841136,-0.13062542296937696,5.1134800019053044,1.1556689060129588
5.1812111578190292,6.8080699417889221,0.069158505095433045,-0.47908631449583899
4.4233428669063546,5.5229609665829864,0.42412480940790265,0.81346162979808023
-1.1985654216243209,-0.6365118738027794,4.4014779755381594,5.117067635615423
-1.3841411204246845,-1.2186238959855424,4.1679774861266283,4.6815777232754066
0.52033893534853171,1.0147660416460291,5.0534748662088074,5.1642783519279254
0.045667961944140613,-0.30205577313842102,5.0027233284794397,5.9102443363788586
5.2311348803304059,5.9801367068479285,-0.35097778637584381,0.67984904512046451
-1.2361390749115102,-0.30104574306932236,0.12118657488396775,-0.12678472065179633
4.912787352770569,-0.35726475071358882,5.0809210299476533,-0.20708695889418047
0.058787650250516785,0.045623304882548087,4.0406955992596627,4.9961061046155475
5.9907037210623315,5.0252011422567078,0.3299953188949139,-0.34674312385970707
-0.41851895147736673,-0.88049519582591174,-0.15564811834994033,-0.24023924814084829
0.4802119339997985,0.11454483224064578,4.3591689708380352,5.2684568435427881
4.982824376873416,5.2779955004106691,-0.11069237444630017,0.11717033668039661
5.5579616662946556,5.3190611305394127,-0.34120980417856778,0.46984235043193312
5.099299764025365,5.0745816533578534,0.15551123059605221,0.44038206736322022
5.0935304979542293,-0.64532557661292445,4.9567369278237745,-0.14719787447736202
-0.099051732608785067,0.58128267622900054,0.027107920196682091,-0.80469645714253724
5.0527850831557117,4.6856394453957604,-0.30715856430179789,0.32428610418541043
0.051511320147306867,-0.76666230790619971,0.15655833060248589,-0.37196285820665159
4.8970614997698299,-0.50819935406273398,5.2719665506977362,-0.26122486906218328
4.9117542721922272,4.4967796465480303,-0.38677454108978776,-0.26695545080404037
0.51004696693614027,0.44203686130493852,3.6121993450382472,5.3364088691743152
4.8883882623295367,1.3776667983712649,4.9105822235923489,0.56771223020869621
4.4987350794239163,5.2947114869652108,0.35014229656889323,1.4902270147543566
4.9432851406916001,4.9904202933127486,1.4381519641374718,-0.68123678758052153
4.2391170564077285,5.2617939881653495,0.56351212362847336,0.014129573956305956
1.0312339448743102,-0.50618731935493977,-1.1783983914396827,-0.26168353863070493
1.4981041651240214,-0.30016934184882216,5.9008273730178065,5.4815636816707318
4.9848762193374325,5.2099297294808524,1.4050272072444865,0.073149754412807549
5.0042195480020197,4.630069785621032,0.90438381238655641,-0.4440234846435247
4.4109709399565453,4.6941075508738379,0.28761419265002114,-0.17006831166149955
0.18434069623740734,-0.61433616081255626,4.3574379851905656,5.2915702701581848
0.58775446484855598,0.45377339334425981,4.6169111507395044,4.9714227133918767
5.4684266201232026,5.5407044105291572,-0.16910922894300523,-0.23434242224951116
4.9954061196164918,0.61777820090322189,5.5706956728177488,1.1499689911439068
0.75514049779908599,0.39549364216558791,-0.45410981886257584,0.87386261794339248
1.0601008269769931,0.67639257297049205,4.6572988141344416,5.5208393724656188
4.8130717241993999,1.3629822908524081,4.4502239557194327,0.26725626971806243
0.25618434003344137,-0.084138081371836551,-0.32242699665102692,0.083154164063854757
0.69274513680517213,-0.16089816557274819,-0.65615181174362125,-0.15681711706043361
4.8277027311249636,4.6208664003936022,1.1674242333257081,0.50564441854035669
0.079661293275930661,1.2740799916966306,4.8279501192499517,4.8832407101849595
-0.66374099991970081,0.21009097343023875,5.0316469786563713,4.0490160570638247
4.4718518841032742,-0.7501126028869336,4.8286780592905947,0.15365778767595184
-1.4331800536309631,0.14219937300422927,1.0565191402160505,-0.18806984272693947
-0.41402962994370607,-0.19042821362112494,5.7139940291564946,4.4745269620207884
-0.31671404880042392,0.11247875626453542,-0.45891146726372539,-0.72063308022587369
5.6397864961263799,-0.39223128887748887,6.078597390102253,0.65505312900984103
4.3432674713344319,-0.074640454393493677,4.8101163767869606,0.17949792538965625
-0.05103596936343683,0.59409234097389496,0.96390954759743486,-1.2365932693807156
4.7504106497120757,-0.84145160878035674,4.8385089372761705,0.027256148021063291
4.7699063482075985,4.1817473527436837,-0.37576968216751105,0.45104382398264359
0.083087057695194658,-0.10567320413285178,5.0302791721821709,4.1161177958901778
0.90150570589157719,-0.72105931758797903,-0.52082951498759311,-0.48566261603617839
4.3064453650404344,-0.018741227960709844,5.3710532059571952,-0.55339139209441512
0.40595161158162224,1.3500980018463198,4.8643858811554477,4.6107964417205292
4.5837931152502538,-0.25007596198896093,4.935109415011353,-0.29439260083814134
-0.67768998688812687,-0.30365886371881429,-0.12982394222398863,0.62435506504381755
0.50839699079270995,-1.5732461051610587,6.0728865154815921,5.8967267381276436
4.2294077986257959,5.2414408901548022,0.79444746947923772,0.35770605100742064
-0.57072196996609015,-0.95273772028479142,5.0377187436762556,6.5000018006112059
5.6069092962116862,-0.038231588874022678,5.5994323651059155,-0.09864245469310505
4.9358050323983615,5.1757359878362958,0.39244531039836111,0.41048315112169559
0.94840613372407356,-1.1631042143403654,0.36030986633019918,0.16258294391507985
1.6253072188631759,1.0970377342156903,-1.2719915934552761,0.42494328600168962
0.11928028751879979,-0.62672118193438098,5.8790008462370746,5.3729985132401179
0.45634178995189045,0.52371290665932801,4.7824426605770798,5.2289305653447204
5.0680011130009675,4.5465843673459929,0.559535523552951,0.74829968080463349
4.6622769044943961,4.1448751768857264,1.0975388720017545,0.13247936427588927
-0.43078845903766905,-0.55686246278222939,-0.33181309283972144,0.099452104317187789
5.6458074123355653,4.9924877217915142,-0.91692651549996285,-0.44442192111267886
5.4375132211583086,4.8531244756518044,1.0544578061370735,-0.66297285031555253
5.2832051121025314,5.1087795221723216,0.52433476923071032,-1.0751128772719556
0.53337873241897638,0.56274180162730414,-0.70647088352866405,-0.26590573007495816
4.3198610782816846,-0.69150292910849276,4.7115366841729847,-0.1678404304666653
4.3414380003142501,4.0329912772137924,-0.52694104508190098,0.99417761807763527
0.09300971231501938,-0.29021135090475525,4.7466961752866705,4.9612054745121981
5.3244247849142781,4.0470506303319098,0.62455198694435254,0.79261597484013468
5.6904843399892791,-0.17089751315268942,5.9365554624977666,0.61087157312850804
5.8862299335998358,0.21166754534418086,5.439604406797498,0.15899946881104468
0.10931274632525667,-0.45517933193197591,3.7989541357194909,5.1426646081257266
-0.66064941442521941,-0.43645895358772308,-0.56373813361580061,0.52666803008443819
4.2784836420445789,3.6993887985747653,-0.025544350965159706,-0.4616818874400016
-0.58002520589750961,-0.003455068211935712,4.569177683568852,4.9368783197620889
5.8366947562597753,-0.28713542901634703,4.2812843198977273,0.47521097619800556
0.24261616242771561,0.39306923630394841,0.25475736776075164,-0.373984224272145
0.89418951731643659,0.10292071975829421,0.19908300124968661,0.19348733252565192
4.5915708283561782,5.9107483917764778,0.26361504775525441,0.65575503915986821
-0.031368228041811705,-1.2785498618655695,0.54310194210185936,0.37987380905927154
0.38209417969928011,0.50357751302423248,5.9153530051282059,5.1978591779007326
0.21412995517231792,-0.26908519017832594,4.491825269607947,5.3059886228264928
4.2946303697697932,4.3074617257839867,0.17578354318362802,0.63939517878462593
4.1083683058365104,4.6439734713891712,0.80974798502276812,-0.11680295510689141
3.5327765700965177,-0.12315600900035056,4.8781721624316239,0.29178391895730615
5.390119590102902,4.5430563407947435,-0.29361774088853337,-1.7872164512570694
0.35847530735751121,0.23583971906915385,5.083027864928602,5.6142652012656979
4.9964506792007741,-1.0871841189548657,4.2047352601209624,0.31759732036199245
6.2209282745301007,0.011328472772146572,4.4215144488213767,0.93887494368399027
5.1657733879283327,5.1858296420573113,-0.022068227450865143,0.27613925662308697
-0.29787972561379505,1.283254070018653,0.084129717940502946,-0.14681134212710631
0.70212973225168762,0.51905363531982451,-0.15522471103753702,-1.2923814755345224
0.60249029979186697,-0.95663443935549575,0.26807395476228651,-1.3296118673813961
-0.4239838168276569,-0.78191319368865775,4.4975294783103896,5.5671537929302284
5.0411385505613469,4.8612088715774604,0.24009296229105895,0.28761241997719156
5.5324557500317679,5.2236679811505322,-0.84770445470267453,0.67296422653109211
0.57064826910684197,0.51774135148186429,5.0834006218795151,6.2061406657991256
-0.079785609208910827,0.50485498879243584,-0.35101127059338522,0.37540338176624605
-0.7713505554397545,-0.12523427171488738,0.083685710206774511,-0.50008203002945228
5.9966989137290456,1.1202899478233235,5.2126036233403701,-0.66198976495233997
5.0819459335827277,4.471631782381464,-0.62932232028700719,0.044296459415136942
-0.27861829681538358,0.022119283146466332,0.1757649933692231,-0.59975805566719687
-0.18385428343110122,-0.085865065366710513,0.34559377054075952,-0.11042413266292965
4.7385126196818632,4.3969816826118775,0.28934005654041622,0.38772918220226932
3.9753063204638535,-0.1597607839555524,6.0799140643949983,0.44893927108280557
4.8972264675354573,0.62550671299677674,5.7383784463177108,0.62291924034104318
0.59328945107086206,0.54124494372100351,5.2013008019853313,5.354577978695402
1.3713852319412747,-0.77618159056571701,5.5685953724416954,4.96737546163296
-0.32156821121473145,0.15173687458986954,1.2165939163033543,0.84904353609515082
-0.1134532504623188,0.26959893588299094,-0.16748557919112789,0.15566696962396112
0.39435050458717397,0.76486352855931095,4.2670413678089592,4.7040601767194898
4.8997234291598613,-0.43699740918809654,4.6483320464490605,0.51269391947086551
4.6779397999546379,5.2248568218007758,-0.3835453345784538,0.044154491554928101
4.7999365764983413,0.013229235524791896,6.207528946597753,-1.1921084225354863
5.1337424889577159,4.129608095564155,0.66186513358422439,0.56209643079209237
-1.3450213005788378,-0.15843869348243292,0.050997350368989634,0.11562288084664205
4.614324147759298,4.9648671724011448,-0.5779739725618942,1.1697991167407173
0.077704067585779038,0.19672300513000629,-0.0066016784103499759,-0.72393606680173006
0.30041035949351841,1.2736560795707403,5.6146433237267255,5.4567439432371696
-0.58841272067874317,0.79387266601850626,4.3444942772814779,5.1201870383206813
4.640947522040709,0.52278991565430377,3.7854310017924746,-0.95764185426706294
3.9878091668983626,-0.29303837330873722,5.5216531736714645,0.22769461306563293
5.2777913017113454,4.8874399508873347,-0.86620486075104086,-0.11871824563220076
0.37979074518306244,-0.035280307897656633,0.74337779178355046,-0.41153369460429318
4.9555279934179497,0.24094790493488924,5.4654585922901271,0.25009219770564295
0.016776939760843976,-0.64908173324181739,4.0353952097411225,3.972923793877543
3.4927403064295266,5.2768014548098696,-0.057387381330908836,-0.40862365999506978
5.8480904124804889,-0.62452183052951793,4.2211508269393816,-0.27651075063500996
-0.18193172224393309,1.3747412258155776,3.8850983098308345,4.8579382677718312
4.6404133196835788,4.8742126170924607,-0.43004442133253146,0.63165493167994313
0.011797314874793075,-0.2681336773669955,-0.33557838100759785,-0.024762205226873474
0.3615793828292449,0.033325603214367082,5.7260382133959924,4.7537444657111108
0.94421101003218499,-0.63687899114883373,4.9982921817376296,4.9023323695905781
5.2331347986018519,4.9873345269095797,0.12132420841864622,-0.11983088569409417
4.3250622404222545,-0.51370919372248103,4.5258186448461002,-0.2515005903412636
-0.047572722326441268,-0.54543080016596313,4.9079271596002254,4.3528395492857728
0.064525503407819221,-0.059283075927833988,4.8512755424745659,4.5242530478006282
0.098546872511793074,0.160737799032486,4.8735504316445892,4.3946288697500364
5.590666487231192,-0.038240097298682434,5.2076742908825864,-0.49598591819989807
-0.052358828053948002,-0.72980544335829389,5.1330244725422514,5.3713789545913366
4.5309290284374377,4.5389770637493525,-1.8827314507021629,0.028357101553197227
5.8355674774136865,4.6583902699993249,0.07851593925993415,-0.36151623430696961
1.6471635262465869,0.51317099372001795,5.1158995117357726,4.939697228953337
4.8197809097468598,4.81129233059331,-0.2731679198093091,0.45875107021329509
5.5640424220634017,0.14284835617073005,5.7132040588072375,1.1273236780174678
5.6494477155571552,-0.32058631165494428,4.5626148454929307,0.086759595367287182
0.55205765553641384,0.65412230992230014,0.16825730527322327,-0.24340559536029499
4.7562708687473103,4.3633268897629192,0.50363125850314971,0.34817172055031093
0.39870140191633419,0.59991235916650587,0.13446658831250846,0.3636919086083783
5.7362306270935495,5.1824232953904845,-0.11453407929666515,0.12357036555181064
1.7933415219786983,-0.1852941736657514,-0.71158696165830948,-0.010011708869971294
5.239801439459602,5.1391750168963588,0.64439553984250819,-0.97370173631408408
0.042927690765480357,0.28105940706567872,4.548613453815368,4.7324455920917901
4.4307931327294057,5.0179054394583957,0.58652107556655664,0.61773215834923489
5.0080397572246014,-0.65549965708856595,5.4497871504914928,-0.22112247810851265
0.42360828876020001,-0.5557200339377758,0.41998302356994943,0.092929753608630761
0.39941658982675016,-0.35207913071976732,-0.15440306034717713,0.5671055652892093
-0.54370987500556855,-0.73546702663658914,3.629114496052706,5.4156053080372475
0.0028618290287625923,0.029033690403308349,0.38246647155293428,0.56019647343548529
4.3502386923224083,4.2819186863369403,-0.27374689813358405,0.17182777805484326
0.24385122924699265,-0.53680858002312459,-0.62826006423648417,-0.15774211217266923
0.054496211427134643,-0.74348409006055338,-0.6832482184649894,-0.094519554091326216
0.72910435474934621,0.23294147592110517,-0.332588450460097,-0.6672600776929053
0.09038334693749385,-0.33896651072205519,4.7687455434267703,4.4079733456093786
0.60403309874167754,-0.019442017088768655,0.59061535943048526,0.24357140058126495
5.354245392194132,4.9792158554988468,0.1789313110312192,0.69881163192042806
4.4905430426243997,-0.035669322852486376,4.6835131673958212,0.12303648177556831
4.1052183222330356,-0.49653421922487295,5.0842605898791611,-0.3291227530718277
-0.024411749164102551,0.72052552878651788,5.5630157725137632,5.4905396117425651
6.3171888997292998,4.4214415096764208,-0.38131084503879303,0.60356983813978471
0.45794291526938791,-0.25897911780784411,5.770564694668578,5.2881822514528816
5.3140662466399746,4.4398262937629474,-0.35078497390676899,-0.40485361024893701
5.3838516187501089,4.2895232207774328,-0.14019211072010726,0.40147790070699746
0.77376571104679071,-0.28577023194493528,0.10103509001731012,1.3070808286570281
1.0129874351061274,0.023812316271759594,0.58359609543073021,-0.28578559851141316
0.57857042764195266,-1.3928338263449196,1.0327063432035204,0.30013165239908607
0.77510817795644127,-0.23546122237177003,0.50723640051411001,-0.13417167456047918
5.6209968459377597,5.8715910249105718,-1.1230566558568673,-0.19010851642797494
0.84246189234842428,-0.1276970021266095,4.453796152661293,4.2586523434380767
5.6943243337033973,4.2214586387407573,-0.073008699607706604,-1.176428750763443
4.0404001043938003,0.15733968568576576,4.6242835085189107,0.62600323492551546
-0.45097629953297119,-1.162619838514819,4.712138494811164,4.5268861291127296
-0.14348881862469662,-0.33228779265882619,5.0396907096533603,4.5677414764584086
4.9877146279473585,-0.38732524220524139,4.463341331485589,-0.53667051166762014
1.1780239791449247,-1.1100140320968486,4.6682484231435124,5.124443701370283
5.2339073474022877,5.0965887933529679,0.38469730939114799,-1.0413128842746002
5.6399496513167655,0.27126413715222086,3.0608431570483914,-0.55991584043094222
-0.16272788072829505,0.61033504184354048,0.081425950516649664,-0.8925997665891191
0.11241397877236395,0.93599774367226829,-0.5365808844908625,1.2514345638149289
-0.10741472845560007,-0.31624980026866573,0.19452305488921795,-1.0603177824467069
-0.093951885497658316,0.46905135656282887,-0.4405065579018923,-0.57486870341593432
1.0736657847517372,-0.33318743298179071,4.8204157697852716,5.0474470495713595
0.18510238637650647,0.18536196584773892,0.40600903419348683,-0.47810107317499367
0.21911820557905606,-0.50610061780581861,5.5721314330322045,4.1207795989695146
4.9748470562134193,4.9543868140406611,0.28524213352851002,0.6229939414208715
4.6406104819163945,0.74312230087875375,4.1120392519064399,-0.092147021926502107
